0,20,0,4,-3.14159265358979,3.14159265358979,-0.22,0.22,-0.22,0.22,0.22,-0.785398163397448,0.785398163397448,-0.11,0.11,-0.11,0.11,-0.392699081698724,0.392699081698724,20,1,0,0.15,0,0,133.977272727273,1.65759379743011,5,0,20,1,3.74070740428144,-1.47634798795896,0,-0.15613260212904,0.202162236342148,-0.120460752044601,0.212863120689782,0.24609456866388,-0.181438299057261,0.18637131712417,-0.0860810835836972,0.0816399029161422,-0.0799994401421404,0.0897113030902756,-0.066008046435315,0.0944192583156817,20,1,0,0.15,0,0,133.977272606032,2.9393424339393,6.49274474936924,1,88.701177,2,-0.6,0.5
0,20,0,4,-3.14159265358979,3.14159265358979,-0.22,0.22,-0.22,0.22,0.22,-0.785398163397448,0.785398163397448,-0.11,0.11,-0.11,0.11,-0.392699081698724,0.392699081698724,20,1,0,0.15,0,0,133.111888111888,1.65759379743011,5,0,20,1,3.76471199077081,-1.44384229487896,0,-0.170178222908888,0.201202588902629,-0.159166923300974,0.206163228835707,0.264093334075844,-0.179017721510738,0.174956030130418,-0.0824364920677482,0.088195831306099,-0.0970651697987689,0.0799977779643833,-0.0677000534958289,0.101208070526457,20,1,0,0.15,0,0,133.111887401041,2.96439312634943,6.38620126459758,1,114.8019208,0,-0.65,0.5
0,20,0,4,-3.14159265358979,3.14159265358979,-0.22,0.22,-0.22,0.22,0.22,-0.785398163397448,0.785398163397448,-0.11,0.11,-0.11,0.11,-0.392699081698724,0.392699081698724,20,1,0,0.15,0,0,132.37012987013,1.65759379743011,5,0,20,1,3.75519803279661,-1.43465363995102,0.00565527642977346,-0.176552501544141,0.200589079072814,-0.147570928668895,0.197475983781223,0.258531191535997,-0.188395370234549,0.168899387485248,-0.080398710962315,0.079999981746248,-0.0955847682549818,0.0799998605057818,-0.07395622340514,0.108523081059491,20,1,0,0.15,0,0,132.37012984078,2.95008580709051,6.28022727133478,1,151.5362755,2,-0.7,0.5
0,20,0,4,-3.14159265358979,3.14159265358979,-0.22,0.22,-0.22,0.22,0.22,-0.785398163397448,0.785398163397448,-0.11,0.11,-0.11,0.11,-0.392699081698724,0.392699081698724,20,1,0,0.15,0,0,131.727272727273,1.65759379743011,5,0,20,1,3.74722068736328,-1.42098581723743,0,-0.188537994522261,0.202341024041545,-0.137341814183724,0.187198701807657,0.248600754222885,-0.196876694748763,0.170410582175869,-0.0943761725533032,0.0830826461215323,-0.0933991142210461,0.0799989862881165,-0.0804613714699919,0.115566688741024,20,1,0,0.15,0,0,131.727272576733,2.93304879321886,6.17471590203435,1,169.3946769,0,-0.75,0.5
0,20,0,4,-3.14159265358979,3.14159265358979,-0.22,0.22,-0.22,0.22,0.22,-0.785398163397448,0.785398163397448,-0.11,0.11,-0.11,0.11,-0.392699081698724,0.392699081698724,20,1,0,0.15,0,0,131.164772727273,1.65759379743011,5,0,20,1,3.74045675588597,-1.41417890626798,0,-0.173767072854816,0.198064047577855,-0.130797621177832,0.173253934620448,0.248114953000338,-0.206222431848131,0.168473656775314,-0.0999110573900856,0.0956698349473147,-0.0903284696894228,0.0799991276920193,-0.0844279953377809,0.120071001883123,20,1,0,0.15,0,0,131.16477269617,2.9209910984104,6.17245989158447,1,137.1358933,2,-0.8,0.5
0,20,0,4,-3.14159265358979,3.14159265358979,-0.22,0.22,-0.22,0.22,0.22,-0.785398163397448,0.785398163397448,-0.11,0.11,-0.11,0.11,-0.392699081698724,0.392699081698724,20,1,0,0.15,0,0,130.668449197861,1.65759379743011,5,0,20,1,3.24942169005883,-1.81806380916538,0.616766762790438,0.102741175305002,0.167151593347451,-0.125055962104953,0.161569781890265,0.210978183874542,-0.363127860190839,0.296626469054597,-0.0390539220322037,0.0311901721747715,-0.0709490279214638,0.0543449939039186,-0.177733843898196,0.17120701623411,20,1,0,0.15,0,0,130.616650231314,2.446198231284,4.83160664513054,1,12.1328783,2,-0.85,0.5
0,20,0,4,-3.14159265358979,3.14159265358979,-0.22,0.22,-0.22,0.22,0.22,-0.785398163397448,0.785398163397448,-0.11,0.11,-0.11,0.11,-0.392699081698724,0.392699081698724,20,1,0,0.15,0,0,130.227272727273,1.65759379743011,5,0,20,1,3.70461639388476,-1.3996660225861,0.013114301849429,-0.14507118714277,0.175144255512973,-0.105070801509452,0.184361206950203,0.229591314148805,-0.226556624043707,0.157457914851055,-0.08877075436969,0.0890966296713709,-0.0953874418667514,0.0799998373598688,-0.0889561167892896,0.132728114058884,20,1,0,0.15,0,0,130.227272537778,2.90459018497934,5.96303826883508,1,154.420473,2,-0.9,0.5
0,20,0,4,-3.14159265358979,3.14159265358979,-0.22,0.22,-0.22,0.22,0.22,-0.785398163397448,0.785398163397448,-0.11,0.11,-0.11,0.11,-0.392699081698724,0.392699081698724,20,1,0,0.15,0,0,129.832535885167,1.65759379743011,5,0,20,1,3.71721968732523,-1.39035030967035,0,-0.140181826309161,0.183316923888576,-0.110363686651775,0.190698112535206,0.236605052967551,-0.239160144431344,0.157443598907126,-0.0898402622208821,0.086575342371008,-0.0842544330749972,0.0799999685772912,-0.10275531441865,0.140744631635711,20,1,0,0.15,0,0,129.83253584389,2.8783696479621,6.06426136170837,1,211.4845443,2,-0.95,0.5
0,20,0,4,-3.14159265358979,3.14159265358979,-0.22,0.22,-0.22,0.22,0.22,-0.785398163397448,0.785398163397448,-0.11,0.11,-0.11,0.11,-0.392699081698724,0.392699081698724,20,1,0,0.15,0,0,129.477272727273,1.65759379743011,5,0,20,1,3.72253892613248,-1.70988434563554,0.440795436149767,-0.167295448615368,0.185381613707321,-0.108108071268774,0.179206202438998,0.23323311550554,-0.345489800954269,0.438307436882966,-0.0821938680805503,0.083137859010497,-0.0999100734963045,0.096969347803673,-0.151743052630587,0.261169804969616,20,1,0,0.15,0,0,129.47727174268,2.87158742303871,6.06282462922071,1,155.7760922,2,-1,0.5
0,20,0,4,-3.14159265358979,3.14159265358979,-0.22,0.22,-0.22,0.22,0.22,-0.785398163397448,0.785398163397448,-0.11,0.11,-0.11,0.11,-0.392699081698724,0.392699081698724,20,1,0,0.15,0,0,129.155844155844,1.65759379743011,5,0,20,1,3.70042610560172,-1.87257793431903,0.0139473389143183,-0.165456144662775,0.179641156171831,-0.0946897953914124,0.177843655259742,0.232998267878239,-0.347562562461391,0.215172400318128,-0.0799999983398821,0.0897111679178815,-0.0999110518755978,0.0999110915153161,-0.106595544639523,0.204077244340267,20,1,0,0.15,0,0,129.155844113328,2.79999317739327,5.95878098977402,1,249.2853016,2,-1.05,0.5
0,20,0,4,-3.14159265358979,3.14159265358979,-0.22,0.22,-0.22,0.22,0.22,-0.785398163397448,0.785398163397448,-0.11,0.11,-0.11,0.11,-0.392699081698724,0.392699081698724,20,1,0,0.15,0,0,128.863636363636,1.65759379743011,5,0,20,1,3.70857058627974,-1.87396602734291,0.0307736064082648,-0.164277864963847,0.173278840082335,-0.100414596053044,0.187599444950152,0.233315220014248,-0.369381925293981,0.214567783078979,-0.0800000244489679,0.0870214144528744,-0.0913753842407214,0.0999110984772441,-0.125006465115121,0.209377526290588,20,1,0,0.15,0,0,128.863636319186,2.75856190342292,5.85489130232823,1,257.3184736,2,-1.1,0.5
0,20,0,4,-3.14159265358979,3.14159265358979,-0.22,0.22,-0.22,0.22,0.22,-0.785398163397448,0.785398163397448,-0.11,0.11,-0.11,0.11,-0.392699081698724,0.392699081698724,20,1,0,0.15,0,0,128.596837944664,1.65759379743011,5,0,20,1,3.66303311830566,-1.88505163701043,0.00088901683589771,-0.163198448596737,0.176898185711629,-0.093421411532808,0.190546107144397,0.232683376882126,-0.393058411288161,0.21866207865479,-0.0800012789554043,0.0866551696071662,-0.0809661458541254,0.0999105291309807,-0.144604223223562,0.217018099754873,20,1,0,0.15,0,0,128.596836744434,2.68970195998572,5.85383517263728,1,319.492361,0,-1.15,0.5
0,20,0,4,-3.14159265358979,3.14159265358979,-0.22,0.22,-0.22,0.22,0.22,-0.785398163397448,0.785398163397448,-0.11,0.11,-0.11,0.11,-0.392699081698724,0.392699081698724,20,1,0,0.15,0,0,128.352272727273,1.65759379743011,5,0,20,1,3.56554142355202,-1.89302226996887,0.000191476004523892,-0.157434497226257,0.185113388271361,-0.0849606506657911,0.189714650980193,0.227959734055658,-0.415470931762078,0.216944912875802,-0.0822583116876993,0.0803952300011831,-0.0801647619029104,0.0991160757402258,-0.164413553833491,0.222018501412483,20,1,0,0.15,0,0,128.352272716805,2.60492442325664,6.05822727223318,1,349.8733225,0,-1.2,0.5
0,20,0,4,-3.14159265358979,3.14159265358979,-0.22,0.22,-0.22,0.22,0.22,-0.785398163397448,0.785398163397448,-0.11,0.11,-0.11,0.11,-0.392699081698724,0.392699081698724,20,1,0,0.15,0,0,133.977272727273,1.65759379743011,5,0,20,1,3.69999998214751,-1.46278522662195,0.0168381315207784,-0.17059111610057,0.201894809608681,-0.0943488134514853,0.214684765533365,0.239046791067285,-0.187020384842904,0.181051403498976,-0.0886182325365142,0.0799999722704571,-0.0799996354440951,0.0874056722470305,-0.0712226380556453,0.0965495706290264,20,1,0,0.15,0,0,133.977272601143,2.61304898864182,6.49274474913232,1,106.8268722,2,-0.6,0.75
0,20,0,4,-3.14159265358979,3.14159265358979,-0.22,0.22,-0.22,0.22,0.22,-0.785398163397448,0.785398163397448,-0.11,0.11,-0.11,0.11,-0.392699081698724,0.392699081698724,20,1,0,0.15,0,0,133.111888111888,1.65759379743011,5,0,20,1,3.75776945026912,-1.4394550601321,0.0356162115145536,-0.188113379426812,0.202845773953882,-0.147886426489275,0.170871202864271,0.259958222183077,-0.186800654212089,0.175590890660657,-0.0851974342164894,0.0829771333929524,-0.0860609503230796,0.0799994764455985,-0.0752366737119983,0.10583963377054,20,1,0,0.15,0,0,133.111887964565,2.70678729796328,6.48920453827253,1,128.9807273,2,-0.65,0.75
0,20,0,4,-3.14159265358979,3.14159265358979,-0.22,0.22,-0.22,0.22,0.22,-0.785398163397448,0.785398163397448,-0.11,0.11,-0.11,0.11,-0.392699081698724,0.392699081698724,20,1,0,0.15,0,0,132.37012987013,1.65759379743011,5,0,20,1,3.75578237437664,-1.41041408482181,0.00837921802370959,-0.178262312864586,0.196621309121265,-0.14910193238186,0.1962452875434,0.261078250669688,-0.186517273037439,0.164001297739585,-0.0844377525061336,0.0851612615812641,-0.0969354427661616,0.0799998477973317,-0.0696692363295949,0.119845048417687,20,1,0,0.15,0,0,132.370129836242,2.6958869506787,6.48613636197584,1,127.2176968,2,-0.7,0.75
0,20,0,4,-3.14159265358979,3.14159265358979,-0.22,0.22,-0.22,0.22,0.22,-0.785398163397448,0.785398163397448,-0.11,0.11,-0.11,0.11,-0.392699081698724,0.392699081698724,20,1,0,0.15,0,0,131.727272727273,1.65759379743011,5,0,20,1,3.74804059989553,-1.39678742450061,0.000242875586763353,-0.187365413577607,0.197987229109517,-0.139615928662369,0.200235453416789,0.255371875756925,-0.199419036573105,0.165982774835352,-0.0855823873734535,0.0799999298966954,-0.095576553965882,0.0799989325523879,-0.0841848953414629,0.11519443004346,20,1,0,0.15,0,0,131.727272543831,2.68039664867686,6.27762783216696,1,157.0054201,0,-0.75,0.75
0,20,0,4,-3.14159265358979,3.14159265358979,-0.22,0.22,-0.22,0.22,0.22,-0.785398163397448,0.785398163397448,-0.11,0.11,-0.11,0.11,-0.392699081698724,0.392699081698724,20,1,0,0.15,0,0,131.164772727273,1.65759379743011,5,0,20,1,3.7417430031435,-1.37667649603322,0.0157198286948073,-0.19330500017327,0.201947166586048,-0.131698382235754,0.195073359602059,0.254262077496235,-0.2030585875245,0.156976749618317,-0.0969575834381753,0.0853077098093029,-0.0942178488092658,0.0799954790028206,-0.0860861766707359,0.124820758428457,20,1,0,0.15,0,0,131.164772543386,2.66398547256396,6.27533421580124,1,146.2600815,2,-0.8,0.75
0,20,0,4,-3.14159265358979,3.14159265358979,-0.22,0.22,-0.22,0.22,0.22,-0.785398163397448,0.785398163397448,-0.11,0.11,-0.11,0.11,-0.392699081698724,0.392699081698724,20,1,0,0.15,0,0,130.668449197861,1.65759379743011,5,0,20,1,3.73607222607546,-1.35665818031023,0.0327424862335843,-0.177650482915313,0.196368177388024,-0.126119540704196,0.181849812463136,0.238088681230928,-0.211901489138631,0.156061699016221,-0.0973425679024641,0.0956604299243662,-0.0912112982091803,0.0799992668572533,-0.0917548623894132,0.129974499546263,20,1,0,0.15,0,0,130.668449011772,2.65387423534358,6.27329544561145,1,135.7086537,2,-0.85,0.75
0,20,0,4,-3.14159265358979,3.14159265358979,-0.22,0.22,-0.22,0.22,0.22,-0.785398163397448,0.785398163397448,-0.11,0.11,-0.11,0.11,-0.392699081698724,0.392699081698724,20,1,0,0.15,0,0,130.227272727273,1.65759379743011,5,0,20,1,3.7074380990692,-1.36672189751233,0,-0.156660903048276,0.19192421569059,-0.104323186188216,0.184662047777063,0.241765961506475,-0.22748254080007,0.155721005983578,-0.0977789581348856,0.0930977923548309,-0.0799999751793735,0.0872893577447409,-0.0996551599768769,0.136829029346455,20,1,0,0.15,0,0,130.22727268765,2.65323140946877,6.16866028520448,1,182.6763494,2,-0.9,0.75
0,20,0,4,-3.14159265358979,3.14159265358979,-0.22,0.22,-0.22,0.22,0.22,-0.785398163397448,0.785398163397448,-0.11,0.11,-0.11,0.11,-0.392699081698724,0.392699081698724,20,1,0,0.15,0,0,129.832535885167,1.65759379743011,5,0,20,1,3.71721282432971,-1.36762466442681,0,-0.144446991767426,0.190329004423125,-0.11051148773084,0.18327506063545,0.231795830144747,-0.24043248768857,0.153320188883414,-0.0937714677368585,0.0883250275991194,-0.0842873523776137,0.0893012401183837,-0.106904079511575,0.143010489066299,20,1,0,0.15,0,0,129.832535656993,2.63731901340039,6.16704544370716,1,243.5252529,0,-0.95,0.75
0,20,0,4,-3.14159265358979,3.14159265358979,-0.22,0.22,-0.22,0.22,0.22,-0.785398163397448,0.785398163397448,-0.11,0.11,-0.11,0.11,-0.392699081698724,0.392699081698724,20,1,0,0.15,0,0,129.477272727273,1.65759379743011,5,0,20,1,3.72785827501574,-1.85103211176601,0.0358015813510596,-0.169179594773679,0.187254593298152,-0.104568245424574,0.179210403709274,0.234012314350173,-0.333803114655408,0.205976254907586,-0.0816634911152419,0.0828971303494451,-0.0999107993489497,0.0969711500409639,-0.0964678558506111,0.196780692104533,20,1,0,0.15,0,0,129.477272493042,2.63718939227963,6.06282466435673,1,265.4234523,0,-1,0.75
0,20,0,4,-3.14159265358979,3.14159265358979,-0.22,0.22,-0.22,0.22,0.22,-0.785398163397448,0.785398163397448,-0.11,0.11,-0.11,0.11,-0.392699081698724,0.392699081698724,20,1,0,0.15,0,0,129.155844155844,1.65759379743011,5,0,20,1,3.68768867459547,-1.33802618070531,0,-0.14279096566448,0.181953097076061,-0.0829032484759166,0.179113818216944,0.225563793850217,-0.267903773215838,0.123689024669081,-0.0863953740034582,0.0915806122653312,-0.0861564729700942,0.0934702843062728,-0.140929409157896,0.175691911560939,20,1,0,0.15,0,0,129.151826148102,2.51590330976305,6.06133002263251,1,45.9056126,-2,-1.05,0.75
0,20,0,4,-3.14159265358979,3.14159265358979,-0.22,0.22,-0.22,0.22,0.22,-0.785398163397448,0.785398163397448,-0.11,0.11,-0.11,0.11,-0.392699081698724,0.392699081698724,20,1,0,0.15,0,0,128.863636363636,1.65759379743011,5,0,20,1,3.70377631787461,-1.88796050152384,3.44722538835287e-05,-0.157403318021355,0.186355901293962,-0.0889390373427281,0.183774401217851,0.228068392586106,-0.389286602669099,0.217730726405514,-0.082974690138646,0.0826068233697165,-0.0999110624648145,0.0986736809115595,-0.138445774640104,0.212939440109795,20,1,0,0.15,0,0,128.863636311346,2.55469629863159,6.06032608449734,1,318.232169,0,-1.1,0.75
0,20,0,4,-3.14159265358979,3.14159265358979,-0.22,0.22,-0.22,0.22,0.22,-0.785398163397448,0.785398163397448,-0.11,0.11,-0.11,0.11,-0.392699081698724,0.392699081698724,20,1,0,0.15,0,0,128.596837944664,1.65759379743011,5,0,20,1,3.70790675281238,-1.91138954599672,0.0349923259179809,-0.162271533440005,0.185540928651593,-0.0982958276866041,0.18970926083684,0.232348943900355,-0.415096226029996,0.21041503845619,-0.0804212326896004,0.0851151491913437,-0.0850660184177483,0.0980714587119097,-0.161026343708077,0.221019245557716,20,1,0,0.15,0,0,128.596837892618,2.51578187386828,5.95653408849834,1,333.5233378,2,-1.15,0.75
0,20,0,4,-3.14159265358979,3.14159265358979,-0.22,0.22,-0.22,0.22,0.22,-0.785398163397448,0.785398163397448,-0.11,0.11,-0.11,0.11,-0.392699081698724,0.392699081698724,20,1,0,0.15,0,0,128.352272727273,1.65759379743011,5,0,20,1,3.62421939310589,-1.94577906277111,0.0334144738804724,-0.161951133250893,0.190000538610225,-0.0898122870125468,0.190191036111416,0.23063691688779,-0.443821713769677,0.221466846166864,-0.0799999762294357,0.0872936221521786,-0.0803760084079597,0.0960610547758668,-0.185448695920911,0.22839223328806,20,1,0,0.15,0,0,128.352272672386,2.42357239919472,6.0582272701366,1,371.3030019,0,-1.2,0.75
0,20,0,4,-3.14159265358979,3.14159265358979,-0.22,0.22,-0.22,0.22,0.22,-0.785398163397448,0.785398163397448,-0.11,0.11,-0.11,0.11,-0.392699081698724,0.392699081698724,20,1,0,0.15,0,0,133.977272727273,1.65759379743011,5,0,20,1,3.71317881625615,-1.45156143596099,0.001117526067721,-0.172403440336096,0.201894762985032,-0.114645402192466,0.215314962603878,0.241541429462242,-0.193827013553482,0.18010550595195,-0.0938038932115592,0.0800527431753406,-0.0889199669910895,0.0866651259671657,-0.0746867803731593,0.098685470255222,20,1,0,0.15,0,0,133.977272061903,2.31647815658767,6.49274472299992,1,85.5995504,2,-0.6,1
0,20,0,4,-3.14159265358979,3.14159265358979,-0.22,0.22,-0.22,0.22,0.22,-0.785398163397448,0.785398163397448,-0.11,0.11,-0.11,0.11,-0.392699081698724,0.392699081698724,20,1,0,0.15,0,0,133.111888111888,1.65759379743011,5,0,20,1,3.70083742651381,-1.39191374670088,0.034133374415285,-0.176475015818447,0.198830671469951,-0.0892963410661315,0.211457588648772,0.243033922117564,-0.193586484492007,0.165180267003397,-0.0892935360679031,0.0810905753632286,-0.079999414512665,0.0871096488900534,-0.078329179032534,0.103028528523016,20,1,0,0.15,0,0,133.111887958316,2.35901665565955,6.48920453796791,1,89.2953945,2,-0.65,1
0,20,0,4,-3.14159265358979,3.14159265358979,-0.22,0.22,-0.22,0.22,0.22,-0.785398163397448,0.785398163397448,-0.11,0.11,-0.11,0.11,-0.392699081698724,0.392699081698724,20,1,0,0.15,0,0,132.37012987013,1.65759379743011,5,0,20,1,3.75564203794342,-1.3696875316229,0.0212695389468554,-0.190184545751746,0.199414380018355,-0.148708761858706,0.175596723117397,0.259056881670839,-0.202063246872638,0.162439254113827,-0.0880301348563173,0.0847176475189859,-0.0966112073615644,0.079999831393235,-0.0927007717049678,0.11683824240288,20,1,0,0.15,0,0,132.370129833429,2.44428113375211,6.486136361838,1,136.1780222,0,-0.7,1
0,20,0,4,-3.14159265358979,3.14159265358979,-0.22,0.22,-0.22,0.22,0.22,-0.785398163397448,0.785398163397448,-0.11,0.11,-0.11,0.11,-0.392699081698724,0.392699081698724,20,1,0,0.15,0,0,131.727272727273,1.65759379743011,5,0,20,1,3.74804057853333,-1.34507889294441,0.00141597033323425,-0.187223955861542,0.193934534866882,-0.139601194549981,0.181346354435608,0.256100488676042,-0.201806582331951,0.158215429174203,-0.0881288003932508,0.0819151048197974,-0.09557653595448,0.0799988041301182,-0.0895412855567455,0.122170896513766,20,1,0,0.15,0,0,131.727272527323,2.42535722892543,6.38053976304219,1,131.4797873,2,-0.75,1
0,20,0,4,-3.14159265358979,3.14159265358979,-0.22,0.22,-0.22,0.22,0.22,-0.785398163397448,0.785398163397448,-0.11,0.11,-0.11,0.11,-0.392699081698724,0.392699081698724,20,1,0,0.15,0,0,131.164772727273,1.65759379743011,5,0,20,1,3.64584982796422,-1.78933475367993,0.558180912937697,0.0658010790023971,0.166350150352227,-0.0912685277376665,0.16287481262143,0.211050254068533,-0.381904847722951,0.247511407297207,-0.0537054200977038,0.0449675986924007,-0.0580736560303688,0.0569302350023739,-0.181217682151149,0.216651167324949,20,1,0,0.15,0,0,131.106614725267,2.33816180741423,5.03860715414753,1,13.5587275,2,-0.8,1
0,20,0,4,-3.14159265358979,3.14159265358979,-0.22,0.22,-0.22,0.22,0.22,-0.785398163397448,0.785398163397448,-0.11,0.11,-0.11,0.11,-0.392699081698724,0.392699081698724,20,1,0,0.15,0,0,130.668449197861,1.65759379743011,5,0,20,1,3.73388589669973,-1.33014382706246,3.85952756366243e-05,-0.190167512123978,0.198211666670154,-0.121238840987894,0.178959081108698,0.244145762897356,-0.216766265112611,0.15784204230246,-0.0999109939678331,0.0907112466452192,-0.0852842618151565,0.0799998324375689,-0.0992746855399552,0.134836496561895,20,1,0,0.15,0,0,130.668448977732,2.40281875606658,6.27329544397723,1,181.1174431,0,-0.85,1
0,20,0,4,-3.14159265358979,3.14159265358979,-0.22,0.22,-0.22,0.22,0.22,-0.785398163397448,0.785398163397448,-0.11,0.11,-0.11,0.11,-0.392699081698724,0.392699081698724,20,1,0,0.15,0,0,130.227272727273,1.65759379743011,5,0,20,1,3.70574310767941,-1.33142330061598,0,-0.17007855415715,0.189125489614734,-0.102537792989685,0.192911440554113,0.257079312842382,-0.228129008811323,0.14905380580787,-0.0974742267794994,0.097046380323681,-0.0799998823336109,0.0872896209925529,-0.104094017139959,0.136128673323828,20,1,0,0.15,0,0,130.227272507155,2.40107778741022,6.27147128126561,1,121.1211838,2,-0.9,1
0,20,0,4,-3.14159265358979,3.14159265358979,-0.22,0.22,-0.22,0.22,0.22,-0.785398163397448,0.785398163397448,-0.11,0.11,-0.11,0.11,-0.392699081698724,0.392699081698724,20,1,0,0.15,0,0,129.832535885167,1.65759379743011,5,0,20,1,3.72061487101651,-1.90139354271507,0.00263074875205189,-0.167038441441456,0.187247074511936,-0.111304205207614,0.192522016089257,0.254823278761563,-0.368081608397393,0.21715602615697,-0.0999109412995851,0.0935996516505966,-0.0870431915652524,0.0883003301385,-0.1225225221169,0.20585294732059,20,1,0,0.15,0,0,129.832535644648,2.39383306199658,6.26982953383946,1,183.3997543,2,-0.95,1
0,20,0,4,-3.14159265358979,3.14159265358979,-0.22,0.22,-0.22,0.22,0.22,-0.785398163397448,0.785398163397448,-0.11,0.11,-0.11,0.11,-0.392699081698724,0.392699081698724,20,1,0,0.15,0,0,129.477272727273,1.65759379743011,5,0,20,1,3.72785830882325,-1.90637915220562,0.0400996258265904,-0.143670222214481,0.18067227315678,-0.10456823413305,0.192844149346129,0.23808860040003,-0.380812238567742,0.21392517180018,-0.0935191714847446,0.0907968043342404,-0.0999108868798653,0.0968980743988965,-0.131644123527025,0.209081795582862,20,1,0,0.15,0,0,129.477272481697,2.40004759514478,6.16558440389034,1,169.679581,2,-1,1
0,20,0,4,-3.14159265358979,3.14159265358979,-0.22,0.22,-0.22,0.22,0.22,-0.785398163397448,0.785398163397448,-0.11,0.11,-0.11,0.11,-0.392699081698724,0.392699081698724,20,1,0,0.15,0,0,129.155844155844,1.65759379743011,5,0,20,1,3.72525750310598,-1.8925260371167,0,-0.167001474438171,0.180017562175365,-0.0995673417048897,0.179810787106716,0.230850020611762,-0.387312484619205,0.229375745938137,-0.0800000025293388,0.0879863563217128,-0.0999110770404966,0.0974499734186009,-0.137852708466405,0.214786786690983,20,1,0,0.15,0,0,129.155844102809,2.40795175280202,6.06151859255229,1,301.0562533,2,-1.05,1
0,20,0,4,-3.14159265358979,3.14159265358979,-0.22,0.22,-0.22,0.22,0.22,-0.785398163397448,0.785398163397448,-0.11,0.11,-0.11,0.11,-0.392699081698724,0.392699081698724,20,1,0,0.15,0,0,128.863636363636,1.65759379743011,5,0,20,1,3.70167929602489,-1.92199569795082,0.0428647869509084,-0.164279231792905,0.179204030119143,-0.0930529008572778,0.174662997560563,0.23681913460976,-0.417539083648134,0.217228263352647,-0.0799999979128108,0.087066692684174,-0.0999109261024033,0.094877877971821,-0.159868281217144,0.220583403848609,20,1,0,0.15,0,0,128.863636074816,2.3597059836636,6.16304346444771,1,313.5152733,0,-1.1,1
0,20,0,4,-3.14159265358979,3.14159265358979,-0.22,0.22,-0.22,0.22,0.22,-0.785398163397448,0.785398163397448,-0.11,0.11,-0.11,0.11,-0.392699081698724,0.392699081698724,20,1,0,0.15,0,0,128.596837944664,1.65759379743011,5,0,20,1,3.70918819105307,-1.97902588570117,0.0335279839406189,-0.148145148465182,0.17795748399144,-0.0978795228597661,0.187160502599773,0.226421980788923,-0.45539130965751,0.225309529789355,-0.085259744941996,0.0865567090970747,-0.0862331020006387,0.0958105478079738,-0.191347446283477,0.229818806862743,20,1,0,0.15,0,0,128.596837886414,2.28701099498148,6.16193181539068,1,321.456679,0,-1.15,1
0,20,0,4,-3.14159265358979,3.14159265358979,-0.22,0.22,-0.22,0.22,0.22,-0.785398163397448,0.785398163397448,-0.11,0.11,-0.11,0.11,-0.392699081698724,0.392699081698724,20,1,0,0.15,0,0,128.352272727273,1.65759379743011,5,0,20,1,3.62299662717066,-2.03887799065942,0.0174790412262111,-0.152686233411238,0.184295703701117,-0.0898155595977728,0.189774247422863,0.225409484354687,-0.489025098165312,0.228467518015892,-0.0840767538137972,0.0834142542409686,-0.08036718537206,0.0954854077380296,-0.217692958814532,0.239911511571408,20,1,0,0.15,0,0,128.352272662824,2.17814159030656,6.05822726968527,1,344.7160965,0,-1.2,1
0,20,0,4,-3.14159265358979,3.14159265358979,-0.22,0.22,-0.22,0.22,0.22,-0.785398163397448,0.785398163397448,-0.11,0.11,-0.11,0.11,-0.392699081698724,0.392699081698724,20,1,0,0.15,0,0,133.977272727273,1.65759379743011,5,0,20,1,3.77275849878201,-1.428952822365,0.0409199527985974,-0.17988001821009,0.201894811089704,-0.170562569966097,0.215315480092631,0.244535696549155,-0.194398910438192,0.17606613385592,-0.0979789360995237,0.0802979320544664,-0.0951240097017172,0.0866663371010958,-0.0780257967518889,0.101500954755577,20,1,0,0.15,0,0,133.97727259065,1.9685416939986,6.4927447486238,1,75.8991524,2,-0.6,1.25
0,20,0,4,-3.14159265358979,3.14159265358979,-0.22,0.22,-0.22,0.22,0.22,-0.785398163397448,0.785398163397448,-0.11,0.11,-0.11,0.11,-0.392699081698724,0.392699081698724,20,1,0,0.15,0,0,133.111888111888,1.65759379743011,5,0,20,1,3.72480408368676,-1.36112019703213,0.0177216084627414,-0.173079932113381,0.198830672779985,-0.123217924381907,0.211806674348565,0.242854683243986,-0.191588569036766,0.165075939214243,-0.0910896461419293,0.0807124815415789,-0.0917539657061075,0.0866638348735148,-0.0779461417756104,0.103482446236143,20,1,0,0.15,0,0,133.111887948238,2.02322364741356,6.48920453747658,1,134.0848275,2,-0.65,1.25
0,20,0,4,-3.14159265358979,3.14159265358979,-0.22,0.22,-0.22,0.22,0.22,-0.785398163397448,0.785398163397448,-0.11,0.11,-0.11,0.11,-0.392699081698724,0.392699081698724,20,1,0,0.15,0,0,132.37012987013,1.65759379743011,5,0,20,1,3.72040435167892,-1.32979285519791,0.0507301645544105,-0.175950815359432,0.204365899986408,-0.112087621058395,0.208802309915387,0.241065969397532,-0.206159549871764,0.157847142875014,-0.0942208057105388,0.0856874559675563,-0.0803530394239397,0.0866664562123766,-0.0898724965588085,0.114444896104457,20,1,0,0.15,0,0,132.370129830695,2.15049767423275,6.48613636170407,1,125.9192319,2,-0.7,1.25
0,20,0,4,-3.14159265358979,3.14159265358979,-0.22,0.22,-0.22,0.22,0.22,-0.785398163397448,0.785398163397448,-0.11,0.11,-0.11,0.11,-0.392699081698724,0.392699081698724,20,1,0,0.15,0,0,131.727272727273,1.65759379743011,5,0,20,1,3.74804010823455,-1.31101792053923,0.00116794910236784,-0.193213409938785,0.193934530841906,-0.139636348423263,0.1727015051744,0.254943289935062,-0.210445876351013,0.155278304800327,-0.090824673551727,0.0838240740758907,-0.0955759855276259,0.0799986487705696,-0.101541458234686,0.126300220611601,20,1,0,0.15,0,0,131.727272504656,2.17514621313812,6.38053976194427,1,137.9981361,2,-0.75,1.25
0,20,0,4,-3.14159265358979,3.14159265358979,-0.22,0.22,-0.22,0.22,0.22,-0.785398163397448,0.785398163397448,-0.11,0.11,-0.11,0.11,-0.392699081698724,0.392699081698724,20,1,0,0.15,0,0,131.164772727273,1.65759379743011,5,0,20,1,3.74174292235733,-1.28478363556042,0.0172615853100216,-0.195269066271569,0.191947806625021,-0.131422692357694,0.17077750756076,0.253781274526298,-0.21095418398959,0.15243710815222,-0.0927540154634322,0.0799999441652864,-0.0942177530448516,0.0799943960052493,-0.101108420298381,0.128729072751327,20,1,0,0.15,0,0,131.164772490124,2.15860168864522,6.48108287598259,1,146.6522016,2,-0.8,1.25
0,20,0,4,-3.14159265358979,3.14159265358979,-0.22,0.22,-0.22,0.22,0.22,-0.785398163397448,0.785398163397448,-0.11,0.11,-0.11,0.11,-0.392699081698724,0.392699081698724,20,1,0,0.15,0,0,130.668449197861,1.65759379743011,5,0,20,1,3.72834682548085,-1.26824530540216,0.0411591922239043,-0.197358368505954,0.193996113789789,-0.110547262859034,0.180792635976552,0.250312334254513,-0.214377609837543,0.149335134368221,-0.0913413349544526,0.0800279727031762,-0.0799997932422158,0.0799997932443436,-0.10308163790918,0.133758629839102,20,1,0,0.15,0,0,130.668448941717,2.14972271805762,6.37613635113747,1,190.8325108,0,-0.85,1.25
0,20,0,4,-3.14159265358979,3.14159265358979,-0.22,0.22,-0.22,0.22,0.22,-0.785398163397448,0.785398163397448,-0.11,0.11,-0.11,0.11,-0.392699081698724,0.392699081698724,20,1,0,0.15,0,0,130.227272727273,1.65759379743011,5,0,20,1,3.71798019677707,-1.26544204870384,0.073713432461553,-0.174215745178792,0.196371481451428,-0.103229980501136,0.194987173178303,0.259649262859461,-0.226146446766037,0.142619238172915,-0.0898320780861398,0.0913595082279903,-0.0799998521905187,0.0855511355900294,-0.108215493200042,0.13567740488608,20,1,0,0.15,0,0,130.227272426948,2.14697439917455,6.27147127740303,1,135.6438465,2,-0.9,1.25
0,20,0,4,-3.14159265358979,3.14159265358979,-0.22,0.22,-0.22,0.22,0.22,-0.785398163397448,0.785398163397448,-0.11,0.11,-0.11,0.11,-0.392699081698724,0.392699081698724,20,1,0,0.15,0,0,129.832535885167,1.65759379743011,5,0,20,1,3.71440518824534,-1.98629669463822,0.0472015055252498,-0.179424770080213,0.194008514139222,-0.109098184589637,0.190450545460452,0.257723776444863,-0.414856647202579,0.21468701790694,-0.0954023789126376,0.094171711348965,-0.0820475604094201,0.0878625060960934,-0.155284164281812,0.216067998900151,20,1,0,0.15,0,0,129.832535623686,2.15251269375769,6.37261362352926,1,216.8649793,0,-0.95,1.25
0,20,0,4,-3.14159265358979,3.14159265358979,-0.22,0.22,-0.22,0.22,0.22,-0.785398163397448,0.785398163397448,-0.11,0.11,-0.11,0.11,-0.392699081698724,0.392699081698724,20,1,0,0.15,0,0,129.477272727273,1.65759379743011,5,0,20,1,3.72785826750166,-1.97662077341998,0.0192741026102435,-0.165640573626207,0.186029963592367,-0.104568246018791,0.192996440463941,0.253068897985749,-0.428495033922038,0.224804175917949,-0.0999108895593104,0.0966959713523239,-0.0999107828071466,0.0969715047633926,-0.16561345514667,0.220938180283643,20,1,0,0.15,0,0,129.477272455142,2.15750593686558,6.16558440262581,1,201.3653817,2,-1,1.25
0,20,0,4,-3.14159265358979,3.14159265358979,-0.22,0.22,-0.22,0.22,0.22,-0.785398163397448,0.785398163397448,-0.11,0.11,-0.11,0.11,-0.392699081698724,0.392699081698724,20,1,0,0.15,0,0,129.155844155844,1.65759379743011,5,0,20,1,3.72525750759513,-1.96621225342821,0.00774113253032095,-0.142162010297516,0.184864428796985,-0.0995673481880782,0.179793675741165,0.23086333534596,-0.439136514622309,0.225694373314893,-0.0927998798858069,0.0965198846295976,-0.099911075629336,0.0974687783211928,-0.176985589234438,0.22400117818477,20,1,0,0.15,0,0,129.155844099475,2.16478308891742,6.06151859239582,1,226.60915,2,-1.05,1.25
0,20,0,4,-3.14159265358979,3.14159265358979,-0.22,0.22,-0.22,0.22,0.22,-0.785398163397448,0.785398163397448,-0.11,0.11,-0.11,0.11,-0.392699081698724,0.392699081698724,20,1,0,0.15,0,0,128.863636363636,1.65759379743011,5,0,20,1,3.70243827642709,-1.99765318722943,0.0337930678660915,-0.140680622939094,0.181995449439418,-0.093103883705016,0.175401707988086,0.22589666435957,-0.468231525887593,0.232595896488272,-0.0917915482957386,0.0955057122759607,-0.0999110728604129,0.0944223929160757,-0.199978981548052,0.231430920807492,20,1,0,0.15,0,0,128.863636300545,2.12181702881338,6.06032608398938,1,254.3450616,2,-1.1,1.25
0,20,0,4,-3.14159265358979,3.14159265358979,-0.22,0.22,-0.22,0.22,0.22,-0.785398163397448,0.785398163397448,-0.11,0.11,-0.11,0.11,-0.392699081698724,0.392699081698724,20,1,0,0.15,0,0,128.596837944664,1.65759379743011,5,0,20,1,3.70908214224215,-2.08677397116746,0.0690209386398533,-0.146183045321014,0.178019045109969,-0.0978860230546686,0.187507333469024,0.236796239828205,-0.507622381276526,0.240939878286093,-0.095068733880195,0.0925225156046496,-0.0861194101598228,0.0953502987363928,-0.228825130712077,0.242839444712138,20,1,0,0.15,0,0,128.596837613338,2.04523130778732,6.1619318023058,1,313.185907,0,-1.15,1.25
0,20,0,4,-3.14159265358979,3.14159265358979,-0.22,0.22,-0.22,0.22,0.22,-0.785398163397448,0.785398163397448,-0.11,0.11,-0.11,0.11,-0.392699081698724,0.392699081698724,20,1,0,0.15,0,0,128.352272727273,1.65759379743011,5,0,20,1,3.62112604734217,-2.18906037200311,0.0387321090615639,-0.152360328067052,0.177116204731707,-0.0893805910640485,0.189847662942865,0.237191248351573,-0.546841989341625,0.245793192149315,-0.0950584080923269,0.092071326701914,-0.0803644568126117,0.0945987218869958,-0.250739188636678,0.257819924619674,20,1,0,0.15,0,0,128.352272656033,1.93758042801865,6.1609090874896,1,366.5800817,0,-1.2,1.25
0,20,0,4,-3.14159265358979,3.14159265358979,-0.22,0.22,-0.22,0.22,0.22,-0.785398163397448,0.785398163397448,-0.11,0.11,-0.11,0.11,-0.392699081698724,0.392699081698724,20,1,0,0.15,0,0,133.977272727273,1.65759379743011,5,0,20,1,3.77275930010384,-1.42015099265152,0.0528031839080259,-0.185742291010731,0.195429143317651,-0.170563134247424,0.215315431022839,0.23936507698279,-0.203729283839736,0.172551525076858,-0.0963525629129546,0.0807045737522111,-0.0951239633395941,0.0866662457330642,-0.0845728737326917,0.10739376983071,20,1,0,0.15,0,0,133.977272569682,1.72241969273604,6.49274474760768,1,95.9008863,2,-0.6,1.5
0,20,0,4,-3.14159265358979,3.14159265358979,-0.22,0.22,-0.22,0.22,0.22,-0.785398163397448,0.785398163397448,-0.11,0.11,-0.11,0.11,-0.392699081698724,0.392699081698724,20,1,0,0.15,0,0,133.111888111888,1.65759379743011,5,0,20,1,3.76333705993608,-1.32654209574202,0.0202293386094242,-0.170920340298061,0.198830669044896,-0.158627760977072,0.211259504796834,0.257488492498774,-0.193869427173197,0.162050892937959,-0.097816804599193,0.0800164807447158,-0.0965536544716414,0.0799991809708649,-0.0811051261674023,0.107099963511795,20,1,0,0.15,0,0,133.111887942868,1.70835622791606,6.48920453721482,1,120.7357779,2,-0.65,1.5
0,20,0,4,-3.14159265358979,3.14159265358979,-0.22,0.22,-0.22,0.22,0.22,-0.785398163397448,0.785398163397448,-0.11,0.11,-0.11,0.11,-0.392699081698724,0.392699081698724,20,1,0,0.15,0,0,132.37012987013,1.65759379743011,5,0,20,1,3.70793290666175,-1.27417593647597,0.00265341650658619,-0.175947096007797,0.204364211534621,-0.0947446135871187,0.208043372397209,0.255980273124659,-0.198422499030452,0.154147727868105,-0.0942228210751434,0.085686145787066,-0.0903678886024303,0.0799990045549558,-0.0860424160411562,0.109459541976422,20,1,0,0.15,0,0,132.370129668633,1.80718933120463,6.48613635376301,1,101.6384539,2,-0.7,1.5
0,20,0,4,-3.14159265358979,3.14159265358979,-0.22,0.22,-0.22,0.22,0.22,-0.785398163397448,0.785398163397448,-0.11,0.11,-0.11,0.11,-0.392699081698724,0.392699081698724,20,1,0,0.15,0,0,131.727272727273,1.65759379743011,5,0,20,1,3.73015298266904,-1.26770530378179,0.00797619896323569,-0.181379427606655,0.193934518716205,-0.116292988238829,0.205364851991921,0.25354436113636,-0.21449385232535,0.149550803963237,-0.0961180166555174,0.0846123199537923,-0.0799950987045461,0.07999508317868,-0.101822788540565,0.123361648549363,20,1,0,0.15,0,0,131.727272485983,1.9116427476882,6.58636362429915,1,160.7762316,0,-0.75,1.5
0,20,0,4,-3.14159265358979,3.14159265358979,-0.22,0.22,-0.22,0.22,0.22,-0.785398163397448,0.785398163397448,-0.11,0.11,-0.11,0.11,-0.392699081698724,0.392699081698724,20,1,0,0.15,0,0,131.164772727273,1.65759379743011,5,0,20,0.955480818082868,2.80134335100518,-0.473481092373603,3.21136413014804,-0.193342564438782,0.194702785481326,-0.193700960183016,0.193905294801996,0.264786827426034,-0.424644793123039,0.649224334103912,-0.0999109637589154,0.0799999924783341,-0.0989744702113609,0.0841587249512316,-0.299023591082753,0.303620193499272,20,1,0,0.15,0,0,131.164772537502,0.800000022066491,8.33282084355895,0,177.8302038,0,-0.8,1.5
0,20,0,4,-3.14159265358979,3.14159265358979,-0.22,0.22,-0.22,0.22,0.22,-0.785398163397448,0.785398163397448,-0.11,0.11,-0.11,0.11,-0.392699081698724,0.392699081698724,20,1,0,0.15,0,0,130.668449197861,1.65759379743011,5,0,20,1,2.64790184373331,-0.490877603113916,3.19224413280357,0.0167095212599759,0.165543948303218,-0.167218789977847,0.130616739358001,0.220193960348852,-0.312722724557188,0.610680614361605,-0.0558042392729167,0.0502251910072641,-0.0767724439794046,0.0548632935308482,-0.285697425047301,0.279668148633658,20,1,0,0.15,0,0,130.583558346845,0.70498959278432,8.01637955407023,0,27.5076307,2,-0.85,1.5
0,20,0,4,-3.14159265358979,3.14159265358979,-0.22,0.22,-0.22,0.22,0.22,-0.785398163397448,0.785398163397448,-0.11,0.11,-0.11,0.11,-0.392699081698724,0.392699081698724,20,1,0,0.15,0,0,130.227272727273,1.65759379743011,5,0,20,1,3.72191923446061,-2.05605194715979,0.00841487985581254,-0.17573980092983,0.187706348357463,-0.103643799372358,0.194893274803983,0.256452452685734,-0.442883834173933,0.223591361843516,-0.0850166628797311,0.0797327100811291,-0.079584656775688,0.0877675112171318,-0.172377459902587,0.235509829649754,20,1,0,0.15,0,0,130.22635230993,1.89615356316751,6.37423724464394,1,133.3919578,2,-0.9,1.5
0,20,0,4,-3.14159265358979,3.14159265358979,-0.22,0.22,-0.22,0.22,0.22,-0.785398163397448,0.785398163397448,-0.11,0.11,-0.11,0.11,-0.392699081698724,0.392699081698724,20,1,0,0.15,0,0,129.832535885167,1.65759379743011,5,0,20,1,3.69966855704287,-1.8809911122179,1.79899128479482,-0.172140227557591,0.180532571418702,-0.094863198138056,0.189415549832368,0.253948812730553,-0.489678960267134,0.599542764846286,-0.0909426633189727,0.0782489132264217,-0.0774257316751541,0.0899997771129505,-0.241685471652514,0.284282433499834,20,1,0,0.15,0,0,129.827380666478,1.89918323824277,6.26958059135198,1,24.8508113,-2,-0.95,1.5
0,20,0,4,-3.14159265358979,3.14159265358979,-0.22,0.22,-0.22,0.22,0.22,-0.785398163397448,0.785398163397448,-0.11,0.11,-0.11,0.11,-0.392699081698724,0.392699081698724,20,1,0,0.15,0,0,129.477272727273,1.65759379743011,5,0,20,1,3.72785820737944,-2.09993325728471,0.0593099420673009,-0.180298464315972,0.194850023394817,-0.10456824259976,0.187798822459053,0.255847884318007,-0.486553012217735,0.246896669027295,-0.0979271123105351,0.0880264917534952,-0.0999106672099703,0.097594279004884,-0.208167617348817,0.235043046990705,20,1,0,0.15,0,0,129.477272416339,1.9132949573832,6.268344140791,1,243.1356128,0,-1,1.5
0,20,0,4,-3.14159265358979,3.14159265358979,-0.22,0.22,-0.22,0.22,0.22,-0.785398163397448,0.785398163397448,-0.11,0.11,-0.11,0.11,-0.392699081698724,0.392699081698724,20,1,0,0.15,0,0,129.155844155844,1.65759379743011,5,0,20,1,3.7252575165192,-2.09138322141193,0.0478944372063589,-0.160933620126463,0.191783567788947,-0.0995673616281272,0.192174203511142,0.250610358246657,-0.494149894355931,0.242034730764132,-0.0999110766546139,0.0937275057976494,-0.0999110718579595,0.0975726658022427,-0.215690768249019,0.237601933474448,20,1,0,0.15,0,0,129.15584409544,1.91686022965882,6.1642561954642,1,261.6434131,0,-1.05,1.5
0,20,0,4,-3.14159265358979,3.14159265358979,-0.22,0.22,-0.22,0.22,0.22,-0.785398163397448,0.785398163397448,-0.11,0.11,-0.11,0.11,-0.392699081698724,0.392699081698724,20,1,0,0.15,0,0,128.863636363636,1.65759379743011,5,0,20,1,3.70200803267141,-2.14780770888363,0.0528076677006666,-0.159962210936503,0.190397582393797,-0.0931981168411312,0.181094366497518,0.24162284503169,-0.525541617852508,0.251953049092733,-0.0999109011515843,0.0950360813853368,-0.0999109057164135,0.0947881571885051,-0.236847219371609,0.246587847367912,20,1,0,0.15,0,0,128.863636037329,1.87371275139075,6.16304346265486,1,231.22872,2,-1.1,1.5
0,20,0,4,-3.14159265358979,3.14159265358979,-0.22,0.22,-0.22,0.22,0.22,-0.785398163397448,0.785398163397448,-0.11,0.11,-0.11,0.11,-0.392699081698724,0.392699081698724,20,1,0,0.15,0,0,128.596837944664,1.65759379743011,5,0,20,1,3.70896815423305,-2.26907702683409,0.0787306516230536,-0.166653107256439,0.188964923901724,-0.0982633753964324,0.18556080843965,0.245493960689287,-0.569364284818071,0.253045689182456,-0.0999110608878002,0.0968441396448876,-0.0858621427053818,0.0944537858816735,-0.258970576785514,0.2627890189949,20,1,0,0.15,0,0,128.596837875196,1.80159584258312,6.16193181485314,1,318.0802894,2,-1.15,1.5
0,20,0,4,-3.14159265358979,3.14159265358979,-0.22,0.22,-0.22,0.22,0.22,-0.785398163397448,0.785398163397448,-0.11,0.11,-0.11,0.11,-0.392699081698724,0.392699081698724,20,1,0,0.15,0,0,128.352272727273,1.65759379743011,5,0,20,1,3.61838740835863,-2.36845169681129,0.0854761461416087,-0.170480235839984,0.188029170762293,-0.0895316154185184,0.189992182792788,0.245320291053757,-0.612225521386773,0.253918900520455,-0.099655528338862,0.0985747894115391,-0.0803770220392256,0.0933724748094343,-0.275891998453993,0.278576698993274,20,1,0,0.15,0,0,128.352272653386,1.69215127332666,6.16090908736251,1,311.7316457,2,-1.2,1.5
0,20,0,4,-3.14159265358979,3.14159265358979,-0.22,0.22,-0.22,0.22,0.22,-0.785398163397448,0.785398163397448,-0.11,0.11,-0.11,0.11,-0.392699081698724,0.392699081698724,20,1,0,0.15,0,0,133.977272727273,1.65759379743011,5,0,20,0.296731809508572,1.9334931194004,-0.0187651986683509,3.20201313231241,-0.175418873978154,0.207102233174827,-0.199509040117269,0.197769742881415,0.265594608615615,-0.438267047907602,0.470622340358155,-0.0962870963630174,0.0863526991464214,-0.0990804788339237,0.0799993685525488,-0.254371060628419,0.167104787259251,20,1,0,0.15,0,0,133.977272595732,1.1507090625367,8.96617131986824,0,105.4617228,0,-0.6,1.75
0,20,0,4,-3.14159265358979,3.14159265358979,-0.22,0.22,-0.22,0.22,0.22,-0.785398163397448,0.785398163397448,-0.11,0.11,-0.11,0.11,-0.392699081698724,0.392699081698724,20,1,0,0.15,0,0,133.111888111888,1.65759379743011,5,0,20,0.296762560936531,1.90273637368217,-0.302848688033418,3.17987021825572,-0.147319246921003,0.199906889520213,-0.20061213445753,0.209205727735136,0.269020561216881,-0.427117372934694,0.525039688743599,-0.0978168545599303,0.0841120805336977,-0.0899436138410807,0.0799985095670882,-0.292692912404749,0.292688794624158,20,1,0,0.15,0,0,133.111887408305,1.14989569067143,8.75527592774865,0,115.5746948,0,-0.65,1.75
0,20,0,4,-3.14159265358979,3.14159265358979,-0.22,0.22,-0.22,0.22,0.22,-0.785398163397448,0.785398163397448,-0.11,0.11,-0.11,0.11,-0.392699081698724,0.392699081698724,20,1,0,0.15,0,0,132.37012987013,1.65759379743011,5,0,20,0.300000033282253,1.93827629817412,-0.141526971136778,3.13841472793047,-0.132694311979736,0.198416265958924,-0.2021087356936,0.193258383451929,0.26449615853881,-0.395910147426813,0.533478657170379,-0.0874199493959772,0.0974580916159928,-0.0799995874819669,0.0827039569231799,-0.292695666998725,0.292697033080081,20,1,0,0.15,0,0,132.370129715693,1.15022597321522,8.64818180809191,0,132.61653,0,-0.7,1.75
0,20,0,4,-3.14159265358979,3.14159265358979,-0.22,0.22,-0.22,0.22,0.22,-0.785398163397448,0.785398163397448,-0.11,0.11,-0.11,0.11,-0.392699081698724,0.392699081698724,20,1,0,0.15,0,0,131.727272727273,1.65759379743011,5,0,20,0.300000154534197,1.97096043788744,-0.0577890488748286,3.13621525935973,-0.160679951674168,0.196966100535013,-0.205461659635518,0.205446077333026,0.260818207879628,-0.384247825681888,0.553280720147211,-0.0840352396608484,0.0866703056294898,-0.0799981788270562,0.0877462239785721,-0.292682662191893,0.292689237116907,20,1,0,0.15,0,0,131.727271830492,1.1504435585786,8.43877835164086,0,161.7625903,0,-0.75,1.75
0,20,0,4,-3.14159265358979,3.14159265358979,-0.22,0.22,-0.22,0.22,0.22,-0.785398163397448,0.785398163397448,-0.11,0.11,-0.11,0.11,-0.392699081698724,0.392699081698724,20,1,0,0.15,0,0,131.164772727273,1.65759379743011,5,0,20,0.299999845829393,2.12572964658488,-0.054840601483667,3.13731469767837,-0.170493562618664,0.200106925964328,-0.201761618602892,0.186217061320478,0.252372558509293,-0.415969991013819,0.563325397227291,-0.090107398915683,0.0800000791213654,-0.0799996864136545,0.0903037178381461,-0.292695203069271,0.292696495757755,20,1,0,0.15,0,0,131.164772537512,1.15119500872083,8.33282084355957,0,168.8928866,0,-0.8,1.75
0,20,0,4,-3.14159265358979,3.14159265358979,-0.22,0.22,-0.22,0.22,0.22,-0.785398163397448,0.785398163397448,-0.11,0.11,-0.11,0.11,-0.392699081698724,0.392699081698724,20,1,0,0.15,0,0,130.668449197861,1.65759379743011,5,0,20,0.295288970373251,1.99233093965112,-0.0251965201072887,3.13271306910834,-0.170974837880448,0.201919055763502,-0.200361894098631,0.183699365236783,0.248029703455164,-0.364733545721581,0.577664246970318,-0.0920796876546431,0.0826240662773931,-0.0799997358603502,0.0893865599809321,-0.292697989607717,0.292697445258015,20,1,0,0.15,0,0,130.668448996905,1.1492839324504,8.12443180568718,0,156.8681353,2,-0.85,1.75
0,20,0,4,-3.14159265358979,3.14159265358979,-0.22,0.22,-0.22,0.22,0.22,-0.785398163397448,0.785398163397448,-0.11,0.11,-0.11,0.11,-0.392699081698724,0.392699081698724,20,1,0,0.15,0,0,130.227272727273,1.65759379743011,5,0,20,0.293668453753384,2.00671270483652,-0.0564274773117863,3.09889087446062,-0.177051231947801,0.199815108099867,-0.198251556889219,0.173332930524181,0.240258413707907,-0.367375561629632,0.59595948632525,-0.0999110724939279,0.0824485147391545,-0.0799997502836312,0.0902298788360958,-0.292698609547792,0.29269837373575,20,1,0,0.15,0,0,130.227272508361,1.14785218763844,8.01925835972538,0,213.5557401,0,-0.9,1.75
0,20,0,4,-3.14159265358979,3.14159265358979,-0.22,0.22,-0.22,0.22,0.22,-0.785398163397448,0.785398163397448,-0.11,0.11,-0.11,0.11,-0.392699081698724,0.392699081698724,20,1,0,0.15,0,0,129.832535885167,1.65759379743011,5,0,20,0.287491997757567,1.95327669153114,0,3.08296369544911,-0.176519054131635,0.19596022096899,-0.198543445817381,0.17989040437812,0.238213181830673,-0.358793806270953,0.619162281465674,-0.0999110611984632,0.0822725008284669,-0.0799997024952583,0.086666876523694,-0.292698674525489,0.292698470990815,20,1,0,0.15,0,0,129.83253565739,1.14666768393992,7.91437498611508,0,226.5642796,0,-0.95,1.75
0,20,0,4,-3.14159265358979,3.14159265358979,-0.22,0.22,-0.22,0.22,0.22,-0.785398163397448,0.785398163397448,-0.11,0.11,-0.11,0.11,-0.392699081698724,0.392699081698724,20,1,0,0.15,0,0,129.477272727273,1.65759379743011,5,0,20,0.296037652544985,1.92969675161481,-0.0029649407563342,3.1472789539606,-0.0793240975423017,0.188896939909647,-0.176213996677908,0.196916069153288,0.222643920397992,-0.366952399660181,0.695089161568924,-0.0933754214101283,0.0999110356665222,-0.081839994998218,0.0975364418929104,-0.292698228811443,0.319525542049783,20,1,0,0.15,0,0,129.477272459102,1.15141914639971,7.8097402435649,0,246.9017645,0,-1,1.75
0,20,0,4,-3.14159265358979,3.14159265358979,-0.22,0.22,-0.22,0.22,0.22,-0.785398163397448,0.785398163397448,-0.11,0.11,-0.11,0.11,-0.392699081698724,0.392699081698724,20,1,0,0.15,0,0,129.155844155844,1.65759379743011,5,0,20,0.294240359639098,1.89250121519014,-0.0834010350740528,3.15002970449131,-0.093029372516429,0.187600266289151,-0.184804661546752,0.192685057661641,0.229147347145404,-0.340339308260085,0.699729304783894,-0.0855513774751367,0.099910988652268,-0.0987852252010226,0.0979564368194278,-0.292698031096343,0.331718203724918,20,1,0,0.15,0,0,129.155843891062,1.15479204361171,7.70532023213721,0,265.5273167,0,-1.05,1.75
0,20,0,4,-3.14159265358979,3.14159265358979,-0.22,0.22,-0.22,0.22,0.22,-0.785398163397448,0.785398163397448,-0.11,0.11,-0.11,0.11,-0.392699081698724,0.392699081698724,20,1,0,0.15,0,0,128.863636363636,1.65759379743011,5,0,20,0.29612246607888,1.92615400372954,-0.0491589857893843,3.09219857661891,-0.0980426738068054,0.186419528212636,-0.180314206218096,0.18029966629078,0.232603960347433,-0.333740769102231,0.696867751951906,-0.099897049117644,0.0999102581458471,-0.0920081070828423,0.0999067144254891,-0.292696603342453,0.339459337607621,20,1,0,0.15,0,0,128.863635024933,1.15205054143979,7.7038042677949,0,292.0303622,0,-1.1,1.75
0,20,0,4,-3.14159265358979,3.14159265358979,-0.22,0.22,-0.22,0.22,0.22,-0.785398163397448,0.785398163397448,-0.11,0.11,-0.11,0.11,-0.392699081698724,0.392699081698724,20,1,0,0.15,0,0,128.596837944664,1.65759379743011,5,0,20,0.296455564552074,1.91229141875641,-0.0937682495560678,3.09244027991284,-0.10499340966229,0.185347838500952,-0.177063237416422,0.177060916708543,0.235899247081033,-0.343319869373863,0.693864631499579,-0.0999108627596455,0.0877837965657455,-0.0870917133418962,0.09991088719849,-0.292698654641923,0.337558522548476,20,1,0,0.15,0,0,128.596837679696,1.15212421308767,7.59971589343202,0,317.6995975,0,-1.15,1.75
0,20,0,4,-3.14159265358979,3.14159265358979,-0.22,0.22,-0.22,0.22,0.22,-0.785398163397448,0.785398163397448,-0.11,0.11,-0.11,0.11,-0.392699081698724,0.392699081698724,20,1,0,0.15,0,0,128.352272727273,1.65759379743011,5,0,20,0.296745858521555,1.89514620877052,0,3.09977536460943,-0.1473437323039,0.190194177172061,-0.172092480303255,0.176086341228284,0.233419540516455,-0.345985712110689,0.697993060427895,-0.0965371438579311,0.0833738442805263,-0.0799988733614329,0.0999108159178494,-0.292698699969167,0.317090792262209,20,1,0,0.15,0,0,128.352272452505,1.15262712097139,7.49577271122632,0,349.3482672,0,-1.2,1.75
0,20,0,4,-3.14159265358979,3.14159265358979,-0.22,0.22,-0.22,0.22,0.22,-0.785398163397448,0.785398163397448,-0.11,0.11,-0.11,0.11,-0.392699081698724,0.392699081698724,20,1,0,0.15,0,0,133.977272727273,1.65759379743011,5,0,20,0.299288629750396,2.0065109616952,-0.0245719179817581,3.16745240964439,-0.168081432098412,0.207101259256722,-0.20271996293927,0.199892444544246,0.270199411135565,-0.394667893599167,0.418827326499136,-0.0979787674607942,0.082337609043854,-0.0799977440300408,0.0799982358349077,-0.212237615565603,0.108815200225716,20,1,0,0.15,0,0,133.977272069451,1.40013312385988,8.96617128464787,0,102.7419123,0,-0.6,2
0,20,0,4,-3.14159265358979,3.14159265358979,-0.22,0.22,-0.22,0.22,0.22,-0.785398163397448,0.785398163397448,-0.11,0.11,-0.11,0.11,-0.392699081698724,0.392699081698724,20,1,0,0.15,0,0,133.111888111888,1.65759379743011,5,0,20,0.297699821628536,2.31381066422483,-0.294005491171735,3.17551293267708,-0.152375896178172,0.203593678604291,-0.201458138221515,0.21136743690913,0.265721304229977,-0.425905766224513,0.505825133088482,-0.0972806691154778,0.0806767051867603,-0.0799997454881402,0.0800321780693183,-0.292694324223508,0.292691147853446,20,1,0,0.15,0,0,133.111887982463,1.39892463889649,8.75527596551318,0,117.9541668,0,-0.65,2
0,20,0,4,-3.14159265358979,3.14159265358979,-0.22,0.22,-0.22,0.22,0.22,-0.785398163397448,0.785398163397448,-0.11,0.11,-0.11,0.11,-0.392699081698724,0.392699081698724,20,1,0,0.15,0,0,132.37012987013,1.65759379743011,5,0,20,0.300000080177338,2.20689659332335,-0.258181748105576,3.15991508584248,-0.10902194842151,0.208795954700156,-0.206135315718462,0.193287877282415,0.264152365575657,-0.374823731765442,0.513883705383688,-0.0977999083943196,0.092303802955759,-0.0799987422105903,0.0841230961804325,-0.292689188921093,0.292682577984165,20,1,0,0.15,0,0,132.370129107155,1.40002426981586,8.54522722347298,0,130.3165768,0,-0.7,2
0,20,0,4,-3.14159265358979,3.14159265358979,-0.22,0.22,-0.22,0.22,0.22,-0.785398163397448,0.785398163397448,-0.11,0.11,-0.11,0.11,-0.392699081698724,0.392699081698724,20,1,0,0.15,0,0,131.727272727273,1.65759379743011,5,0,20,0.300000119001368,2.20261623454946,-0.00213141119727817,3.1398011778907,-0.156082673331814,0.206200066709991,-0.205462928227589,0.205462368402739,0.257373481727667,-0.398141031265207,0.514159492432267,-0.0866660778856312,0.0885243064327037,-0.0799989410032482,0.0877470931388839,-0.292048502189907,0.292301855116998,20,1,0,0.15,0,0,131.727271873837,1.40031792543406,8.43877835441767,0,145.32983,0,-0.75,2
0,20,0,4,-3.14159265358979,3.14159265358979,-0.22,0.22,-0.22,0.22,0.22,-0.785398163397448,0.785398163397448,-0.11,0.11,-0.11,0.11,-0.392699081698724,0.392699081698724,20,1,0,0.15,0,0,131.164772727273,1.65759379743011,5,0,20,0.300000023926873,2.12831426361225,-0.0140320895391483,3.11860764701946,-0.170491318487102,0.200105426133617,-0.201761666413942,0.201761117052219,0.264149272256483,-0.38584260458613,0.515003763989839,-0.090105137471871,0.0800006920020285,-0.0799998263295626,0.0903038980710426,-0.250032919662888,0.273763520754806,20,1,0,0.15,0,0,131.164772550163,1.40101955541678,8.22994651295143,0,173.0379239,0,-0.8,2
0,20,0,4,-3.14159265358979,3.14159265358979,-0.22,0.22,-0.22,0.22,0.22,-0.785398163397448,0.785398163397448,-0.11,0.11,-0.11,0.11,-0.392699081698724,0.392699081698724,20,1,0,0.15,0,0,130.668449197861,1.65759379743011,5,0,20,0.297872975157711,1.99918206010348,-0.0802857006781688,3.11212854229396,-0.168174289392973,0.193706282319468,-0.199414742333294,0.192400811305075,0.253192392976308,-0.382727241481355,0.540773604837717,-0.099911004638084,0.0799999894245304,-0.0799998396803595,0.0913476650066599,-0.292444468926211,0.292353079906537,20,1,0,0.15,0,0,130.668448976734,1.40056483561269,8.12443180443305,0,183.7503208,0,-0.85,2
0,20,0,4,-3.14159265358979,3.14159265358979,-0.22,0.22,-0.22,0.22,0.22,-0.785398163397448,0.785398163397448,-0.11,0.11,-0.11,0.11,-0.392699081698724,0.392699081698724,20,1,0,0.15,0,0,130.227272727273,1.65759379743011,5,0,20,0.299961139084358,1.96666506546865,-0.00981431850212243,3.09769721689009,-0.177051133567005,0.199814958409981,-0.200137305887961,0.196586364059058,0.249454894997102,-0.379485646332144,0.560237133952964,-0.0999110557118569,0.0824485017594485,-0.0799997852664621,0.0868660993694772,-0.292696828442637,0.292695709708707,20,1,0,0.15,0,0,130.227272500255,1.39992059387744,8.01925835922622,0,199.3521375,0,-0.9,2
0,20,0,4,-3.14159265358979,3.14159265358979,-0.22,0.22,-0.22,0.22,0.22,-0.785398163397448,0.785398163397448,-0.11,0.11,-0.11,0.11,-0.392699081698724,0.392699081698724,20,1,0,0.15,0,0,129.832535885167,1.65759379743011,5,0,20,0.29978377983956,1.96632975668143,-0.0169811123155362,3.0768632365928,-0.176519110177435,0.195960135278609,-0.198543584194576,0.185774593914323,0.242488600146764,-0.340449257423184,0.58123081458124,-0.0999110615547749,0.0822724405893368,-0.0799994266684953,0.086666235028294,-0.292698074882128,0.29269757353521,20,1,0,0.15,0,0,129.832535662256,1.40040809327893,7.91437498641171,0,221.7502474,0,-0.95,2
0,20,0,4,-3.14159265358979,3.14159265358979,-0.22,0.22,-0.22,0.22,0.22,-0.785398163397448,0.785398163397448,-0.11,0.11,-0.11,0.11,-0.392699081698724,0.392699081698724,20,1,0,0.15,0,0,129.477272727273,1.65759379743011,5,0,20,0.294669451313583,1.93380749874397,-0.108725888803696,3.03128785469458,-0.0872742152947968,0.194152781401884,-0.190200625087811,0.197105637352558,0.224969958901221,-0.349664476896359,0.671505179610011,-0.097985675747209,0.0999110499477919,-0.087389000956943,0.0991380237104248,-0.275631181399429,0.309262166373354,20,1,0,0.15,0,0,129.477272466297,1.40344857177776,7.80974024399887,0,242.2799708,0,-1,2
0,20,0,4,-3.14159265358979,3.14159265358979,-0.22,0.22,-0.22,0.22,0.22,-0.785398163397448,0.785398163397448,-0.11,0.11,-0.11,0.11,-0.392699081698724,0.392699081698724,20,1,0,0.15,0,0,129.155844155844,1.65759379743011,5,0,20,0.294240276904658,1.94803820894647,-0.0458809892902869,3.0748545918507,-0.083983172106439,0.187600304281317,-0.184805092817665,0.193816461168255,0.225830049632695,-0.3290414489978,0.669157454721222,-0.0972147819542144,0.0999110353739913,-0.0946430777540919,0.0979564477815798,-0.247974759157155,0.313894237867374,20,1,0,0.15,0,0,129.155843894438,1.40380943185391,7.70532023233865,0,262.5194648,0,-1.05,2
0,20,0,4,-3.14159265358979,3.14159265358979,-0.22,0.22,-0.22,0.22,0.22,-0.785398163397448,0.785398163397448,-0.11,0.11,-0.11,0.11,-0.392699081698724,0.392699081698724,20,1,0,0.15,0,0,128.863636363636,1.65759379743011,5,0,20,0.293859697573623,1.96317275341033,-5.62074984330135e-05,3.15783053841938,-0.0837216715400961,0.180824100404988,-0.181463240946703,0.19166692247704,0.232391763116778,-0.342047904034535,0.677269242127848,-0.0963060144041783,0.0999110179341362,-0.0986913628637695,0.0967745825950727,-0.292693449286576,0.325167790661943,20,1,0,0.15,0,0,128.86363609705,1.40387160009417,7.60108694079704,0,294.7078135,0,-1.1,2
0,20,0,4,-3.14159265358979,3.14159265358979,-0.22,0.22,-0.22,0.22,0.22,-0.785398163397448,0.785398163397448,-0.11,0.11,-0.11,0.11,-0.392699081698724,0.392699081698724,20,1,0,0.15,0,0,128.596837944664,1.65759379743011,5,0,20,0.2935662843982,1.95077092922094,-0.0873547124754646,3.07629087280871,-0.089664893213754,0.185346577078245,-0.178427100183625,0.190574252337335,0.226491710064148,-0.343929170637177,0.682285335522128,-0.0999108786906259,0.0999109710879348,-0.0901020434215392,0.0955930316647489,-0.292697338482732,0.339945195028609,20,1,0,0.15,0,0,128.596837676107,1.40449916487402,7.49701702979803,0,312.3611573,0,-1.15,2
0,20,0,4,-3.14159265358979,3.14159265358979,-0.22,0.22,-0.22,0.22,0.22,-0.785398163397448,0.785398163397448,-0.11,0.11,-0.11,0.11,-0.392699081698724,0.392699081698724,20,1,0,0.15,0,0,128.352272727273,1.65759379743011,5,0,20,0.296745760379706,1.93494176850983,-0.142188389324027,3.07211020514343,-0.0842468601405847,0.184361572844441,-0.174142828864094,0.174142786232405,0.220912471712228,-0.357529779846356,0.661281448643113,-0.0997865043355215,0.0995682849887111,-0.0828581103627893,0.0999109520123133,-0.292698809671667,0.333455215775969,20,1,0,0.15,0,0,128.352272671474,1.40134591039688,7.49577272401411,0,343.2625751,0,-1.2,2
