0,20,0,5,-3.14159265358979,3.14159265358979,-0.22,0.22,-0.22,0.22,0.22,-0.392699081698724,0.392699081698724,-0.11,0.11,-0.11,0.11,-0.392699081698724,0.392699081698724,20,2.5,0,0.15,0,0,191.25,1.65759379743011,5,0,20,2.5,4.70455939805263,-3.00556660169949,0,-0.0438857050225343,0.191245799812332,-0.21465452062968,0.196587737164347,0.215195728971214,-0.35721567236575,0.286793242461458,-0.07999483883524,0.0799937788833313,-0.0799991286046019,0.0799989248562467,-0.196338752483759,0.195661235141439,20,2.5,0,0.15,0,0,191.249997628149,1.89935260879005,8.16689179060744,1,123.4862572,0,-0.6,2.5
0,20,0,5,-3.14159265358979,3.14159265358979,-0.22,0.22,-0.22,0.22,0.22,-0.392699081698724,0.392699081698724,-0.11,0.11,-0.11,0.11,-0.392699081698724,0.392699081698724,20,2.5,0,0.15,0,0,190.384615384615,1.65759379743011,5,0,20,2.43395252871817,4.69863821914822,-2.94364749560183,0.0269498466654852,-0.0279979011421379,0.179992206192061,-0.201383671553648,0.200655365106931,0.202599254723606,-0.296678301857029,0.275485338042098,-0.0672402792409326,0.0642682275412809,-0.075907015474682,0.069626806887491,-0.165195481706833,0.198480554966304,20,2.5,0,0.15,0,0,190.356030299128,1.89801897613776,8.14565179655018,1,33.4736643,2,-0.65,2.5
0,20,0,5,-3.14159265358979,3.14159265358979,-0.22,0.22,-0.22,0.22,0.22,-0.392699081698724,0.392699081698724,-0.11,0.11,-0.11,0.11,-0.392699081698724,0.392699081698724,20,2.5,0,0.15,0,0,189.642857142857,1.65759379743011,5,0,20,2.48008904904708,4.70541204315127,-2.95699971919842,0,-0.0359536565401649,0.207063618589862,-0.203727562764653,0.200359176201273,0.20861651033652,-0.332109455748422,0.243696714646124,-0.0839823663904292,0.0799995275398869,-0.081925935721531,0.0799995748348742,-0.207899156688828,0.227897070519499,20,2.5,0,0.15,0,0,189.642855848915,1.89816145642899,8.02674413127964,1,165.5055073,0,-0.7,2.5
0,20,0,5,-3.14159265358979,3.14159265358979,-0.22,0.22,-0.22,0.22,0.22,-0.392699081698724,0.392699081698724,-0.11,0.11,-0.11,0.11,-0.392699081698724,0.392699081698724,20,2.5,0,0.15,0,0,189,1.65759379743011,5,0,20,2.49813055223922,4.71642167394115,-2.98943178827606,0.0102518092849691,-0.0356280345687266,0.204675168681046,-0.179559797309747,0.169999979887934,0.204759711474049,-0.37481390810499,0.240224106564237,-0.0874079708081422,0.0858723059244746,-0.0828456421264995,0.0799970869411857,-0.208183673492559,0.242265713872648,20,2.5,0,0.15,0,0,188.999999804655,1.89635491663803,7.90923912226001,1,201.9929684,0,-0.75,2.5
0,20,0,5,-3.14159265358979,3.14159265358979,-0.22,0.22,-0.22,0.22,0.22,-0.392699081698724,0.392699081698724,-0.11,0.11,-0.11,0.11,-0.392699081698724,0.392699081698724,20,2.5,0,0.15,0,0,188.4375,1.65759379743011,5,0,20,2.5,4.70935140243147,-3.21278366140568,0.0219660217266012,-0.0316264515868731,0.203433122624302,-0.186108482424893,0.200612847312553,0.20447054615783,-0.409080426647149,0.295776502724844,-0.0903683159575864,0.0868381550442672,-0.0875585216821809,0.0799975037502526,-0.292697621537135,0.292698335490971,20,2.5,0,0.15,0,0,188.437499858224,1.90292647712142,7.79387754515647,1,187.7554673,2,-0.8,2.5
0,20,0,5,-3.14159265358979,3.14159265358979,-0.22,0.22,-0.22,0.22,0.22,-0.392699081698724,0.392699081698724,-0.11,0.11,-0.11,0.11,-0.392699081698724,0.392699081698724,20,2.5,0,0.15,0,0,187.941176470588,1.65759379743011,5,0,20,2.49559086982792,4.72232951517215,-3.22105121232092,0.231075928245993,-0.0292985046599619,0.191775776884038,-0.183892528957752,0.197945835250635,0.199982465967249,-0.381669943831909,0.310117805454833,-0.0913253488487871,0.0895299599274136,-0.0804652385828402,0.0799914632239555,-0.292695930686852,0.292695931203778,20,2.5,0,0.15,0,0,187.941175896904,1.84026853414739,7.68028843809465,1,255.1064941,0,-0.85,2.5
0,20,0,5,-3.14159265358979,3.14159265358979,-0.22,0.22,-0.22,0.22,0.22,-0.392699081698724,0.392699081698724,-0.11,0.11,-0.11,0.11,-0.392699081698724,0.392699081698724,20,2.5,0,0.15,0,0,187.5,1.65759379743011,5,0,20,2.49706793977256,4.71447339007634,-3.16256654830582,0.185875944759552,-0.0296904236702829,0.162793883970004,-0.199043716773678,0.19029324660762,0.200714654671135,-0.369539002013122,0.271001140985236,-0.0799927331354657,0.0847443301165635,-0.088040571944108,0.0799837409558565,-0.292527732376011,0.292655557164451,20,2.5,0,0.15,0,0,186.616494057364,1.89590210144637,5.7002856366613,1,290.4840117,0,-0.9,2.5
0,20,0,5,-3.14159265358979,3.14159265358979,-0.22,0.22,-0.22,0.22,0.22,-0.392699081698724,0.392699081698724,-0.11,0.11,-0.11,0.11,-0.392699081698724,0.392699081698724,20,2.5,0,0.15,0,0,187.105263157895,1.65759379743011,5,0,20,2.49718926523228,4.72304178720816,-3.1381967831197,0.19533516768,-0.0256468792052279,0.151488855314922,-0.171133935402059,0.188486886223445,0.190075188615401,-0.343078761619731,0.26813418110079,-0.0926058956810501,0.0799890816852997,-0.0904180436601862,0.0802336977600809,-0.292684500953894,0.292685833962724,20,2.5,0,0.15,0,0,187.104816750042,1.85923904665096,5.61852107769524,1,311.3850125,0,-0.95,2.5
0,20,0,5,-3.14159265358979,3.14159265358979,-0.22,0.22,-0.22,0.22,0.22,-0.392699081698724,0.392699081698724,-0.11,0.11,-0.11,0.11,-0.392699081698724,0.392699081698724,20,2.5,0,0.15,0,0,186.75,1.65759379743011,5,0,20,2.47833326876787,4.72051698265714,-2.8882022270267,0.0962929234258848,-0.0221507673537231,0.151183806430432,-0.189150880667164,0.189158669314923,0.190315089046644,-0.311983493211227,0.213806759638756,-0.094118763783207,0.0791598389785049,-0.0799095806635583,0.0798107755301667,-0.292533076420595,0.292532949455519,20,2.5,0,0.15,0,0,186.747043927461,1.85960814728712,5.61261607432261,1,328.2962355,0,-1,2.5
0,20,0,5,-3.14159265358979,3.14159265358979,-0.22,0.22,-0.22,0.22,0.22,-0.392699081698724,0.392699081698724,-0.11,0.11,-0.11,0.11,-0.392699081698724,0.392699081698724,20,2.5,0,0.15,0,0,186.428571428571,1.65759379743011,5,0,20,2.45520575723962,4.71864839056906,-2.97906466199971,1.51799364266857,-0.0191130041652725,0.182103629924529,-0.194057596440608,0.194089290312775,0.195019346643897,-0.364662867278558,0.34609742607934,-0.0913236668517005,0.0810550888600357,-0.083355640981925,0.0860176640013318,-0.350123744612762,0.292692321553671,20,2.5,0,0.15,0,0,186.428514095912,1.86351467866477,5.70937324418732,1,355.0807721,0,-1.05,2.5
0,20,0,5,-3.14159265358979,3.14159265358979,-0.22,0.22,-0.22,0.22,0.22,-0.392699081698724,0.392699081698724,-0.11,0.11,-0.11,0.11,-0.392699081698724,0.392699081698724,20,2.5,0,0.15,0,0,186.136363636364,1.65759379743011,5,0,20,1.35914046236193,4.71694943047042,-3.10304986394861,0.394681574400851,-0.024130756258214,0.186580995350582,-0.189731813640573,0.18396406341425,0.199648705623943,-0.359618059118314,0.311526675391931,-0.0855588289900094,0.0937943206042958,-0.0978590853284936,0.0953143137627853,-0.292665159329526,0.292679023848597,20,2.5,0,0.15,0,0,186.136308020778,1.86720183185055,5.80634154870786,1,462.4929239,0,-1.1,2.5
0,20,0,5,-3.14159265358979,3.14159265358979,-0.22,0.22,-0.22,0.22,0.22,-0.392699081698724,0.392699081698724,-0.11,0.11,-0.11,0.11,-0.392699081698724,0.392699081698724,20,2.5,0,0.15,0,0,185.869565217391,1.65759379743011,5,0,20,2.44772784938527,4.71596405893724,-2.82674836824113,0.961209902865129,-0.0225861069090449,0.190386838338664,-0.174532388113974,0.177470645144001,0.196975826326675,-0.375616375418889,0.366184855166692,-0.0832495828956388,0.085322451714383,-0.0980024541118721,0.0978651457719468,-0.292543495791538,0.298287078579034,20,2.5,0,0.15,0,0,185.86937093848,1.9155281273181,6.61606451316733,1,425.4240874,0,-1.15,2.5
0,20,0,5,-3.14159265358979,3.14159265358979,-0.22,0.22,-0.22,0.22,0.22,-0.392699081698724,0.392699081698724,-0.11,0.11,-0.11,0.11,-0.392699081698724,0.392699081698724,20,2.5,0,0.15,0,0,185.625,1.65759379743011,5,0,20,1.6162716645514,4.71173803240772,-2.75997249030065,0.513824534397674,-0.0132480064973614,0.165207388505127,-0.168880711483707,0.177214607876094,0.18183277729481,-0.374441150247889,0.334968520094287,-0.0793082316581835,0.071891586337422,-0.0863899562310669,0.0925858029683793,-0.292495236573615,0.327725437030925,20,2.5,0,0.15,0,0,185.624782960821,1.88743500418578,6.00102038065122,1,540.0661513,0,-1.2,2.5
0,20,0,5,-3.14159265358979,3.14159265358979,-0.22,0.22,-0.22,0.22,0.22,-0.392699081698724,0.392699081698724,-0.11,0.11,-0.11,0.11,-0.392699081698724,0.392699081698724,20,2.5,0,0.15,0,0,191.25,1.65759379743011,5,0,20,0.29999981331554,2.50596976768987,-0.0118794373846952,2.94382501616668,-0.0436759698596779,0.177231920212838,-0.200362873470922,0.200361829080329,0.204208973563364,-0.190513194571337,0.280444005300094,-0.0799997160876041,0.079999778594824,-0.0799978893650529,0.0799975267371876,-0.0589568600152291,0.0907331337543069,20,2.5,0,0.15,0,0,191.249997827536,2.1506507226713,8.2702701763259,1,172.8830893,0,-0.6,2.75
0,20,0,5,-3.14159265358979,3.14159265358979,-0.22,0.22,-0.22,0.22,0.22,-0.392699081698724,0.392699081698724,-0.11,0.11,-0.11,0.11,-0.392699081698724,0.392699081698724,20,2.5,0,0.15,0,0,190.384615384615,1.65759379743011,5,0,20,0.297671611677523,2.52059212019804,0,2.92731449478171,-0.011282838184231,0.188936370834867,-0.201392270594232,0.211411944197186,0.211595074188956,-0.247586034585854,0.328510262704806,-0.0799996242718171,0.0799996003967411,-0.0799994062818579,0.080008510729494,-0.138731751288847,0.108144198399361,20,2.5,0,0.15,0,0,190.384613460486,2.14997045479915,8.14687491766331,1,143.4459386,0,-0.65,2.75
0,20,0,5,-3.14159265358979,3.14159265358979,-0.22,0.22,-0.22,0.22,0.22,-0.392699081698724,0.392699081698724,-0.11,0.11,-0.11,0.11,-0.392699081698724,0.392699081698724,20,2.5,0,0.15,0,0,189.642857142857,1.65759379743011,5,0,20,0.297476452703943,2.50149690786474,-0.0122033075866872,2.9171677093371,-0.0349900362886416,0.198840612046894,-0.194828731195848,0.208488039530683,0.211403796718101,-0.205413111369516,0.296180592277073,-0.0831577404373406,0.0799947023804826,-0.0799981574031976,0.081262159047386,-0.199325871990069,0.174596971797632,20,2.5,0,0.15,0,0,189.642850750767,2.15225425007721,8.02674391549757,1,165.3660375,0,-0.7,2.75
0,20,0,5,-3.14159265358979,3.14159265358979,-0.22,0.22,-0.22,0.22,0.22,-0.392699081698724,0.392699081698724,-0.11,0.11,-0.11,0.11,-0.392699081698724,0.392699081698724,20,2.5,0,0.15,0,0,189,1.65759379743011,5,0,20,0.292917985248523,2.51690779329136,0,2.9468420246911,-0.036132038351448,0.200479673672116,-0.176540474943072,0.201535096174219,0.203990014061337,-0.243792033035579,0.341346328357118,-0.0866665074231747,0.0866663798469973,-0.0799992411434,0.0831521923553603,-0.216128748887521,0.196440874575259,20,2.5,0,0.15,0,0,188.999998864791,2.15658335778886,7.90923908292877,1,192.1269784,0,-0.75,2.75
0,20,0,5,-3.14159265358979,3.14159265358979,-0.22,0.22,-0.22,0.22,0.22,-0.392699081698724,0.392699081698724,-0.11,0.11,-0.11,0.11,-0.392699081698724,0.392699081698724,20,2.5,0,0.15,0,0,188.4375,1.65759379743011,5,0,20,0.290692709141947,2.5,-0.0184220352089813,2.94083088983355,-0.0338189900552632,0.187645795347842,-0.201436726778848,0.186127236638925,0.204183926745497,-0.244892269974323,0.388753557874815,-0.0866667111286709,0.0866666863665065,-0.0799985007629907,0.087589741846768,-0.27627675095131,0.260181025242352,20,2.5,0,0.15,0,0,188.437499855413,2.15352253527288,7.69132652471075,1,224.8108141,0,-0.8,2.75
0,20,0,5,-3.14159265358979,3.14159265358979,-0.22,0.22,-0.22,0.22,0.22,-0.392699081698724,0.392699081698724,-0.11,0.11,-0.11,0.11,-0.392699081698724,0.392699081698724,20,2.5,0,0.15,0,0,187.941176470588,1.65759379743011,5,0,20,0.274629556899996,2.5,0,3.20980513880377,-0.0317839531150607,0.176354484204961,-0.199880714129112,0.182592079798346,0.202387616108245,-0.298067227851858,0.403836700947865,-0.0866667544224441,0.0866667470065565,-0.0799997835850465,0.0799999815541074,-0.292698907622758,0.292698738599539,20,2.5,0,0.15,0,0,187.941176442417,2.08198603546938,7.68028846038723,1,212.4927467,2,-0.85,2.75
0,20,0,5,-3.14159265358979,3.14159265358979,-0.22,0.22,-0.22,0.22,0.22,-0.392699081698724,0.392699081698724,-0.11,0.11,-0.11,0.11,-0.392699081698724,0.392699081698724,20,2.5,0,0.15,0,0,187.5,1.65759379743011,5,0,20,0.277180019710483,2.51485073194541,-0.010751556671928,2.88287295309664,-0.0299794788935568,0.163395106615684,-0.198008672064391,0.199979624475723,0.201665280154538,-0.199437302673723,0.379718695838662,-0.0866662336132019,0.0799999241161248,-0.086666377044445,0.0799996257530135,-0.256069072103589,0.248666842511485,20,2.5,0,0.15,0,0,187.499999646214,2.11797631102867,7.46590907682198,1,302.3161276,0,-0.9,2.75
0,20,0,5,-3.14159265358979,3.14159265358979,-0.22,0.22,-0.22,0.22,0.22,-0.392699081698724,0.392699081698724,-0.11,0.11,-0.11,0.11,-0.392699081698724,0.392699081698724,20,2.5,0,0.15,0,0,187.105263157895,1.65759379743011,5,0,20,0.298669398118671,2.50152444463064,-0.297746885963173,3.20764112237252,-0.027792896696761,0.155966370055559,-0.184154051786664,0.194045743781081,0.195560926790296,-0.306643936316235,0.361852232829897,-0.0925481971670259,0.0839058501892431,-0.0799855340351463,0.0977871518292004,-0.294308638365107,0.291647360572373,20,2.5,0,0.15,0,0,187.104987174144,2.14980332357769,5.61852619531554,1,308.4796396,0,-0.95,2.75
0,20,0,5,-3.14159265358979,3.14159265358979,-0.22,0.22,-0.22,0.22,0.22,-0.392699081698724,0.392699081698724,-0.11,0.11,-0.11,0.11,-0.392699081698724,0.392699081698724,20,2.5,0,0.15,0,0,186.75,1.65759379743011,5,0,20,0.298065634263522,2.5,-0.219214837779824,3.06192148758193,-0.0219319214360483,0.151205681787786,-0.173050220266568,0.192002686577285,0.192211282009763,-0.250513192665435,0.338476017472133,-0.0939588787922313,0.0796513844319227,-0.0796330879655827,0.0997795184433437,-0.292628897466833,0.292628529816112,20,2.5,0,0.15,0,0,186.749546131971,2.1498496117874,5.51064234487785,1,331.3806591,0,-1,2.75
0,20,0,5,-3.14159265358979,3.14159265358979,-0.22,0.22,-0.22,0.22,0.22,-0.392699081698724,0.392699081698724,-0.11,0.11,-0.11,0.11,-0.392699081698724,0.392699081698724,20,2.5,0,0.15,0,0,186.428571428571,1.65759379743011,5,0,20,0.291891616415672,2.57064402165091,-0.264387731174051,2.8841344237643,-0.0130023668477978,0.150610976099503,-0.179592761873142,0.177553619810359,0.179916760058105,-0.224006895661288,0.306141661450492,-0.0904296989425069,0.0753645991504269,-0.0776984577436763,0.0861736949783558,-0.292458664666335,0.292459225659377,20,2.5,0,0.15,0,0,186.426336636374,2.12267054859427,5.60735465664093,1,350.1391249,0,-1.05,2.75
0,20,0,5,-3.14159265358979,3.14159265358979,-0.22,0.22,-0.22,0.22,0.22,-0.392699081698724,0.392699081698724,-0.11,0.11,-0.11,0.11,-0.392699081698724,0.392699081698724,20,2.5,0,0.15,0,0,186.136363636364,1.65759379743011,5,0,20,0.313090622080806,2.92918294343593,-0.428017959852745,2.7263539739736,-0.0213313976795545,0.18603831226228,-0.184546375308628,0.142899046704768,0.188028166480843,-0.292060571994186,0.362790239049528,-0.0999102084556998,0.0829176149022633,-0.0942772912303586,0.0999107100903978,-0.29392433561618,0.266793672383495,20,2.5,0,0.15,0,0,186.136357355874,1.38053235233497,4.48208940100712,0,376.4929732,0,-1.1,2.75
0,20,0,5,-3.14159265358979,3.14159265358979,-0.22,0.22,-0.22,0.22,0.22,-0.392699081698724,0.392699081698724,-0.11,0.11,-0.11,0.11,-0.392699081698724,0.392699081698724,20,2.5,0,0.15,0,0,185.869565217391,1.65759379743011,5,0,20,0.284516548843184,2.93039386038613,-1.09281122378642,2.6112225873223,-0.00993718921361226,0.179312629669353,-0.188212410600163,0.169734712520697,0.199233417690824,-0.311026378936463,0.378088679946059,-0.0956179006657295,0.0798703463632797,-0.089788517052568,0.0979059461102669,-0.31699791983515,0.348586192505064,20,2.5,0,0.15,0,0,185.869560448792,1.31967548119917,4.27499989032223,1,403.6168443,0,-1.15,2.75
0,20,0,5,-3.14159265358979,3.14159265358979,-0.22,0.22,-0.22,0.22,0.22,-0.392699081698724,0.392699081698724,-0.11,0.11,-0.11,0.11,-0.392699081698724,0.392699081698724,20,2.5,0,0.15,0,0,185.625,1.65759379743011,5,0,20,0.291753183056993,2.69195760853441,-1.59647552767847,2.7082105012156,-0.0217372616910747,0.188906062180188,-0.187792212183532,0.192330249255097,0.193303320199642,-0.364693180944669,0.372107598209846,-0.0859795830374276,0.0998154441651278,-0.0953830501942689,0.0998617871103939,-0.292679720062872,0.297364964779017,20,2.5,0,0.15,0,0,185.624962334538,2.11885161921232,6.40787541209637,1,434.812537,0,-1.2,2.75
0,20,0,5,-3.14159265358979,3.14159265358979,-0.22,0.22,-0.22,0.22,0.22,-0.392699081698724,0.392699081698724,-0.11,0.11,-0.11,0.11,-0.392699081698724,0.392699081698724,20,2.5,0,0.15,0,0,191.25,1.65759379743011,5,0,20,0.295440309410967,2.5,0,2.96536003495815,-0.0321831615427942,0.170691515765905,-0.196587528019366,0.214655022279338,0.216506241451592,-0.248497565408265,0.242495538144019,-0.0572884465493677,0.0564113911034882,-0.0799996219272336,0.0799998442151314,-0.0941293461141032,0.0918686034762754,20,2.5,0,0.15,0,0,191.249999547675,2.40013829445139,8.37364862884412,1,169.6878197,2,-0.6,3
0,20,0,5,-3.14159265358979,3.14159265358979,-0.22,0.22,-0.22,0.22,0.22,-0.392699081698724,0.392699081698724,-0.11,0.11,-0.11,0.11,-0.392699081698724,0.392699081698724,20,2.5,0,0.15,0,0,190.384615384615,1.65759379743011,5,0,20,0.712849579578477,2.5,-0.0962673947638975,0.89627533948414,0.0189811903353728,0.153153268502744,-0.136157064841669,0.0837472949513041,0.153902513590624,-0.112718695443981,0.166441280582779,-0.037117109093373,0.0379209504830854,-0.0261774327082286,0.0527203039087828,-0.0932656365716781,0.0606112138483121,20,2.5,0,0.15,0,0,189.975501159677,1.92783175489517,4.83645963369011,1,11.8437192,2,-0.65,3
0,20,0,5,-3.14159265358979,3.14159265358979,-0.22,0.22,-0.22,0.22,0.22,-0.392699081698724,0.392699081698724,-0.11,0.11,-0.11,0.11,-0.392699081698724,0.392699081698724,20,2.5,0,0.15,0,0,189.642857142857,1.65759379743011,5,0,20,0.287167513630945,2.51599959278668,-0.0263869653136135,2.97318550127053,-0.0198863709770932,0.190882969132111,-0.171477462641251,0.207989917083526,0.208783581793319,-0.280462924285888,0.329351729969899,-0.0799997605584786,0.0799996451603073,-0.0799999318855636,0.079999937644309,-0.155223404213214,0.138893344829504,20,2.5,0,0.15,0,0,189.642856888282,2.40872759911683,8.02674417527147,1,169.9502407,0,-0.7,3
0,20,0,5,-3.14159265358979,3.14159265358979,-0.22,0.22,-0.22,0.22,0.22,-0.392699081698724,0.392699081698724,-0.11,0.11,-0.11,0.11,-0.392699081698724,0.392699081698724,20,2.5,0,0.15,0,0,189,1.65759379743011,5,0,20,0.277548484422501,2.5,0,2.87065503499959,-0.0333295120357403,0.182606750811011,-0.201288249512582,0.205109272826104,0.206044088634967,-0.232104307213626,0.297668824397037,-0.0799910534231175,0.0805968112484357,-0.079997785427056,0.0799968671114771,-0.173542012476919,0.157377952268238,20,2.5,0,0.15,0,0,188.999993005751,2.41539780002762,7.90923883774065,1,193.5568897,0,-0.75,3
0,20,0,5,-3.14159265358979,3.14159265358979,-0.22,0.22,-0.22,0.22,0.22,-0.392699081698724,0.392699081698724,-0.11,0.11,-0.11,0.11,-0.392699081698724,0.392699081698724,20,2.5,0,0.15,0,0,188.4375,1.65759379743011,5,0,20,0.277650152149141,2.5047450100691,0,2.94605674137286,-0.033819023291825,0.187645540918277,-0.201664622645253,0.203001558886482,0.20579931789672,-0.226140316409893,0.339790190216839,-0.08666664455077,0.0866666160327121,-0.0799989590198636,0.0799994826602354,-0.196484123508693,0.182067647441836,20,2.5,0,0.15,0,0,188.437499870929,2.42026981412712,7.69132652534405,1,221.3700908,0,-0.8,3
0,20,0,5,-3.14159265358979,3.14159265358979,-0.22,0.22,-0.22,0.22,0.22,-0.392699081698724,0.392699081698724,-0.11,0.11,-0.11,0.11,-0.392699081698724,0.392699081698724,20,2.5,0,0.15,0,0,187.941176470588,1.65759379743011,5,0,20,0.295239980215754,2.5,-0.00376669569445378,2.95759667491675,-0.0317839541046197,0.176353802958946,-0.199925211135523,0.178131873863183,0.20243589303986,-0.212057551638178,0.393973828259136,-0.0866665463952814,0.0866662326375523,-0.0799991621246778,0.0879107923843579,-0.292291922276067,0.29188499860369,20,2.5,0,0.15,0,0,187.941176333456,2.34923795725061,7.57788460985538,1,255.8366625,0,-0.85,3
0,20,0,5,-3.14159265358979,3.14159265358979,-0.22,0.22,-0.22,0.22,0.22,-0.392699081698724,0.392699081698724,-0.11,0.11,-0.11,0.11,-0.392699081698724,0.392699081698724,20,2.5,0,0.15,0,0,187.5,1.65759379743011,5,0,20,0.668296215817387,2.60558888812212,-0.0225325622596931,1.22586607229651,-0.00925576178493129,0.157340722187446,-0.17320365774402,0.074647977614547,0.173401467236438,-0.281955512254714,0.30339936022895,-0.0649517059101038,0.0466033055629999,-0.0437194318716082,0.0682317558901631,-0.234239137065449,0.143420088357556,20,2.5,0,0.15,0,0,187.437186810212,2.02776712964912,5.72535406983922,1,32.6760134,2,-0.9,3
0,20,0,5,-3.14159265358979,3.14159265358979,-0.22,0.22,-0.22,0.22,0.22,-0.392699081698724,0.392699081698724,-0.11,0.11,-0.11,0.11,-0.392699081698724,0.392699081698724,20,2.5,0,0.15,0,0,187.105263157895,1.65759379743011,5,0,20,0.30000113255373,2.50000089741473,-0.0169255116878224,2.85233513390249,-0.0256012629410991,0.151706714882795,-0.194072176495345,0.193919142422238,0.195629990770137,-0.214444225992884,0.298983417533357,-0.0925703157730548,0.0798305845345896,-0.0799916776400129,0.0992213408437764,-0.185441972229244,0.103170483705967,20,2.5,0,0.15,0,0,187.105135679192,2.40010639822924,5.516375551921,1,304.295306,0,-0.95,3
0,20,0,5,-3.14159265358979,3.14159265358979,-0.22,0.22,-0.22,0.22,0.22,-0.392699081698724,0.392699081698724,-0.11,0.11,-0.11,0.11,-0.392699081698724,0.392699081698724,20,2.5,0,0.15,0,0,186.75,1.65759379743011,5,0,20,0.299993654680319,2.5,-0.12148549563967,3.03233897608582,-0.0230527747610536,0.151355390196337,-0.186794859755604,0.186840375474964,0.188100675711002,-0.24010709271027,0.303457592954174,-0.0948330076201331,0.0797169931455029,-0.079192930351113,0.0983020944752661,-0.267803684907748,0.24805188322138,20,2.5,0,0.15,0,0,186.749896641455,2.40000977196213,5.40860356393284,1,330.4289871,0,-1,3
0,20,0,5,-3.14159265358979,3.14159265358979,-0.22,0.22,-0.22,0.22,0.22,-0.392699081698724,0.392699081698724,-0.11,0.11,-0.11,0.11,-0.392699081698724,0.392699081698724,20,2.5,0,0.15,0,0,186.428571428571,1.65759379743011,5,0,20,0.300002075501879,2.50008021714848,-0.161919059087274,3.13946679716302,-0.0168978337688243,0.151070293977509,-0.179883193140064,0.179907953431952,0.180426044035501,-0.273257485890794,0.326790947529603,-0.0939754049042808,0.0784341442342932,-0.0759798084629306,0.0961971943140892,-0.292494688180763,0.292495232726532,20,2.5,0,0.15,0,0,186.428027759684,2.40000688702761,5.50545269477816,1,349.7481502,0,-1.05,3
0,20,0,5,-3.14159265358979,3.14159265358979,-0.22,0.22,-0.22,0.22,0.22,-0.392699081698724,0.392699081698724,-0.11,0.11,-0.11,0.11,-0.392699081698724,0.392699081698724,20,2.5,0,0.15,0,0,186.136363636364,1.65759379743011,5,0,20,0.300025999058996,2.51649563045889,-0.164875763278048,2.82250037027684,-0.00928617718751145,0.150917043918723,-0.174314308134998,0.174332393030722,0.174437650915013,-0.206411064367579,0.300372986276853,-0.0906407064377931,0.0740962066624286,-0.0720266805738671,0.093994452999992,-0.292402170402888,0.29240292111664,20,2.5,0,0.15,0,0,186.133434765586,2.40000529315616,5.50065971396805,1,374.9847566,0,-1.1,3
0,20,0,5,-3.14159265358979,3.14159265358979,-0.22,0.22,-0.22,0.22,0.22,-0.392699081698724,0.392699081698724,-0.11,0.11,-0.11,0.11,-0.392699081698724,0.392699081698724,20,2.5,0,0.15,0,0,185.869565217391,1.65759379743011,5,0,20,1.25864414751077,2.5,-0.0546979658091533,1.01517638014867,-0.00492405163034895,0.186917040353738,-0.191823733179225,0.0457627699683487,0.19182484112296,-0.101021033015339,0.371367054488209,-0.0943143168332621,0.079764246693788,-0.0902477797134359,0.0799731283907647,-0.270758043911897,0.276808198817994,20,2.5,0,0.15,0,0,185.869558497503,1.19418657990547,4.1732141348368,1,394.3042007,0,-1.15,3
0,20,0,5,-3.14159265358979,3.14159265358979,-0.22,0.22,-0.22,0.22,0.22,-0.392699081698724,0.392699081698724,-0.11,0.11,-0.11,0.11,-0.392699081698724,0.392699081698724,20,2.5,0,0.15,0,0,185.625,1.65759379743011,5,0,20,0.858955016467872,2.50007727146899,-0.81706367472955,2.66493526515665,-0.01166789384,0.185682394159242,-0.190173975785454,0.163334917982958,0.190232272118167,-0.314674065838475,0.366185724010726,-0.0921130097997011,0.0998960068023833,-0.0929178398728076,0.0878340426552922,-0.292697780903315,0.292698641190342,20,2.5,0,0.15,0,0,185.624998831086,1.16839194729619,4.0684931250649,1,429.8935609,0,-1.2,3
0,20,0,5,-3.14159265358979,3.14159265358979,-0.22,0.22,-0.22,0.22,0.22,-0.392699081698724,0.392699081698724,-0.11,0.11,-0.11,0.11,-0.392699081698724,0.392699081698724,20,2.5,0,0.15,0,0,191.25,1.65759379743011,5,0,20,0.295440205461291,2.53935817774339,0,2.95341642963138,-0.0198561804908665,0.168366140502444,-0.196587417811219,0.214655298157327,0.215263522387799,-0.239115733149008,0.210555432800751,-0.0327901418623623,0.065434229078577,-0.0799999304058823,0.0799999697527928,-0.0904449658651321,0.081834256293802,20,2.5,0,0.15,0,0,191.249999879247,2.65004779231149,8.37364864336164,1,146.5764993,2,-0.6,3.25
0,20,0,5,-3.14159265358979,3.14159265358979,-0.22,0.22,-0.22,0.22,0.22,-0.392699081698724,0.392699081698724,-0.11,0.11,-0.11,0.11,-0.392699081698724,0.392699081698724,20,2.5,0,0.15,0,0,190.384615384615,1.65759379743011,5,0,20,0.295211467174073,2.53622057150139,-0.000591816972870321,2.9392314998829,-0.0328367708989838,0.186121263430034,-0.182185056175796,0.211097220652389,0.213116172123004,-0.248292943453996,0.230024108138657,-0.0693781605033544,0.0651135337190649,-0.0799999867803132,0.079999989560197,-0.102154225710307,0.0958322588984387,20,2.5,0,0.15,0,0,190.384615335105,2.65267169383551,8.14687499788139,1,106.4028757,2,-0.65,3.25
0,20,0,5,-3.14159265358979,3.14159265358979,-0.22,0.22,-0.22,0.22,0.22,-0.392699081698724,0.392699081698724,-0.11,0.11,-0.11,0.11,-0.392699081698724,0.392699081698724,20,2.5,0,0.15,0,0,189.642857142857,1.65759379743011,5,0,20,0.279569485329355,2.50043168655305,-0.00115445944069664,2.93673600892345,-0.0354508151153784,0.172078912865216,-0.192833647161176,0.207620711028694,0.208174266482141,-0.238110344785771,0.259405281516501,-0.0799995122254073,0.0799996104651964,-0.0799999337325645,0.0799998774704554,-0.105249554787059,0.0838555577336385,20,2.5,0,0.15,0,0,189.642856905575,2.6661748275491,8.12965115261883,1,156.3470663,2,-0.7,3.25
0,20,0,5,-3.14159265358979,3.14159265358979,-0.22,0.22,-0.22,0.22,0.22,-0.392699081698724,0.392699081698724,-0.11,0.11,-0.11,0.11,-0.392699081698724,0.392699081698724,20,2.5,0,0.15,0,0,189,1.65759379743011,5,0,20,0.277446762994699,2.5,-0.000754313780380631,2.92702314913737,-0.033188566399009,0.168343381666343,-0.202712474182341,0.205106539772333,0.207774333345101,-0.237876438517457,0.28731361233758,-0.0799997756199134,0.079999737924673,-0.0799998788603867,0.0799999097818184,-0.110978870031332,0.0855567435594791,20,2.5,0,0.15,0,0,188.999999783022,2.66892758991143,7.80652173016831,1,158.7700817,2,-0.75,3.25
0,20,0,5,-3.14159265358979,3.14159265358979,-0.22,0.22,-0.22,0.22,0.22,-0.392699081698724,0.392699081698724,-0.11,0.11,-0.11,0.11,-0.392699081698724,0.392699081698724,20,2.5,0,0.15,0,0,188.4375,1.65759379743011,5,0,20,0.26009095159828,2.5,0,2.9166928083481,-0.032732454795387,0.173398324455622,-0.174161955820724,0.174266356630876,0.18417575754956,-0.251334647938699,0.332624255127275,-0.0821584477023169,0.0799997740676013,-0.0799996974598303,0.0894343775185937,-0.138978550060065,0.115403199572506,20,2.5,0,0.15,0,0,188.437499862824,2.68537344975739,7.69132652501324,1,214.1847075,2,-0.8,3.25
0,20,0,5,-3.14159265358979,3.14159265358979,-0.22,0.22,-0.22,0.22,0.22,-0.392699081698724,0.392699081698724,-0.11,0.11,-0.11,0.11,-0.392699081698724,0.392699081698724,20,2.5,0,0.15,0,0,187.941176470588,1.65759379743011,5,0,20,0.296423019440296,2.5,-0.0104765394574485,2.82991115554134,-0.0317839746937207,0.171547782899809,-0.199925297104797,0.201783980141651,0.203660912392101,-0.184861548739106,0.304232875343274,-0.086666618491519,0.0799999803724879,-0.0866666090008442,0.0799999399904879,-0.105877668435985,0.0686757168942146,20,2.5,0,0.15,0,0,187.941176433053,2.63220861503075,7.4754807677378,1,334.0927146,2,-0.85,3.25
0,20,0,5,-3.14159265358979,3.14159265358979,-0.22,0.22,-0.22,0.22,0.22,-0.392699081698724,0.392699081698724,-0.11,0.11,-0.11,0.11,-0.392699081698724,0.392699081698724,20,2.5,0,0.15,0,0,187.5,1.65759379743011,5,0,20,1.07248922417887,2.92768701264202,-0.207996281102931,1.14090701877188,-0.0124391412804146,0.161656552562535,-0.172061632801513,0.121162600961648,0.172308398370099,-0.310477862559276,0.286769749154062,-0.0662877085051312,0.0525084594515179,-0.040381056717765,0.0737020053633015,-0.244703716950142,0.171468575515116,20,2.5,0,0.15,0,0,187.40656107792,1.86467131117128,5.6221968323376,1,28.4102282,2,-0.9,3.25
0,20,0,5,-3.14159265358979,3.14159265358979,-0.22,0.22,-0.22,0.22,0.22,-0.392699081698724,0.392699081698724,-0.11,0.11,-0.11,0.11,-0.392699081698724,0.392699081698724,20,2.5,0,0.15,0,0,187.105263157895,1.65759379743011,5,0,20,1.11374046684156,2.62336286439091,-0.0666267460686483,1.23456451454501,-0.00916707585510235,0.160356328184603,-0.172420500012556,0.0619469204254983,0.1725648318503,-0.154166733758747,0.312670583439655,-0.0674235173400936,0.0479806727693685,-0.0397326612470483,0.0670215035613543,-0.201048576698419,0.155864453826996,20,2.5,0,0.15,0,0,187.029669650223,1.83654192973986,5.92260620559038,1,38.0000194,2,-0.95,3.25
0,20,0,5,-3.14159265358979,3.14159265358979,-0.22,0.22,-0.22,0.22,0.22,-0.392699081698724,0.392699081698724,-0.11,0.11,-0.11,0.11,-0.392699081698724,0.392699081698724,20,2.5,0,0.15,0,0,186.75,1.65759379743011,5,0,20,0.300000656144019,2.50037474126153,0,2.83846319495899,-0.0231252722209899,0.151377414225386,-0.196904584247688,0.196910410733159,0.198197236143213,-0.20765869380096,0.303569915118827,-0.0948893672083936,0.0796741672330357,-0.0799929367590972,0.0866784632519791,-0.209893852641563,0.125674093819797,20,2.5,0,0.15,0,0,186.749862416941,2.6500079047935,5.40860257273106,1,325.5895795,0,-1,3.25
0,20,0,5,-3.14159265358979,3.14159265358979,-0.22,0.22,-0.22,0.22,0.22,-0.392699081698724,0.392699081698724,-0.11,0.11,-0.11,0.11,-0.392699081698724,0.392699081698724,20,2.5,0,0.15,0,0,186.428571428571,1.65759379743011,5,0,20,0.300000136415258,2.50878394158413,-0.124757981140375,3.08999804975894,-0.0180867033792206,0.151020715305781,-0.195613029497657,0.195613605136994,0.196264348357261,-0.252379524721344,0.304089320743398,-0.0950032162016374,0.0799039068457189,-0.0799983311315424,0.0866684681063388,-0.276187156552703,0.264665010065139,20,2.5,0,0.15,0,0,186.428544481219,2.6500009210834,5.505467954211,1,351.4938715,0,-1.05,3.25
0,20,0,5,-3.14159265358979,3.14159265358979,-0.22,0.22,-0.22,0.22,0.22,-0.392699081698724,0.392699081698724,-0.11,0.11,-0.11,0.11,-0.392699081698724,0.392699081698724,20,2.5,0,0.15,0,0,186.136363636364,1.65759379743011,5,0,20,0.294447695744981,2.50058913164747,-0.0668987729828775,3.01176120292154,-0.00928255781109511,0.150820863894162,-0.190199734611766,0.194355554450273,0.194494059457,-0.239495910007191,0.30034826838779,-0.0804847015862278,0.0758626356468785,-0.0799586220208637,0.0995197366138304,-0.292524071015467,0.292524318200388,20,2.5,0,0.15,0,0,186.135621650672,2.65086743753529,5.50072434131838,1,378.4361863,0,-1.1,3.25
0,20,0,5,-3.14159265358979,3.14159265358979,-0.22,0.22,-0.22,0.22,0.22,-0.392699081698724,0.392699081698724,-0.11,0.11,-0.11,0.11,-0.392699081698724,0.392699081698724,20,2.5,0,0.15,0,0,185.869565217391,1.65759379743011,5,0,20,0.300003510501951,2.5194711850416,-0.039521469890003,2.88730153070167,-0.00514358130014728,0.150731161250136,-0.18919741112548,0.189207440892071,0.189223926717153,-0.22142416121062,0.299945199199079,-0.0894871290827811,0.0768830100648394,-0.0799401750573567,0.0998395220004656,-0.292615819999378,0.292615912730235,20,2.5,0,0.15,0,0,185.868814407111,2.64999818419143,5.3946210657683,1,399.3379994,0,-1.15,3.25
0,20,0,5,-3.14159265358979,3.14159265358979,-0.22,0.22,-0.22,0.22,0.22,-0.392699081698724,0.392699081698724,-0.11,0.11,-0.11,0.11,-0.392699081698724,0.392699081698724,20,2.5,0,0.15,0,0,185.625,1.65759379743011,5,0,20,0.283615867052583,3.13235752999962,-0.961090943878562,2.67439013222115,-0.0211930748897866,0.185456048810263,-0.190563334254545,0.181355911936083,0.193657751494313,-0.356619766478068,0.363820617686823,-0.0930337622601829,0.0925201536955071,-0.0968898695906862,0.0914793624792226,-0.363711785484473,0.292688952951699,20,2.5,0,0.15,0,0,185.624869453135,2.66449633535143,5.8993109196065,1,451.2715138,0,-1.2,3.25
0,20,0,5,-3.14159265358979,3.14159265358979,-0.22,0.22,-0.22,0.22,0.22,-0.392699081698724,0.392699081698724,-0.11,0.11,-0.11,0.11,-0.392699081698724,0.392699081698724,20,2.5,0,0.15,0,0,191.25,1.65759379743011,5,0,20,0.278341909625107,2.5,0,2.9278307413671,-0.00392857074450237,0.175929932459052,-0.215400207579281,0.213577783383619,0.215422870910591,-0.238185199971592,0.19846527053605,-0.0799998165977045,0.0799998165979538,-0.0857423156907865,0.0799999789658575,-0.0952482739280713,0.0779056172820201,20,2.5,0,0.15,0,0,191.249999863804,2.91356144354665,8.16689188607595,1,110.306985,2,-0.6,3.5
0,20,0,5,-3.14159265358979,3.14159265358979,-0.22,0.22,-0.22,0.22,0.22,-0.392699081698724,0.392699081698724,-0.11,0.11,-0.11,0.11,-0.392699081698724,0.392699081698724,20,2.5,0,0.15,0,0,190.384615384615,1.65759379743011,5,0,20,0.27766960726754,2.50485439914451,-0.000657478665821913,2.90815018593389,-0.0123349550533305,0.198677212856343,-0.207672333683236,0.210306780804475,0.210495378315662,-0.237257527517185,0.213427621833857,-0.0695415897069005,0.0769643640593323,-0.0799998126861267,0.0799997326121655,-0.101318975290149,0.0812672186869831,20,2.5,0,0.15,0,0,190.384614676588,2.91302591796851,8.04374997008583,1,92.9058667,2,-0.65,3.5
0,20,0,5,-3.14159265358979,3.14159265358979,-0.22,0.22,-0.22,0.22,0.22,-0.392699081698724,0.392699081698724,-0.11,0.11,-0.11,0.11,-0.392699081698724,0.392699081698724,20,2.5,0,0.15,0,0,189.642857142857,1.65759379743011,5,0,20,0.260779740457349,2.51989391154084,-0.00253941735585786,2.90303558621478,-0.0304341263323615,0.188732796370503,-0.185531058209499,0.178498558439005,0.189435033813559,-0.229473400409529,0.22262792583123,-0.0719897123440483,0.0689286799382317,-0.0799999491666517,0.0799999491658153,-0.111028317715569,0.072164211419015,20,2.5,0,0.15,0,0,189.642857078489,2.92113596945037,8.02674418332211,1,149.2738618,2,-0.7,3.5
0,20,0,5,-3.14159265358979,3.14159265358979,-0.22,0.22,-0.22,0.22,0.22,-0.392699081698724,0.392699081698724,-0.11,0.11,-0.11,0.11,-0.392699081698724,0.392699081698724,20,2.5,0,0.15,0,0,189,1.65759379743011,5,0,20,0.261211000796584,2.5,-0.00911671774392555,2.88349636481352,-0.0269454486084,0.175790164807206,-0.183601558357846,0.175893941697156,0.189883336326232,-0.227714952931426,0.236822850388523,-0.0799997494391717,0.0799997494458237,-0.0799993576559423,0.0799995480211462,-0.116596303004293,0.0712169355244409,20,2.5,0,0.15,0,0,188.999999776279,2.93030327213664,7.70380433870704,1,141.0384481,2,-0.75,3.5
0,20,0,5,-3.14159265358979,3.14159265358979,-0.22,0.22,-0.22,0.22,0.22,-0.392699081698724,0.392699081698724,-0.11,0.11,-0.11,0.11,-0.392699081698724,0.392699081698724,20,2.5,0,0.15,0,0,188.4375,1.65759379743011,5,0,20,0.260090942048807,2.50397366609518,0,2.86373992286195,-0.0301136230255721,0.174762256174229,-0.174266377610036,0.174266233900561,0.184410374869872,-0.226939263664824,0.250452374010515,-0.0827710276263901,0.0799998442237106,-0.0799997511188891,0.0894344341990113,-0.122016288686468,0.0703942535997811,20,2.5,0,0.15,0,0,188.437499871124,2.94013851710457,7.588775505014,1,168.2293256,2,-0.8,3.5
0,20,0,5,-3.14159265358979,3.14159265358979,-0.22,0.22,-0.22,0.22,0.22,-0.392699081698724,0.392699081698724,-0.11,0.11,-0.11,0.11,-0.392699081698724,0.392699081698724,20,2.5,0,0.15,0,0,187.941176470588,1.65759379743011,5,0,20,0.290664894552245,2.5,0,2.84664803916126,-0.0297050715751629,0.168672201255686,-0.172866467085318,0.186026542728729,0.187808985656484,-0.215149742182296,0.271281324295299,-0.0842335703334669,0.0799998654007499,-0.0799999056172209,0.0821791498271349,-0.116552245255213,0.0594282992580862,20,2.5,0,0.15,0,0,187.941176313004,2.90664405254075,7.37307691689479,1,259.9926627,0,-0.85,3.5
0,20,0,5,-3.14159265358979,3.14159265358979,-0.22,0.22,-0.22,0.22,0.22,-0.392699081698724,0.392699081698724,-0.11,0.11,-0.11,0.11,-0.392699081698724,0.392699081698724,20,2.5,0,0.15,0,0,187.5,1.65759379743011,5,0,20,0.29992352416524,2.59713472973581,-0.0116295846240863,2.85555603124403,-0.0299797329139611,0.1643242119673,-0.172626799127843,0.18038895239229,0.182051252073928,-0.23491993331839,0.288475580257968,-0.0866665759719518,0.0799999775827053,-0.0799999738939621,0.0875868373681783,-0.123230899752864,0.0883988465828029,20,2.5,0,0.15,0,0,187.499999950615,2.88432591293675,7.2613636344511,1,359.5362864,0,-0.9,3.5
0,20,0,5,-3.14159265358979,3.14159265358979,-0.22,0.22,-0.22,0.22,0.22,-0.392699081698724,0.392699081698724,-0.11,0.11,-0.11,0.11,-0.392699081698724,0.392699081698724,20,2.5,0,0.15,0,0,187.105263157895,1.65759379743011,5,0,20,0.273090414056469,2.50824309137586,-0.0225570661777767,2.82189735888668,-0.0262557598831284,0.151641067131348,-0.186760616892744,0.186750199026477,0.188356858278265,-0.195184772683935,0.289492276195172,-0.0799762861032428,0.0799706790260193,-0.0799808284766081,0.0843610466679197,-0.127125011909504,0.0619824919639412,20,2.5,0,0.15,0,0,187.105256737203,2.90771984493136,5.51637912104513,1,306.32461,0,-0.95,3.5
0,20,0,5,-3.14159265358979,3.14159265358979,-0.22,0.22,-0.22,0.22,0.22,-0.392699081698724,0.392699081698724,-0.11,0.11,-0.11,0.11,-0.392699081698724,0.392699081698724,20,2.5,0,0.15,0,0,186.75,1.65759379743011,5,0,20,1.69630748609394,2.55878895526361,-0.0141321107464939,0.973962146261848,0.00112440585731574,0.162842789003432,-0.157503535698599,0.042349833266009,0.167195756961002,-0.135027296422271,0.252899035067929,-0.069796935442386,0.0416138202086641,-0.0513440196561067,0.0635590813541883,-0.173369525301759,0.0942991625562599,20,2.5,0,0.15,0,0,186.665107741292,1.50383011625098,4.69212839131118,1,41.8133267,2,-1,3.5
0,20,0,5,-3.14159265358979,3.14159265358979,-0.22,0.22,-0.22,0.22,0.22,-0.392699081698724,0.392699081698724,-0.11,0.11,-0.11,0.11,-0.392699081698724,0.392699081698724,20,2.5,0,0.15,0,0,186.428571428571,1.65759379743011,5,0,20,0.27870917306423,2.50013957520211,-0.0414099267217623,2.85085372390609,-0.00699394920831978,0.150910588782069,-0.193264236738864,0.192965707583422,0.193274165810488,-0.20383549641564,0.301005202141655,-0.0792894431866599,0.0789942195069849,-0.0815903212908051,0.0833531112017855,-0.228030359094363,0.162518533002544,20,2.5,0,0.15,0,0,186.428380076611,2.90642638575671,5.60741611949183,1,353.8459917,0,-1.05,3.5
0,20,0,5,-3.14159265358979,3.14159265358979,-0.22,0.22,-0.22,0.22,0.22,-0.392699081698724,0.392699081698724,-0.11,0.11,-0.11,0.11,-0.392699081698724,0.392699081698724,20,2.5,0,0.15,0,0,186.136363636364,1.65759379743011,5,0,20,0.282922126711506,2.5,-0.0832038149713266,3.08736232906546,-0.00587982918074276,0.150875240862914,-0.194419440194116,0.191395788832758,0.194419649451953,-0.250777506605345,0.313459543932215,-0.079465820766826,0.0788813400957543,-0.0807701299829414,0.0866689966143812,-0.27745669972669,0.265907095612583,20,2.5,0,0.15,0,0,186.136163347381,2.90506981742432,5.50074034966888,1,370.1044193,0,-1.1,3.5
0,20,0,5,-3.14159265358979,3.14159265358979,-0.22,0.22,-0.22,0.22,0.22,-0.392699081698724,0.392699081698724,-0.11,0.11,-0.11,0.11,-0.392699081698724,0.392699081698724,20,2.5,0,0.15,0,0,185.869565217391,1.65759379743011,5,0,20,1.29979314212487,2.5890320019431,-0.390673709358252,1.01204140235758,-0.00630251013243649,0.170202015835215,-0.179599299983409,0.110816613317927,0.179620214600733,-0.313114416761571,0.325294139578724,-0.0874240113022882,0.0725535160609824,-0.0733215508115884,0.0742051952131914,-0.32558516516376,0.202833836444067,20,2.5,0,0.15,0,0,185.851886972321,1.88620361154318,5.39412976712521,1,73.1570015,2,-1.15,3.5
0,20,0,5,-3.14159265358979,3.14159265358979,-0.22,0.22,-0.22,0.22,0.22,-0.392699081698724,0.392699081698724,-0.11,0.11,-0.11,0.11,-0.392699081698724,0.392699081698724,20,2.5,0,0.15,0,0,185.625,1.65759379743011,5,0,20,1.27140269169106,2.98466587283833,-0.488563582325822,1.04314652687123,-0.00755785397878733,0.167113064320407,-0.178464514425819,0.119874240115218,0.178526594422721,-0.253994580997897,0.345673880759944,-0.0900255178450298,0.0747003089642112,-0.0738965548358315,0.0825455725463342,-0.328795827438253,0.275688527329741,20,2.5,0,0.15,0,0,185.605723914545,1.9221155100384,5.59359715906848,1,75.2014435,2,-1.2,3.5
0,20,0,5,-3.14159265358979,3.14159265358979,-0.22,0.22,-0.22,0.22,0.22,-0.392699081698724,0.392699081698724,-0.11,0.11,-0.11,0.11,-0.392699081698724,0.392699081698724,20,2.5,0,0.15,0,0,191.25,1.65759379743011,5,0,20,0.223887526060625,2.5518546705724,0,2.89737752009593,-0.0303570587354383,0.206144948771819,-0.194876950997515,0.199606317533622,0.210783625254199,-0.224031899325246,0.182345685248847,-0.0799998209445418,0.0799998209468077,-0.0799999059021766,0.0961943655431866,-0.11222872948023,0.0597661561147804,20,2.5,0,0.15,0,0,191.249999837646,3.15751553870672,8.06351350666833,1,91.7754772,2,-0.6,3.75
0,20,0,5,-3.14159265358979,3.14159265358979,-0.22,0.22,-0.22,0.22,0.22,-0.392699081698724,0.392699081698724,-0.11,0.11,-0.11,0.11,-0.392699081698724,0.392699081698724,20,2.5,0,0.15,0,0,190.384615384615,1.65759379743011,5,0,20,0.236314817814815,2.50006119109104,0,2.88161647065109,-0.0322914477296912,0.200674122589953,-0.186703848500477,0.190627949675526,0.201197640112594,-0.228899538648401,0.194001522768148,-0.0799985726510512,0.0802129328254741,-0.0799994838763623,0.0945049228848131,-0.11673085272724,0.0654248712592994,20,2.5,0,0.15,0,0,190.384614399653,3.16142190957707,7.94062495891887,1,112.0464311,2,-0.65,3.75
0,20,0,5,-3.14159265358979,3.14159265358979,-0.22,0.22,-0.22,0.22,0.22,-0.392699081698724,0.392699081698724,-0.11,0.11,-0.11,0.11,-0.392699081698724,0.392699081698724,20,2.5,0,0.15,0,0,189.642857142857,1.65759379743011,5,0,20,0.24605013424555,2.50000092636526,0,2.86895328972497,-0.0354669621008269,0.191065814144099,-0.179728698782728,0.183016079785571,0.193537788244773,-0.230721033345119,0.20754518236811,-0.0774679171292475,0.0786915382695853,-0.0799995010309421,0.092815087780424,-0.11596347619223,0.0678335557779757,20,2.5,0,0.15,0,0,189.642856497379,3.16703104164516,8.02674415872628,1,135.9780633,2,-0.7,3.75
0,20,0,5,-3.14159265358979,3.14159265358979,-0.22,0.22,-0.22,0.22,0.22,-0.392699081698724,0.392699081698724,-0.11,0.11,-0.11,0.11,-0.392699081698724,0.392699081698724,20,2.5,0,0.15,0,0,189,1.65759379743011,5,0,20,0.253810696766272,2.5,0,2.85177738600613,-0.0258363042632786,0.1744230879116,-0.170683848780678,0.176570632650754,0.184395547420059,-0.223809820130632,0.21980739383814,-0.0799999303104797,0.0799999303105204,-0.0799999856579963,0.0911249337068753,-0.119425771874805,0.0646134369242059,20,2.5,0,0.15,0,0,188.999999942315,3.18264043498007,7.60108695420178,1,118.6914481,2,-0.75,3.75
0,20,0,5,-3.14159265358979,3.14159265358979,-0.22,0.22,-0.22,0.22,0.22,-0.392699081698724,0.392699081698724,-0.11,0.11,-0.11,0.11,-0.392699081698724,0.392699081698724,20,2.5,0,0.15,0,0,188.4375,1.65759379743011,5,0,20,0.264426795024138,2.5,-0.0078510988623864,2.83258605597153,-0.0284848356334581,0.17212885601988,-0.172155573731616,0.175791125077734,0.183228181883764,-0.224787422198246,0.233058715824884,-0.0814792850474291,0.0799999568194671,-0.0799999890110719,0.0902303129244031,-0.118368639183063,0.0700520563988174,20,2.5,0,0.15,0,0,188.437499968982,3.1848954794893,7.48622448856366,1,186.910158,2,-0.8,3.75
0,20,0,5,-3.14159265358979,3.14159265358979,-0.22,0.22,-0.22,0.22,0.22,-0.392699081698724,0.392699081698724,-0.11,0.11,-0.11,0.11,-0.392699081698724,0.392699081698724,20,2.5,0,0.15,0,0,187.941176470588,1.65759379743011,5,0,20,0.290319703006696,2.5009747271844,0,2.81878620563503,-0.0234985210021186,0.158900370946881,-0.172672104832344,0.193567658464943,0.194586512833144,-0.219429627831585,0.249860335856586,-0.0799998229600904,0.0799998229579504,-0.0799999693196419,0.0884739395598294,-0.121666191801135,0.0703096520043545,20,2.5,0,0.15,0,0,187.941176282322,3.15525242885207,7.37307691569111,1,256.7169465,0,-0.85,3.75
0,20,0,5,-3.14159265358979,3.14159265358979,-0.22,0.22,-0.22,0.22,0.22,-0.392699081698724,0.392699081698724,-0.11,0.11,-0.11,0.11,-0.392699081698724,0.392699081698724,20,2.5,0,0.15,0,0,187.5,1.65759379743011,5,0,20,0.297217972057702,2.5,0,2.80137276350424,-0.019968409029355,0.150700289058499,-0.175453633307027,0.198751993462386,0.199453768536778,-0.217010327340738,0.264783026260938,-0.0799990183571235,0.0799990182919632,-0.079999843049067,0.0890080795669369,-0.128378244174573,0.0675528041681971,20,2.5,0,0.15,0,0,187.499998679837,3.15012715209368,7.15909085868468,1,292.7013406,0,-0.9,3.75
0,20,0,5,-3.14159265358979,3.14159265358979,-0.22,0.22,-0.22,0.22,0.22,-0.392699081698724,0.392699081698724,-0.11,0.11,-0.11,0.11,-0.392699081698724,0.392699081698724,20,2.5,0,0.15,0,0,187.105263157895,1.65759379743011,5,0,20,0.289539781682015,2.50805907124425,-5.37455329179752e-05,2.78748711238528,-0.0274746765773725,0.159181603633797,-0.179071674611244,0.198355007338124,0.200248762266184,-0.204604466172703,0.27358437769618,-0.0799566201247436,0.0854121457870749,-0.0866170699333429,0.0799999614905328,-0.140019452641574,0.0421446940887882,20,2.5,0,0.15,0,0,187.105251050357,3.15400670955857,5.31206862177449,1,305.527066,0,-0.95,3.75
0,20,0,5,-3.14159265358979,3.14159265358979,-0.22,0.22,-0.22,0.22,0.22,-0.392699081698724,0.392699081698724,-0.11,0.11,-0.11,0.11,-0.392699081698724,0.392699081698724,20,2.5,0,0.15,0,0,186.75,1.65759379743011,5,0,20,0.285888380018245,2.50266380274663,-0.0120351513940034,2.78018496487757,-0.0164606488905931,0.151163791578094,-0.185677819021815,0.196814224214013,0.197335540315704,-0.208715456095576,0.287174316161919,-0.0799002466752017,0.0797527919728177,-0.0863002318499442,0.0799997923462152,-0.136170062873735,0.0499263286354359,20,2.5,0,0.15,0,0,186.749923188562,3.15503440591549,5.30655519442909,1,327.0981027,0,-1,3.75
0,20,0,5,-3.14159265358979,3.14159265358979,-0.22,0.22,-0.22,0.22,0.22,-0.392699081698724,0.392699081698724,-0.11,0.11,-0.11,0.11,-0.392699081698724,0.392699081698724,20,2.5,0,0.15,0,0,186.428571428571,1.65759379743011,5,0,20,1.85257795688589,2.5,-0.113599184871084,0.934222534777922,0.00604688451219579,0.165935693113635,-0.158088855250279,0.0294063423726006,0.167698107889594,-0.145865263050026,0.250789975227031,-0.0699528540737779,0.0354526928442198,-0.0591055182804664,0.0588206057807103,-0.186057691460007,0.096314663427975,20,2.5,0,0.15,0,0,186.354239796394,1.59403477950568,4.89179879465534,1,56.321629,2,-1.05,3.75
0,20,0,5,-3.14159265358979,3.14159265358979,-0.22,0.22,-0.22,0.22,0.22,-0.392699081698724,0.392699081698724,-0.11,0.11,-0.11,0.11,-0.392699081698724,0.392699081698724,20,2.5,0,0.15,0,0,186.136363636364,1.65759379743011,5,0,20,2.01715692713746,2.51192825540544,0,0.843986535414114,0.0188475655889173,0.166788232777547,-0.142071342826334,0.0238075030064294,0.167313266182005,-0.122930072622004,0.221951884587419,-0.0666491005446728,0.0482657270710855,-0.059633837189121,0.0551331344779659,-0.159455576765324,0.0845972746058408,20,2.5,0,0.15,0,0,186.065162290722,1.42941332717923,4.37854834644337,1,58.2984391,2,-1.1,3.75
0,20,0,5,-3.14159265358979,3.14159265358979,-0.22,0.22,-0.22,0.22,0.22,-0.392699081698724,0.392699081698724,-0.11,0.11,-0.11,0.11,-0.392699081698724,0.392699081698724,20,2.5,0,0.15,0,0,185.869565217391,1.65759379743011,5,0,20,1.68749747790589,2.50744829125653,0,1.11403209664955,0.0111971305486806,0.164443050673169,-0.162695138397496,0.0384877410924118,0.16846177202554,-0.119037118522438,0.285086374344368,-0.0689284965049076,0.0512106550698303,-0.060800425350803,0.0564988323579321,-0.180141034851273,0.129039068452124,20,2.5,0,0.15,0,0,185.799537659015,1.7537170134558,5.5961051223489,1,124.9994888,2,-1.15,3.75
0,20,0,5,-3.14159265358979,3.14159265358979,-0.22,0.22,-0.22,0.22,0.22,-0.392699081698724,0.392699081698724,-0.11,0.11,-0.11,0.11,-0.392699081698724,0.392699081698724,20,2.5,0,0.15,0,0,185.625,1.65759379743011,5,0,20,0.293105176168533,2.5,-0.00698979678994951,2.85984726704406,-0.00620417011058317,0.150543710698892,-0.1922447129748,0.174906324983574,0.19230983000112,-0.216464684725403,0.301673720297095,-0.0739401204519455,0.0727987361770295,-0.0798583206183404,0.0865340633013451,-0.292217991007954,0.292218633253812,20,2.5,0,0.15,0,0,185.620620808769,3.15199248909598,5.28891631893479,1,416.9417741,0,-1.2,3.75
0,20,0,5,-3.14159265358979,3.14159265358979,-0.22,0.22,-0.22,0.22,0.22,-0.392699081698724,0.392699081698724,-0.11,0.11,-0.11,0.11,-0.392699081698724,0.392699081698724,20,2.5,0,0.15,0,0,191.25,1.65759379743011,5,0,20,0.278523892367866,2.5,0,2.88058030253529,-0.0287094562594465,0.202600157723223,-0.172646328205707,0.215455574142921,0.217359925717619,-0.215437332410995,0.166028584587283,-0.07999937037394,0.0799993704208337,-0.0866658680336321,0.090619197077275,-0.106569851132579,0.0621892512041885,20,2.5,0,0.15,0,0,191.249998873389,3.39429367763824,8.06351346601317,1,111.0785706,2,-0.6,4
0,20,0,5,-3.14159265358979,3.14159265358979,-0.22,0.22,-0.22,0.22,0.22,-0.392699081698724,0.392699081698724,-0.11,0.11,-0.11,0.11,-0.392699081698724,0.392699081698724,20,2.5,0,0.15,0,0,190.384615384615,1.65759379743011,5,0,20,0.293731971358645,2.54802039095081,0,2.87550719589764,-0.0350486088086343,0.199501930034331,-0.183070785986555,0.211856321436544,0.214735898051642,-0.216946558644893,0.180831488119892,-0.0663901692130389,0.0779811871302189,-0.0866663485456315,0.0863956740748383,-0.113064271006826,0.0560614517128898,20,2.5,0,0.15,0,0,190.384615147373,3.39962033585618,8.04374998997649,1,117.6609513,2,-0.65,4
0,20,0,5,-3.14159265358979,3.14159265358979,-0.22,0.22,-0.22,0.22,0.22,-0.392699081698724,0.392699081698724,-0.11,0.11,-0.11,0.11,-0.392699081698724,0.392699081698724,20,2.5,0,0.15,0,0,189.642857142857,1.65759379743011,5,0,20,0.297651652396537,2.50198505074209,-0.00902853295269784,2.85542806386387,-0.0334133806254921,0.195048502881655,-0.195518114764177,0.205650316758154,0.207587248238347,-0.224271955749231,0.193064382006301,-0.0819683232887388,0.0799993487712222,-0.083722798032909,0.0834630643028794,-0.107032387256615,0.0624915403974126,20,2.5,0,0.15,0,0,189.642856797789,3.40156076577867,7.71802324177047,1,129.9438891,2,-0.7,4
0,20,0,5,-3.14159265358979,3.14159265358979,-0.22,0.22,-0.22,0.22,0.22,-0.392699081698724,0.392699081698724,-0.11,0.11,-0.11,0.11,-0.392699081698724,0.392699081698724,20,2.5,0,0.15,0,0,189,1.65759379743011,5,0,20,0.278893432265702,2.50125237866841,0,2.82503211447415,-0.0300777370354362,0.181575959340943,-0.175595537697627,0.181015218610628,0.18792262490799,-0.221272177314779,0.205751921731425,-0.0812222900578391,0.0799999063746314,-0.0799999888295975,0.089096649886506,-0.11360820482152,0.0651703271843517,20,2.5,0,0.15,0,0,188.999999940874,3.41679376988247,7.49836956287164,1,198.1651397,0,-0.75,4
0,20,0,5,-3.14159265358979,3.14159265358979,-0.22,0.22,-0.22,0.22,0.22,-0.392699081698724,0.392699081698724,-0.11,0.11,-0.11,0.11,-0.392699081698724,0.392699081698724,20,2.5,0,0.15,0,0,188.4375,1.65759379743011,5,0,20,0.280884080253705,2.5,0,2.80394231569705,-0.0182197404948911,0.162652177443567,-0.176327912674475,0.183567516596383,0.184167684076523,-0.222567559486304,0.220259422196136,-0.0799996574156485,0.0799996574154518,-0.0799999786540802,0.0940115600945589,-0.117647170391317,0.0692419928484982,20,2.5,0,0.15,0,0,188.437499703195,3.40343941302425,7.48622447800449,1,166.2371671,2,-0.8,4
0,20,0,5,-3.14159265358979,3.14159265358979,-0.22,0.22,-0.22,0.22,0.22,-0.392699081698724,0.392699081698724,-0.11,0.11,-0.11,0.11,-0.392699081698724,0.392699081698724,20,2.5,0,0.15,0,0,187.941176470588,1.65759379743011,5,0,20,0.295399142577921,2.5,0,2.78947165948076,-0.0108272926263038,0.151953758345249,-0.182320684552047,0.198552862615333,0.198717091026573,-0.225588459274767,0.235787972932275,-0.0799999348211162,0.0799999348210572,-0.079999996616257,0.0936442970754992,-0.126437216506079,0.0741604936681154,20,2.5,0,0.15,0,0,187.941176405317,3.38812052557404,7.27067307439802,1,227.1679577,2,-0.85,4
0,20,0,5,-3.14159265358979,3.14159265358979,-0.22,0.22,-0.22,0.22,0.22,-0.392699081698724,0.392699081698724,-0.11,0.11,-0.11,0.11,-0.392699081698724,0.392699081698724,20,2.5,0,0.15,0,0,187.5,1.65759379743011,5,0,20,0.297070775645171,2.50172219266309,0,2.76975760339918,-0.00865628430650699,0.152024173765197,-0.183008348634046,0.199024403133273,0.199118699724793,-0.213443378457704,0.246578212611994,-0.0799995198426465,0.0799995198350789,-0.0799999800365403,0.0966495109781212,-0.126481093344026,0.0613310386698551,20,2.5,0,0.15,0,0,187.499999611365,3.39936731423229,7.05681816719137,1,303.909217,0,-0.9,4
0,20,0,5,-3.14159265358979,3.14159265358979,-0.22,0.22,-0.22,0.22,0.22,-0.392699081698724,0.392699081698724,-0.11,0.11,-0.11,0.11,-0.392699081698724,0.392699081698724,20,2.5,0,0.15,0,0,187.105263157895,1.65759379743011,5,0,20,0.330415915358204,2.50072577898348,-0.00027773304612162,2.73381404409287,-0.0283463005871236,0.151287677657027,-0.17906993134849,0.198367614023626,0.200382691494055,-0.210606691513635,0.259970053298423,-0.0799643219834691,0.0866267096032651,-0.0866625582515572,0.0799998935227089,-0.127087185795674,0.0388092147769504,20,2.5,0,0.15,0,0,187.105180306512,3.36593389511199,5.31206661329981,1,304.7606677,0,-0.95,4
0,20,0,5,-3.14159265358979,3.14159265358979,-0.22,0.22,-0.22,0.22,0.22,-0.392699081698724,0.392699081698724,-0.11,0.11,-0.11,0.11,-0.392699081698724,0.392699081698724,20,2.5,0,0.15,0,0,186.75,1.65759379743011,5,0,20,0.340877446802153,2.5,0,2.73522714337993,-0.0269187175017883,0.151049538393239,-0.185679439552176,0.196922460867092,0.198753799827557,-0.211088759552024,0.274674300137332,-0.0799920557710258,0.0866590286447102,-0.086665726987739,0.079999975693606,-0.137427333184086,0.0402957202251634,20,2.5,0,0.15,0,0,186.749977629609,3.35288323112803,5.30655674138778,1,328.2233362,0,-1,4
0,20,0,5,-3.14159265358979,3.14159265358979,-0.22,0.22,-0.22,0.22,0.22,-0.392699081698724,0.392699081698724,-0.11,0.11,-0.11,0.11,-0.392699081698724,0.392699081698724,20,2.5,0,0.15,0,0,186.428571428571,1.65759379743011,5,0,20,0.349397366502895,2.50030712011762,-0.0204652644750294,2.67848166356881,-0.0251407482710108,0.150801109315877,-0.191615762276688,0.195562171045388,0.197171549589721,-0.196437178315043,0.28537388844362,-0.0788347426111293,0.0857372195644463,-0.0865327643346529,0.0815832166770012,-0.124696835572076,0.0540628607264113,20,2.5,0,0.15,0,0,186.424601598846,3.34149012417191,5.40340056196656,1,347.7300324,0,-1.05,4
0,20,0,5,-3.14159265358979,3.14159265358979,-0.22,0.22,-0.22,0.22,0.22,-0.392699081698724,0.392699081698724,-0.11,0.11,-0.11,0.11,-0.392699081698724,0.392699081698724,20,2.5,0,0.15,0,0,186.136363636364,1.65759379743011,5,0,20,1.86990817359649,2.5199241214155,-0.089079722573946,1.02475370244042,0.00443301155557246,0.165142859400925,-0.170830954844807,0.0900125870607339,0.171083918143401,-0.193996367192052,0.279935748357675,-0.0714576334705742,0.042211718036052,-0.0622020818336065,0.0662558110787071,-0.233504862285325,0.148582334693374,20,2.5,0,0.15,0,0,186.060186631527,1.82995969180604,5.49849506761825,1,45.4862295,2,-1.1,4
0,20,0,5,-3.14159265358979,3.14159265358979,-0.22,0.22,-0.22,0.22,0.22,-0.392699081698724,0.392699081698724,-0.11,0.11,-0.11,0.11,-0.392699081698724,0.392699081698724,20,2.5,0,0.15,0,0,185.869565217391,1.65759379743011,5,0,20,1.93793194078993,2.5,-0.102149977748447,1.02195138465204,0.0073565635912303,0.165461392008135,-0.16145769897645,0.0506641404709817,0.166671542731538,-0.127201568544918,0.273706930361906,-0.0707636247345891,0.0404108580129801,-0.0664026609641732,0.0633635160553661,-0.195757078452354,0.117339686879432,20,2.5,0,0.15,0,0,185.793788816694,1.76156394032311,5.49418775500795,1,74.6398161,2,-1.15,4
0,20,0,5,-3.14159265358979,3.14159265358979,-0.22,0.22,-0.22,0.22,0.22,-0.392699081698724,0.392699081698724,-0.11,0.11,-0.11,0.11,-0.392699081698724,0.392699081698724,20,2.5,0,0.15,0,0,185.625,1.65759379743011,5,0,20,1.83453369166689,2.5341473120094,-0.0813223682476642,0.905011011546999,0.0059781212644725,0.161316848895606,-0.164167830043526,0.0706942127881561,0.164738785352095,-0.258923541894453,0.275648708382686,-0.0709769767836789,0.0426888213931561,-0.0657641946973201,0.063512591055104,-0.276067598689447,0.142253840704538,20,2.5,0,0.15,0,0,185.529071206101,1.86505623592161,5.18464801726637,1,142.7753723,2,-1.2,4
0,20,0,5,-3.14159265358979,3.14159265358979,-0.22,0.22,-0.22,0.22,0.22,-0.392699081698724,0.392699081698724,-0.11,0.11,-0.11,0.11,-0.392699081698724,0.392699081698724,20,2.5,0,0.15,0,0,191.25,1.65759379743011,5,0,20,0.444796206075749,2.5165682881729,-0.00139543278861616,2.86913677485438,-0.0287094906882967,0.202585633370153,-0.172645619395887,0.215455290160332,0.217359648770544,-0.22438798349289,0.164037750417622,-0.0799992849472553,0.0799992850057785,-0.0866655816028472,0.09061873522476,-0.110482400633527,0.0516341067950266,20,2.5,0,0.15,0,0,191.249998347866,3.47699788077947,8.06351344385598,1,96.1510419,2,-0.6,4.25
0,20,0,5,-3.14159265358979,3.14159265358979,-0.22,0.22,-0.22,0.22,0.22,-0.392699081698724,0.392699081698724,-0.11,0.11,-0.11,0.11,-0.392699081698724,0.392699081698724,20,2.5,0,0.15,0,0,190.384615384615,1.65759379743011,5,0,20,0.478105167094155,2.5,0,2.85594774067397,-0.034738511238653,0.199666344223612,-0.183070975295552,0.21185586745523,0.214685054762286,-0.214469459618884,0.176826741382524,-0.0657074669251154,0.0782800388118756,-0.0866649139945863,0.0863955127641974,-0.106375631179103,0.0612923983490498,20,2.5,0,0.15,0,0,190.384613733396,3.46485924066473,8.04374993023596,1,114.7586266,2,-0.65,4.25
0,20,0,5,-3.14159265358979,3.14159265358979,-0.22,0.22,-0.22,0.22,0.22,-0.392699081698724,0.392699081698724,-0.11,0.11,-0.11,0.11,-0.392699081698724,0.392699081698724,20,2.5,0,0.15,0,0,189.642857142857,1.65759379743011,5,0,20,0.485958962520772,2.51295791942808,0,2.85077448346944,-0.035952660326115,0.201933540125101,-0.200884891073207,0.208784056285487,0.211048075390854,-0.2166089023575,0.192101365600137,-0.0839811367019197,0.0799991240931477,-0.0866655077524848,0.0821710867052625,-0.112160502751731,0.0608151176505338,20,2.5,0,0.15,0,0,189.642856559305,3.46232660000909,7.71802323206472,1,140.3734109,2,-0.7,4.25
0,20,0,5,-3.14159265358979,3.14159265358979,-0.22,0.22,-0.22,0.22,0.22,-0.392699081698724,0.392699081698724,-0.11,0.11,-0.11,0.11,-0.392699081698724,0.392699081698724,20,2.5,0,0.15,0,0,189,1.65759379743011,5,0,20,0.527404412402536,2.5,0,2.83067111476162,-0.035220814952833,0.192509120257177,-0.187455139678888,0.189038273205866,0.19386223148931,-0.22259088555091,0.205335234558671,-0.0856760834945205,0.0799993982827113,-0.0799998750852133,0.085509968507209,-0.110949909786654,0.0650960091490016,20,2.5,0,0.15,0,0,188.999999702584,3.42259722973237,7.60108694456044,1,116.5766602,2,-0.75,4.25
0,20,0,5,-3.14159265358979,3.14159265358979,-0.22,0.22,-0.22,0.22,0.22,-0.392699081698724,0.392699081698724,-0.11,0.11,-0.11,0.11,-0.392699081698724,0.392699081698724,20,2.5,0,0.15,0,0,188.4375,1.65759379743011,5,0,20,0.538988332309805,2.5,0,2.8097052485391,-0.0277207009222173,0.175611985055978,-0.171390937088027,0.176503545277189,0.184610028897085,-0.222866320989866,0.220245365058165,-0.0809711818958875,0.0799995429433391,-0.0799999673926524,0.0905793452890983,-0.118304585543654,0.0700150522210342,20,2.5,0,0.15,0,0,188.437499704523,3.40317908689975,7.48622447805723,1,144.1833999,2,-0.8,4.25
0,20,0,5,-3.14159265358979,3.14159265358979,-0.22,0.22,-0.22,0.22,0.22,-0.392699081698724,0.392699081698724,-0.11,0.11,-0.11,0.11,-0.392699081698724,0.392699081698724,20,2.5,0,0.15,0,0,187.941176470588,1.65759379743011,5,0,20,0.529955180770469,2.50776193877923,0,2.79139600591731,-0.0160115907141836,0.163149495622305,-0.177927446807538,0.192689237543003,0.193122499077888,-0.222932968791058,0.233893921821765,-0.0799996543437253,0.0799996543416943,-0.0799999807443945,0.094784330574077,-0.124171570078279,0.0710850942423078,20,2.5,0,0.15,0,0,187.94117614876,3.40475086433121,7.37307691045136,1,178.091469,2,-0.85,4.25
0,20,0,5,-3.14159265358979,3.14159265358979,-0.22,0.22,-0.22,0.22,0.22,-0.392699081698724,0.392699081698724,-0.11,0.11,-0.11,0.11,-0.392699081698724,0.392699081698724,20,2.5,0,0.15,0,0,187.5,1.65759379743011,5,0,20,0.524346724061065,2.5,0,2.77079892033754,-0.0151638131916245,0.156102762046151,-0.178511341080247,0.19997864720143,0.20035362895375,-0.218398102862249,0.24536701177255,-0.079989069551272,0.0799890656575271,-0.0799994490129245,0.0951327115259658,-0.129833900394917,0.0698871850601784,20,2.5,0,0.15,0,0,187.499991498046,3.41926788997532,7.15909058447085,1,287.6469967,0,-0.9,4.25
0,20,0,5,-3.14159265358979,3.14159265358979,-0.22,0.22,-0.22,0.22,0.22,-0.392699081698724,0.392699081698724,-0.11,0.11,-0.11,0.11,-0.392699081698724,0.392699081698724,20,2.5,0,0.15,0,0,187.105263157895,1.65759379743011,5,0,20,0.510977096617087,2.50227487287006,-0.00112466366548109,2.7504253074926,-0.00888120490060733,0.153611089954601,-0.185112247092392,0.194906206326744,0.195014545862808,-0.216218491924166,0.258187309015381,-0.0799972810291889,0.0799972807308096,-0.0799998809444189,0.0975055314061238,-0.137089376867412,0.0685210029604215,20,2.5,0,0.15,0,0,187.10526011341,3.43382065604009,6.94655161110706,1,313.1962369,0,-0.95,4.25
0,20,0,5,-3.14159265358979,3.14159265358979,-0.22,0.22,-0.22,0.22,0.22,-0.392699081698724,0.392699081698724,-0.11,0.11,-0.11,0.11,-0.392699081698724,0.392699081698724,20,2.5,0,0.15,0,0,186.75,1.65759379743011,5,0,20,0.5908802151801,2.50261799105058,-0.00890538498012504,2.73319763967498,-0.0269022487035019,0.151057223158001,-0.185677198713273,0.196920938397043,0.198750061545845,-0.20623212974407,0.274114671774748,-0.0799602284014989,0.0866285328792905,-0.0866619699052632,0.079999878468155,-0.13398600925389,0.0407285471152711,20,2.5,0,0.15,0,0,186.749888066689,3.35288096450713,5.30655419643051,1,325.0482938,0,-1,4.25
0,20,0,5,-3.14159265358979,3.14159265358979,-0.22,0.22,-0.22,0.22,0.22,-0.392699081698724,0.392699081698724,-0.11,0.11,-0.11,0.11,-0.392699081698724,0.392699081698724,20,2.5,0,0.15,0,0,186.428571428571,1.65759379743011,5,0,20,0.599299124189649,2.5,-0.00426813094384367,2.73135487823902,-0.0255971022253631,0.150800532615411,-0.191690139266026,0.19561449199466,0.197282135837649,-0.205507961221357,0.287419443475326,-0.0799546547147672,0.0866283084990698,-0.0866612964657562,0.0815981669091636,-0.135780675027758,0.0481104734429763,20,2.5,0,0.15,0,0,186.428416115057,3.34156148363124,5.40351112333484,1,344.8135461,0,-1.05,4.25
0,20,0,5,-3.14159265358979,3.14159265358979,-0.22,0.22,-0.22,0.22,0.22,-0.392699081698724,0.392699081698724,-0.11,0.11,-0.11,0.11,-0.392699081698724,0.392699081698724,20,2.5,0,0.15,0,0,186.136363636364,1.65759379743011,5,0,20,0.609158210970093,2.50337542209419,-0.0617549278968171,2.71836484817931,-0.0243095538776408,0.150674703630935,-0.194419653048154,0.189657929407043,0.195560328307709,-0.196057681274559,0.292718925209901,-0.0797071042474879,0.0864160654636413,-0.0830602374311099,0.0866564399635977,-0.174627922557717,0.10009290132268,20,2.5,0,0.15,0,0,186.135502704246,3.33144706614204,5.39885562570025,1,369.7872116,0,-1.1,4.25
0,20,0,5,-3.14159265358979,3.14159265358979,-0.22,0.22,-0.22,0.22,0.22,-0.392699081698724,0.392699081698724,-0.11,0.11,-0.11,0.11,-0.392699081698724,0.392699081698724,20,2.5,0,0.15,0,0,185.869565217391,1.65759379743011,5,0,20,0.614723467085616,2.5,-0.0219895605609322,2.72146583803111,-0.023145692098797,0.150611415101992,-0.193336166890688,0.179514697954165,0.194375754116872,-0.19645687313951,0.292879195909684,-0.0795659585985882,0.0862257238528669,-0.079986969825852,0.0866529103439417,-0.178588048714771,0.102917961375087,20,2.5,0,0.15,0,0,185.868225106752,3.32906988684211,5.29281898161132,1,394.1787139,0,-1.15,4.25
0,20,0,5,-3.14159265358979,3.14159265358979,-0.22,0.22,-0.22,0.22,0.22,-0.392699081698724,0.392699081698724,-0.11,0.11,-0.11,0.11,-0.392699081698724,0.392699081698724,20,2.5,0,0.15,0,0,185.625,1.65759379743011,5,0,20,0.621606883188052,2.5,-0.070749254885005,2.87826609399089,-0.00570657324422802,0.150656762143124,-0.192242058653392,0.176376728856841,0.192283710866842,-0.217219803479085,0.294905978312987,-0.0759474430007131,0.076415979728019,-0.0799627591341971,0.0866279459922825,-0.259922601581249,0.233929182914348,20,2.5,0,0.15,0,0,184.918444629984,3.32424028716148,5.26890910726531,1,432.5529517,0,-1.2,4.25
0,20,0,5,-3.14159265358979,3.14159265358979,-0.22,0.22,-0.22,0.22,0.22,-0.392699081698724,0.392699081698724,-0.11,0.11,-0.11,0.11,-0.392699081698724,0.392699081698724,20,2.5,0,0.15,0,0,191.25,1.65759379743011,5,0,20,0.694758264633191,2.73950218472936,0,2.8702517655009,-0.0287095263409726,0.202380759121203,-0.172645562360596,0.215455273519636,0.217359636984754,-0.227181422436312,0.162817966324534,-0.0799992686921736,0.0799992687574617,-0.086665557572297,0.0906186925840964,-0.10923157959264,0.0573812462976411,20,2.5,0,0.15,0,0,191.249998344198,3.47704151623412,8.06351344370132,1,125.531899,2,-0.6,4.5
0,20,0,5,-3.14159265358979,3.14159265358979,-0.22,0.22,-0.22,0.22,0.22,-0.392699081698724,0.392699081698724,-0.11,0.11,-0.11,0.11,-0.392699081698724,0.392699081698724,20,2.5,0,0.15,0,0,190.384615384615,1.65759379743011,5,0,20,0.728042158840146,2.52955802425125,0,2.85687404205988,-0.0345981381543312,0.199797195768777,-0.18307100101927,0.211855854618193,0.214662372808443,-0.216469307598037,0.177903652633557,-0.0653983446115407,0.0784222352842899,-0.0866648972635398,0.0863954909590809,-0.121498435153656,0.0479427451581386,20,2.5,0,0.15,0,0,190.384613697667,3.464854436974,8.04374992872642,1,156.2977319,2,-0.65,4.5
0,20,0,5,-3.14159265358979,3.14159265358979,-0.22,0.22,-0.22,0.22,0.22,-0.392699081698724,0.392699081698724,-0.11,0.11,-0.11,0.11,-0.392699081698724,0.392699081698724,20,2.5,0,0.15,0,0,189.642857142857,1.65759379743011,5,0,20,0.736091168857544,2.51888377439478,0,2.84932489183483,-0.016312000435877,0.171879893120535,-0.200884963905369,0.208783997599784,0.209083634462305,-0.225182663274658,0.192562136697076,-0.079999028078039,0.0799990280691704,-0.0866653692204631,0.0821710735803465,-0.11103606092107,0.0447907364373058,20,2.5,0,0.15,0,0,189.642856233842,3.46331521674357,7.82093019507005,1,99.6457227,2,-0.7,4.5
0,20,0,5,-3.14159265358979,3.14159265358979,-0.22,0.22,-0.22,0.22,0.22,-0.392699081698724,0.392699081698724,-0.11,0.11,-0.11,0.11,-0.392699081698724,0.392699081698724,20,2.5,0,0.15,0,0,189,1.65759379743011,5,0,20,0.770607443583344,2.50434297662833,0,2.82598197430136,-0.0361319350913639,0.195122379160657,-0.19772445311472,0.196244586559046,0.200998696744436,-0.2266474804492,0.205896012057055,-0.086666369282481,0.079999572561816,-0.0799924115492789,0.0823204523039198,-0.116215709086594,0.0617653383212759,20,2.5,0,0.15,0,0,188.999998504353,3.42762976049446,7.60108689637071,1,137.7981486,2,-0.75,4.5
0,20,0,5,-3.14159265358979,3.14159265358979,-0.22,0.22,-0.22,0.22,0.22,-0.392699081698724,0.392699081698724,-0.11,0.11,-0.11,0.11,-0.392699081698724,0.392699081698724,20,2.5,0,0.15,0,0,188.4375,1.65759379743011,5,0,20,0.792654828461297,2.5022780485078,0,2.81464239503097,-0.0338172232617561,0.185314581975097,-0.180798287350913,0.175408093183051,0.18912154086481,-0.224242776319199,0.220306664991641,-0.086664332453225,0.0799994953804627,-0.079999952817471,0.0872752802605211,-0.118891011760745,0.068970322389527,20,2.5,0,0.15,0,0,188.437499708261,3.40548703949846,7.58877549845514,1,182.6747792,2,-0.8,4.5
0,20,0,5,-3.14159265358979,3.14159265358979,-0.22,0.22,-0.22,0.22,0.22,-0.392699081698724,0.392699081698724,-0.11,0.11,-0.11,0.11,-0.392699081698724,0.392699081698724,20,2.5,0,0.15,0,0,187.941176470588,1.65759379743011,5,0,20,0.790401171659058,2.5,0,2.79640135465209,-0.0252933888400771,0.175987554637328,-0.171326883920329,0.186725721133098,0.187965658165137,-0.22360292766488,0.233996542505033,-0.080534977494664,0.0799999113036399,-0.0799999948900051,0.091784374313446,-0.125313894877088,0.0689355690978385,20,2.5,0,0.15,0,0,187.941176409429,3.3995494437921,7.37307692067762,1,168.9304318,2,-0.85,4.5
0,20,0,5,-3.14159265358979,3.14159265358979,-0.22,0.22,-0.22,0.22,0.22,-0.392699081698724,0.392699081698724,-0.11,0.11,-0.11,0.11,-0.392699081698724,0.392699081698724,20,2.5,0,0.15,0,0,187.5,1.65759379743011,5,0,20,0.777617717992274,2.5025401773342,0,2.77962100395663,-0.0158565213273456,0.163896372187753,-0.177967511847515,0.199637034783986,0.200053094760837,-0.221956481781169,0.247270120069178,-0.0799998908206656,0.0799998908201741,-0.0799999959887293,0.0949496094212711,-0.131813255823001,0.0730055248091428,20,2.5,0,0.15,0,0,187.499999928862,3.40957036558694,7.26136363360866,1,220.6932687,2,-0.9,4.5
0,20,0,5,-3.14159265358979,3.14159265358979,-0.22,0.22,-0.22,0.22,0.22,-0.392699081698724,0.392699081698724,-0.11,0.11,-0.11,0.11,-0.392699081698724,0.392699081698724,20,2.5,0,0.15,0,0,187.105263157895,1.65759379743011,5,0,20,0.776318586657458,2.50833166264362,0,2.7625890757994,-0.0185861287522039,0.161642798019278,-0.175911674740235,0.196356045713973,0.196975102904411,-0.207878385698064,0.258837839845854,-0.0799999186532599,0.0799999186527651,-0.0799999954437157,0.0942833188740855,-0.132036079061381,0.0641626118179273,20,2.5,0,0.15,0,0,187.105263077532,3.41911145174199,7.04870689352425,1,274.0461193,2,-0.95,4.5
0,20,0,5,-3.14159265358979,3.14159265358979,-0.22,0.22,-0.22,0.22,0.22,-0.392699081698724,0.392699081698724,-0.11,0.11,-0.11,0.11,-0.392699081698724,0.392699081698724,20,2.5,0,0.15,0,0,186.75,1.65759379743011,5,0,20,0.840877146192165,2.50514479278217,-0.00504229871852472,2.73587356743872,-0.0269187175122217,0.151026411181297,-0.185679439559583,0.196922460868263,0.19875379983013,-0.207977415158219,0.27419005511204,-0.0799920557734243,0.0866590286624149,-0.0866657270103245,0.0799999756936316,-0.138443091765326,0.0404744504125223,20,2.5,0,0.15,0,0,186.749977629689,3.35288351735613,5.30655674139006,1,329.0223128,0,-1,4.5
0,20,0,5,-3.14159265358979,3.14159265358979,-0.22,0.22,-0.22,0.22,0.22,-0.392699081698724,0.392699081698724,-0.11,0.11,-0.11,0.11,-0.392699081698724,0.392699081698724,20,2.5,0,0.15,0,0,186.428571428571,1.65759379743011,5,0,20,0.84930736474541,2.51255459110902,-0.00366395961837207,2.71916378075938,-0.0255194908134962,0.150844378699806,-0.191677452678494,0.195605789882696,0.19726345187848,-0.204358503847683,0.28632350388814,-0.0797723335209254,0.0864763257464829,-0.0866398615105563,0.0815957237305739,-0.131024861480289,0.0500520957380254,20,2.5,0,0.15,0,0,186.427791772998,3.3415569585739,5.40349302717048,1,351.0527702,0,-1.05,4.5
0,20,0,5,-3.14159265358979,3.14159265358979,-0.22,0.22,-0.22,0.22,0.22,-0.392699081698724,0.392699081698724,-0.11,0.11,-0.11,0.11,-0.392699081698724,0.392699081698724,20,2.5,0,0.15,0,0,186.136363636364,1.65759379743011,5,0,20,0.859178683636192,2.5,-7.09153948862375e-07,2.72512914127271,-0.0244067456557089,0.150692382351688,-0.194428970639677,0.189669021163077,0.195579365717677,-0.197930340888369,0.29431971685728,-0.0799417061916611,0.086616065299062,-0.083088055758374,0.0866646232341826,-0.175055199323991,0.096704861921429,20,2.5,0,0.15,0,0,186.136192328372,3.33142129689455,5.39887562823089,1,376.5930547,0,-1.1,4.5
0,20,0,5,-3.14159265358979,3.14159265358979,-0.22,0.22,-0.22,0.22,0.22,-0.392699081698724,0.392699081698724,-0.11,0.11,-0.11,0.11,-0.392699081698724,0.392699081698724,20,2.5,0,0.15,0,0,185.869565217391,1.65759379743011,5,0,20,0.864703509175378,2.50054105203581,-0.0270888369027043,2.73882115898626,-0.0233092175463527,0.150605153572933,-0.193347812726388,0.179527685574077,0.19440307317485,-0.198236019073515,0.293565645112283,-0.0799139181858916,0.0865772281084199,-0.0799973932947584,0.0866639145603051,-0.194391429633285,0.108900129271245,20,2.5,0,0.15,0,0,185.869299522602,3.32908505469062,5.29284957688172,1,398.2584517,0,-1.15,4.5
0,20,0,5,-3.14159265358979,3.14159265358979,-0.22,0.22,-0.22,0.22,0.22,-0.392699081698724,0.392699081698724,-0.11,0.11,-0.11,0.11,-0.392699081698724,0.392699081698724,20,2.5,0,0.15,0,0,185.625,1.65759379743011,5,0,20,0.871692594962898,2.51004599789164,-0.0227034783113726,2.92563814139336,-0.010812552136195,0.150584119241797,-0.192282569924912,0.181729796614115,0.192478660785421,-0.222025238258864,0.295779221522544,-0.0798007024059967,0.0798014907293098,-0.0799985017286912,0.0866651111580014,-0.266917102973855,0.249252511642162,20,2.5,0,0.15,0,0,184.98009558922,3.32411477338585,5.2706657373367,1,421.2659718,0,-1.2,4.5
