-10,15,0,2,-3.14159265358979,3.14159265358979,0,0.17,-0.17,0.17,0.17,-0.392699081698724,0.392699081698724,-0.085,0.085,-0.085,0.085,-0.392699081698724,0.392699081698724,4.72394366197183,1,0,0.11,0,0,69.2256722151088,0.630186784388739,5,0,4.72394366197183,0.741355169508235,1.7,-3.07780595972097,0,0,0.169511661185466,-0.16997784932907,0.17,0.17,-0.325307471722723,0.39069767908556,-0.0714150742707577,0.0837756763194826,-0.085,0.085,-0.165220635298712,0.381207772995699,4.72394366197183,1,0,0.11,0,0,52.0471154310139,1.2,15.093663474994,1,1.1897931,2,-0.6,0.25
-10,15,0,2,-3.14159265358979,3.14159265358979,0,0.17,-0.17,0.17,0.17,-0.392699081698724,0.392699081698724,-0.085,0.085,-0.085,0.085,-0.392699081698724,0.392699081698724,4.57105263157895,1,0,0.11,0,0,66.4838976812661,0.630186784388739,5,1.96597054116207e-15,4.57105263157894,0.702099198638318,1.70000000000001,-3.06990168724059,1.86851539612647e-15,-1.99093144901697e-15,0.169838082285603,-0.17,0.17,0.170000015449766,-0.311540241432708,0.295858266658371,-0.0698840416838064,0.0579404583857633,-0.0850000000000004,0.0850000000000016,-0.36949510736078,0.153728543769787,4.57105263157894,1,1.86851539612647e-15,0.110000000000002,-1.369282827136e-15,-1.86852665681312e-15,56.5952477179237,1.20000000000015,15.415467473644,1,7.0464771,0,-0.65,0.25
-10,15,0,2,-3.14159265358979,3.14159265358979,0,0.17,-0.17,0.17,0.17,-0.392699081698724,0.392699081698724,-0.085,0.085,-0.085,0.085,-0.392699081698724,0.392699081698724,4.43703703703704,1,0,0.11,0,0,64.0974025974026,0.630186784388739,5,1.20046401632087e-20,4.43703703703704,0.683738809718663,1.7,-3.07061763401454,0.0120689884071291,-1.17502816409882e-15,0.169953993387827,-0.17,0.17,0.170000000014956,-0.324075234323666,0.335829309549024,-0.085,0.085,-0.085,0.085,-0.392646617994469,0.309891398589106,4.43703703703704,1,7.39822151638708e-16,0.11,2.11165654147063e-20,-1.01341995352883e-15,52.9766053595523,1.19999999999997,15.3632155542702,1,6.4962359,0,-0.7,0.25
-10,15,0,2,-3.14159265358979,3.14159265358979,0,0.17,-0.17,0.17,0.17,-0.392699081698724,0.392699081698724,-0.085,0.085,-0.085,0.085,-0.392699081698724,0.392699081698724,4.31860465116279,1,0,0.11,0,0,62.0010570824524,0.630186784388739,5,0,4.31860465116279,0.739330404196145,1.7,-1.56379321368729,0.0509226931788712,0,0.165524780341667,-0.117552595204774,0.17,0.17,-0.217632862900881,0.125833164046157,-0.085,0.085,-0.085,0.085,-0.174067587754497,0.113192986827975,4.31860465116279,1,0,0.11,0,0,49.8583722887311,1.2,7.65682145862655,1,0.4428069,2,-0.75,0.25
-10,15,0,2,-3.14159265358979,3.14159265358979,0,0.17,-0.17,0.17,0.17,-0.392699081698724,0.392699081698724,-0.085,0.085,-0.085,0.085,-0.392699081698724,0.392699081698724,4.21318681318681,1,0,0.11,0,0,60.1447927072927,0.630186784388739,5,0,4.21318681318681,0.792787114800671,1.7,-1.47099364610846,0.0557305450621764,0,0.166234493063351,-0.121604795928815,0.17,0.17,-0.235095038262576,0.227985644246922,-0.085,0.085,-0.085,0.085,-0.244100406472591,0.211762533819641,4.21318681318681,1,0,0.11,0,0,46.9460491130961,1.2,7.51136785809538,1,0.4230615,2,-0.8,0.25
-10,15,0,2,-3.14159265358979,3.14159265358979,0,0.17,-0.17,0.17,0.17,-0.392699081698724,0.392699081698724,-0.085,0.085,-0.085,0.085,-0.392699081698724,0.392699081698724,4.11875,1,0,0.11,0,0,58.4894719251337,0.630186784388739,5,0,4.11875,0.944672568094848,1.7,-3.14159265358979,0,0,0.169997857797462,-0.165357303430982,0.17,0.17,-0.392699081698724,0.392699081698724,-0.085,0.085,-0.085,0.085,-0.392699081698724,0.392699081698724,4.11875,1,0,0.11,0,0,37.7558176571363,1.22695705860684,14.7090372955927,1,1.6448191,2,-0.85,0.25
-10,15,0,2,-3.14159265358979,3.14159265358979,0,0.17,-0.17,0.17,0.17,-0.392699081698724,0.392699081698724,-0.085,0.085,-0.085,0.085,-0.392699081698724,0.392699081698724,4.03366336633663,1,0,0.11,0,0,57.0040504050405,0.630186784388739,5,0,4.03366336633663,0.971725100612129,1.7,-3.14159265358979,0,6.21850839685632e-30,0.169975974498183,-0.163345172532521,0.17,0.17,-0.392699081698724,0.392699081698724,-0.085,0.085,-0.085,0.085,-0.392699081698724,0.392699081698724,4.03366336633663,1,0,0.11,0,0,35.528078637498,1.24890386690022,14.6553324379679,1,1.7919284,2,-0.9,0.25
-10,15,0,2,-3.14159265358979,3.14159265358979,0,0.17,-0.17,0.17,0.17,-0.392699081698724,0.392699081698724,-0.085,0.085,-0.085,0.085,-0.392699081698724,0.392699081698724,3.95660377358491,1,0,0.11,0,0,55.6635821973459,0.630186784388739,5,2.877658125928e-19,3.95660377358491,0.808803792452893,1.7,-3.14159265358979,4.65575884694153e-19,-5.80336856135723e-20,0.169993394574474,-0.17,0.160420516153467,0.170000000000121,-0.392699081698724,0.392699081698724,-0.085,0.085,-0.085,0.085,-0.392699081698724,0.392699081698742,3.95660377358491,1,-8.50029037637459e-20,0.11,-2.47205705596746e-20,-2.48666265581484e-14,45.6961084079151,1.19999999999997,15.3748364747464,1,2.2678701,-2,-0.95,0.25
-10,15,0,2,-3.14159265358979,3.14159265358979,0,0.17,-0.17,0.17,0.17,-0.392699081698724,0.392699081698724,-0.085,0.085,-0.085,0.085,-0.392699081698724,0.392699081698724,3.88648648648649,1,0,0.11,0,0,54.4477886977887,0.630186784388739,5,0,3.88648648648649,0.928836525004925,1.7,-1.37598095209192,0.0635126876551541,0,0.169460393527788,-0.144256773437496,0.17,0.17,-0.292056487112232,0.340340030822953,-0.085,0.085,-0.085,0.085,-0.387533490318496,0.263560968596657,3.88648648648649,1,0,0.11,0,0,43.5522910165366,1.2,7.62165092789391,1,0.4953383,2,-1,0.25
-10,15,0,2,-3.14159265358979,3.14159265358979,0,0.17,-0.17,0.17,0.17,-0.392699081698724,0.392699081698724,-0.085,0.085,-0.085,0.085,-0.392699081698724,0.392699081698724,3.82241379310345,1,0,0.11,0,0,53.340013434841,0.630186784388739,5,0,3.82241379310345,0.841009294588442,1.7,-1.7963631198536,0,1.16682613809738e-24,0.167714932943458,-0.0677221067868162,0.17,0.170000000001067,-0.392699081698724,0.392699081698724,-0.0804101159122108,0.0463978049516677,-0.085,0.085,-0.392699081698724,0.392699081698724,3.82241379310345,1,0,0.11,0,0,37.2865323014681,1.2,8.12017814565306,1,2.1365783,-2,-1.05,0.25
-10,15,0,2,-3.14159265358979,3.14159265358979,0,0.17,-0.17,0.17,0.17,-0.392699081698724,0.392699081698724,-0.085,0.085,-0.085,0.085,-0.392699081698724,0.392699081698724,3.76363636363636,1,0,0.11,0,0,52.3264462809917,0.630186784388739,5,0,3.76363636363636,0.847780298245834,1.7,-1.73345910715321,0,0,0.169072248938225,-0.0665455601131756,0.17,0.17,-0.392699081698724,0.380717450418405,-0.0837194011998714,0.0679429707045367,-0.085,0.085,-0.392699081698724,0.392699081698724,3.76363636363636,1,0,0.11,0,0,35.4508024767646,1.2,7.94360574016393,1,1.7066054,2,-1.1,0.25
-10,15,0,2,-3.14159265358979,3.14159265358979,0,0.17,-0.17,0.17,0.17,-0.392699081698724,0.392699081698724,-0.085,0.085,-0.085,0.085,-0.392699081698724,0.392699081698724,3.70952380952381,1,0,0.11,0,0,51.3955392433653,0.630186784388739,5,0,3.70952380952381,0.825957900436863,1.7,-1.68058667279088,0,0,0.168626401110681,-0.0729920405655637,0.17,0.17,-0.392699081698724,0.342933778316898,-0.085,0.085,-0.085,0.085,-0.392699081698724,0.392699081698724,3.70952380952381,1,0,0.11,0,0,33.7189265200266,1.2,7.75535309960612,1,1.4861129,2,-1.15,0.25
-10,15,0,2,-3.14159265358979,3.14159265358979,0,0.17,-0.17,0.17,0.17,-0.392699081698724,0.392699081698724,-0.085,0.085,-0.085,0.085,-0.392699081698724,0.392699081698724,3.65954198473282,1,0,0.11,0,0,50.537560721721,0.630186784388739,5,5.10349328683328e-22,3.6595419847323,0.420661486461678,1.7,-3.08158837179661,0.0302659734675937,-9.89923906397529e-13,0.169601750919874,-0.170000000000008,0.170000000000008,0.170000000000013,-0.392699081698724,0.373362397016552,-0.0670769269705731,0.0842653770833952,-0.0850000000009899,0.085,-0.381785621422483,0.2977218744177,3.6595419847323,1,-7.26923800753108e-27,0.11000000000075,-5.44052667965313e-15,2.9077674240441e-26,40.3112720362194,1.31951759336066,8.06225440724388,0,2.2622586,2,-1.2,0.25
-10,15,0,2,-3.14159265358979,3.14159265358979,0,0.17,-0.17,0.17,0.17,-0.392699081698724,0.392699081698724,-0.085,0.085,-0.085,0.085,-0.392699081698724,0.392699081698724,4.72394366197183,1,0,0.11,0,0,69.2256722151088,0.630186784388739,5,2.32249183422325e-23,4.72394366197183,0.668008321220043,1.7,-1.55812944081122,1.23343010387071e-23,-8.42947126686267e-23,0.166978485196843,-0.110009449353856,0.169633315204324,0.17,-0.160051878175089,0.119321908289388,-0.0849181358506259,0.0849916866311429,-0.085,0.085,-0.0642064510974384,0.0579597180286135,4.72394366197183,1.00000000000001,1.23343010387071e-23,0.11,-5.58468942384722e-14,-1.00270848874603e-22,50.504921661573,1.2,7.23903877149213,1,0.3150303,2,-0.6,0.5
-10,15,0,2,-3.14159265358979,3.14159265358979,0,0.17,-0.17,0.17,0.17,-0.392699081698724,0.392699081698724,-0.085,0.085,-0.085,0.085,-0.392699081698724,0.392699081698724,4.57105263157895,1,0,0.11,0,0,66.4838976812661,0.630186784388739,5,-7.48584989038025e-23,4.57105263157895,0.68475679821075,1.7,-1.59503148754394,0.0206320960063002,-4.9882275568498e-23,0.166542759462244,-0.103855598129904,0.163298767714716,0.17,-0.140377754320452,0.097840820217425,-0.0849779426891424,0.085,-0.085,0.085,-0.0874700117191432,0.0962397354422706,4.57105263157895,1,6.22369843605101e-24,0.11,7.59230966457844e-23,-5.00881055686578e-23,54.8384696149409,1.2,7.29873917017904,1,0.5280859,2,-0.65,0.5
-10,15,0,2,-3.14159265358979,3.14159265358979,0,0.17,-0.17,0.17,0.17,-0.392699081698724,0.392699081698724,-0.085,0.085,-0.085,0.085,-0.392699081698724,0.392699081698724,4.43703703703704,1,0,0.11,0,0,64.0974025974026,0.630186784388739,5,0,4.43703703703704,0.712874369714551,1.7,-1.5655982405452,0.0153868155429134,2.21370859388379e-32,0.166475516699177,-0.115694165506525,0.17,0.17,-0.160582812112103,0.0959026967139803,-0.085,0.085,-0.085,0.085,-0.0793784432136068,0.0780007645651647,4.43703703703704,1,0,0.11,0,0,51.2476197797253,1.2,7.34549216842729,1,0.4430502,2,-0.7,0.5
-10,15,0,2,-3.14159265358979,3.14159265358979,0,0.17,-0.17,0.17,0.17,-0.392699081698724,0.392699081698724,-0.085,0.085,-0.085,0.085,-0.392699081698724,0.392699081698724,4.31860465116279,1,0,0.11,0,0,62.0010570824524,0.630186784388739,5,3.76884584368084e-22,4.31860465116279,0.769469256074831,1.7,-1.52473304279878,0.00823674817687512,-1.89764084240742e-22,0.166530811699617,-0.119310630419996,0.17,0.17,-0.183275633206001,0.0952210655106309,-0.085,0.085,-0.085,0.085,-0.0680243507186983,0.0458441051534601,4.31860465116279,1,-1.89848531940045e-22,0.109999999999994,-5.1053680012178e-22,2.8143247897694e-22,48.0654513335158,1.2,7.20981770002737,1,0.3834323,2,-0.75,0.5
-10,15,0,2,-3.14159265358979,3.14159265358979,0,0.17,-0.17,0.17,0.17,-0.392699081698724,0.392699081698724,-0.085,0.085,-0.085,0.085,-0.392699081698724,0.392699081698724,4.21318681318681,1,0,0.11,0,0,60.1447927072927,0.630186784388739,5,1.53979090950164e-17,4.21318681318681,0.821264754914716,1.7,-1.52419717579887,-1.33389292840366e-22,-3.75431468394472e-13,0.169953885412444,-0.131631816394375,0.17,0.17,-0.207327776551352,0.095237770490463,-0.085,0.085,-0.085,0.085000000000058,-0.0649115838158576,0.0711855387499424,4.21318681318681,0.999999999999997,-1.33389292840366e-22,0.11,2.8157588931348e-14,4.19451087163416e-22,45.2615081392149,1.19999999999901,7.24184130227438,1,0.4140685,2,-0.8,0.5
-10,15,0,2,-3.14159265358979,3.14159265358979,0,0.17,-0.17,0.17,0.17,-0.392699081698724,0.392699081698724,-0.085,0.085,-0.085,0.085,-0.392699081698724,0.392699081698724,4.11875,1,0,0.11,0,0,58.4894719251337,0.630186784388739,5,0,4.11875,0.746066075278201,1.7,-1.32389075850294,0,0,0.169580460372022,-0.0857855946265087,0.17,0.17,-0.12925342015709,0.0966853090582357,-0.085,0.085,-0.085,0.085,-0.162838630700483,0.118089077962628,4.11875,1,0,0.11,0,0,41.2036311338932,1.2,6.71275823889677,1,0.9470101,2,-0.85,0.5
-10,15,0,2,-3.14159265358979,3.14159265358979,0,0.17,-0.17,0.17,0.17,-0.392699081698724,0.392699081698724,-0.085,0.085,-0.085,0.085,-0.392699081698724,0.392699081698724,4.03366336633663,1,0,0.11,0,0,57.0040504050405,0.630186784388739,5,0,4.03366336633663,0.783132991127014,1.7,-1.94217750141897,0,0,0.168762286584988,-0.0790007647840724,0.17,0.17,-0.392699081698724,0.392699081698724,-0.085,0.085,-0.085,0.085,-0.392699081698724,0.392699081698724,4.03366336633663,1,0,0.11,0,0,39.0632440284725,1.2,7.61733258555213,1,1.7163593,2,-0.9,0.5
-10,15,0,2,-3.14159265358979,3.14159265358979,0,0.17,-0.17,0.17,0.17,-0.392699081698724,0.392699081698724,-0.085,0.085,-0.085,0.085,-0.392699081698724,0.392699081698724,3.95660377358491,1,0,0.11,0,0,55.6635821973459,0.630186784388739,5,0,3.95660377358491,0.948735843633976,1.7,-1.57050968428864,0,0,0.169730898495575,-0.156046048348702,0.17,0.17,-0.252811921722155,0.0839464585268176,-0.085,0.085,-0.085,0.085,-0.0861599735657427,0.104643308177764,3.95660377358491,1,0,0.11,0,0,44.0600607102217,1.2,7.32498509307436,1,0.6221289,2,-0.95,0.5
-10,15,0,2,-3.14159265358979,3.14159265358979,0,0.17,-0.17,0.17,0.17,-0.392699081698724,0.392699081698724,-0.085,0.085,-0.085,0.085,-0.392699081698724,0.392699081698724,3.88648648648649,1,0,0.11,0,0,54.4477886977887,0.630186784388739,5,0,3.88648648648649,0.962263681626336,1.7,-1.44571585036976,0.0459676506698002,0,0.169861913201606,-0.141218361939992,0.17,0.17,-0.219825318962933,0.0863938404899618,-0.085,0.085,-0.085,0.085,-0.149309885031782,0.211186990020117,3.88648648648649,1,0,0.11,0,0,41.9993705373293,1.19999999999999,7.34988984403263,1,0.6646841,2,-1,0.5
-10,15,0,2,-3.14159265358979,3.14159265358979,0,0.17,-0.17,0.17,0.17,-0.392699081698724,0.392699081698724,-0.085,0.085,-0.085,0.085,-0.392699081698724,0.392699081698724,3.82241379310345,1,0,0.11,0,0,53.340013434841,0.630186784388739,5,1.53845559076967e-21,3.82241379310345,0.879898317986969,1.7,-1.31215954522184,1.5308619341067e-21,-3.42719985752934e-22,0.16999288255853,-0.0897449559133163,0.17,0.17,-0.239180679630233,0.090735143685774,-0.085,0.085,-0.085,0.085,-0.0781575578678825,0.0858942892121016,3.82241379310345,1,1.5308619341067e-21,0.11,-9.15355124096603e-16,4.7662752209955e-22,37.4583329169382,1.2,6.70087955514118,1,1.1883768,2,-1.05,0.5
-10,15,0,2,-3.14159265358979,3.14159265358979,0,0.17,-0.17,0.17,0.17,-0.392699081698724,0.392699081698724,-0.085,0.085,-0.085,0.085,-0.392699081698724,0.392699081698724,3.76363636363636,1,0,0.11,0,0,52.3264462809917,0.630186784388739,5,-7.3885143655346e-23,3.76363636363636,0.905650039741177,1.7,-1.24451417819128,-4.33711398238246e-23,-9.5092056026113e-13,0.169943294901959,-0.127417984609999,0.17,0.17,-0.21289886982701,0.0938598562211621,-0.085,0.085000000000083,-0.0850000000004337,0.0850000000000335,-0.171484548084475,0.139558812898936,3.76363636363636,1,-4.33711398238246e-23,0.11,1.18344773517911e-23,1.54327937554639e-15,35.6786724165087,1.2,6.68644749731608,1,11.2210211,2,-1.1,0.5
-10,15,0,2,-3.14159265358979,3.14159265358979,0,0.17,-0.17,0.17,0.17,-0.392699081698724,0.392699081698724,-0.085,0.085,-0.085,0.085,-0.392699081698724,0.392699081698724,3.70952380952381,1,0,0.11,0,0,51.3955392433653,0.630186784388739,5,-4.76743413937082e-13,3.70952380952333,0.928060006502158,1.70000000000048,-1.2128063594979,5.22634652387855e-13,-5.22634627379405e-13,0.16998190003136,-0.0746858948326554,0.17,0.170000000001162,-0.23823750676898,0.0971266703123239,-0.085000000000477,0.085,-0.085,0.085000000000477,-0.241709869675008,0.120129708847029,3.70952380952333,1.00000000000048,5.22634625206872e-13,0.110000000000477,-4.76743413846809e-13,-4.7674340115711e-13,34.1104291358517,1.19999999999952,6.82840257330661,1,4.5517282,-2,-1.15,0.5
-10,15,0,2,-3.14159265358979,3.14159265358979,0,0.17,-0.17,0.17,0.17,-0.392699081698724,0.392699081698724,-0.085,0.085,-0.085,0.085,-0.392699081698724,0.392699081698724,3.65954198473282,1,0,0.11,0,0,50.537560721721,0.630186784388739,5,0,3.65954198473282,0.983199284251394,1.7,-1.41904094281664,0.0372549266324162,0,0.16997764214859,-0.0806733107018433,0.17,0.17,-0.27955792264924,0.0797967406209187,-0.085,0.085,-0.085,0.085,-0.28037958804716,0.168100759174577,3.65954198473282,1,0,0.11,0,0,39.8128199349986,1.2,7.25478052148864,1,0.7056287,2,-1.2,0.5
-10,15,0,2,-3.14159265358979,3.14159265358979,0,0.17,-0.17,0.17,0.17,-0.392699081698724,0.392699081698724,-0.085,0.085,-0.085,0.085,-0.392699081698724,0.392699081698724,4.72394366197183,1,0,0.11,0,0,69.2256722151088,0.630186784388739,5,3.43589398988455e-22,4.72394366197183,0.791789307553233,1.7,-1.58101784698742,0.0464038723059828,-5.5931289600643e-15,0.168760048559931,-0.104153302372965,0.162546278990438,0.170000000000009,-0.148453100205375,0.118784106127627,-0.0833780489984824,0.0815941762595136,-0.085,0.085,-0.073163208465476,0.101856927719806,4.72394366197183,1.00000000000021,-2.28499859450927e-23,0.110000000000944,-2.25640923270072e-13,-4.68422633669859e-22,49.4622860759776,1.2,7.08959433755679,1,0.4420486,2,-0.6,0.75
-10,15,0,2,-3.14159265358979,3.14159265358979,0,0.17,-0.17,0.17,0.17,-0.392699081698724,0.392699081698724,-0.085,0.085,-0.085,0.085,-0.392699081698724,0.392699081698724,4.57105263157895,1,0,0.11,0,0,66.4838976812661,0.630186784388739,5,0,4.57105263157895,0.799374624456249,1.7,-1.54724863452845,0,0,0.169146795173116,-0.111537949738597,0.165877568622117,0.17,-0.149298221682666,0.0992118398866653,-0.085,0.085,-0.085,0.085,-0.0519896426545452,0.0617772190620287,4.57105263157895,1,0,0.11,0,0,53.7003292495969,1.2,7.14725810726778,1,0.5012077,2,-0.65,0.75
-10,15,0,2,-3.14159265358979,3.14159265358979,0,0.17,-0.17,0.17,0.17,-0.392699081698724,0.392699081698724,-0.085,0.085,-0.085,0.085,-0.392699081698724,0.392699081698724,4.43703703703704,1,0,0.11,0,0,64.0974025974026,0.630186784388739,5,0,4.43703703703704,0.809198262222482,1.7,-1.56237381338195,0,0,0.169360529710905,-0.118272650573117,0.169070864317286,0.17,-0.147218584076471,0.0975269219783442,-0.085,0.085,-0.085,0.085,-0.0531192363685549,0.0321948270228351,4.43703703703704,1,0,0.11,0,0,50.2005877001198,1.2,7.02808227801677,1,0.453682,2,-0.7,0.75
-10,15,0,2,-3.14159265358979,3.14159265358979,0,0.17,-0.17,0.17,0.17,-0.392699081698724,0.392699081698724,-0.085,0.085,-0.085,0.085,-0.392699081698724,0.392699081698724,4.31860465116279,1,0,0.11,0,0,62.0010570824524,0.630186784388739,5,-6.33439885475494e-22,4.31860465116279,0.816906331255508,1.7,-1.58110951387106,2.89937689370502e-22,-1.74711945438169e-22,0.168164701661141,-0.122003391830171,0.16784965769751,0.17,-0.174516513050094,0.0968485865817487,-0.085,0.085,-0.085,0.085,-0.0543940337703901,0.0749366682303661,4.31860465116279,1,-1.05386954837898e-22,0.11,-8.57937971373944e-22,-1.8199177292958e-22,47.1321012147621,1.2,7.23814411512417,1,0.4149515,2,-0.75,0.75
-10,15,0,2,-3.14159265358979,3.14159265358979,0,0.17,-0.17,0.17,0.17,-0.392699081698724,0.392699081698724,-0.085,0.085,-0.085,0.085,-0.392699081698724,0.392699081698724,4.21318681318681,1,0,0.11,0,0,60.1447927072927,0.630186784388739,5,0,4.21318681318681,0.834581292876483,1.7,-1.45452011468954,0.0199635880438214,0,0.169619760017045,-0.136176386672986,0.17,0.17,-0.142689317736528,0.0970570681665655,-0.085,0.085,-0.085,0.085,-0.056522054405048,0.0424616282059343,4.21318681318681,1,0,0.11,0,0,44.4111323842321,1.2,7.10578118147714,1,0.4318509,2,-0.8,0.75
-10,15,0,2,-3.14159265358979,3.14159265358979,0,0.17,-0.17,0.17,0.17,-0.392699081698724,0.392699081698724,-0.085,0.085,-0.085,0.085,-0.392699081698724,0.392699081698724,4.11875,1,0,0.11,0,0,58.4894719251337,0.630186784388739,5,0,4.11875,0.746015157258371,1.7,-1.43059677598448,0.00405700956295662,0,0.169989277840372,-0.0942630048435175,0.17,0.17,-0.200552486327825,0.0960087657758941,-0.085,0.085,-0.085,0.085,-0.125809198092613,0.0780911990878606,4.11875,1,0,0.11,0,0,41.3304578685575,1.2,6.87979913270363,1,1.5698767,2,-0.85,0.75
-10,15,0,2,-3.14159265358979,3.14159265358979,0,0.17,-0.17,0.17,0.17,-0.392699081698724,0.392699081698724,-0.085,0.085,-0.085,0.085,-0.392699081698724,0.392699081698724,4.03366336633663,1,0,0.11,0,0,57.0040504050405,0.630186784388739,5,0,4.03366336633663,0.784968800948567,1.7,-1.40033208197791,0,0,0.169931258548574,-0.0936894536258465,0.17,0.17,-0.195588912253967,0.096717810478722,-0.085,0.085,-0.085,0.085,-0.059398823623414,0.108115980022155,4.03366336633663,1,0,0.11,0,0,39.0949416614759,1.2,6.89048346783513,1,1.1071009,2,-0.9,0.75
-10,15,0,2,-3.14159265358979,3.14159265358979,0,0.17,-0.17,0.17,0.17,-0.392699081698724,0.392699081698724,-0.085,0.085,-0.085,0.085,-0.392699081698724,0.392699081698724,3.95660377358491,1,0,0.11,0,0,55.6635821973459,0.630186784388739,5,0,3.95660377358491,0.96081341393965,1.7,-1.51268908836253,0.00742973019093187,1.10955685859994e-30,0.169823679838542,-0.15313485173744,0.17,0.17,-0.189115786628728,0.0853755902218086,-0.085,0.085,-0.085,0.085,-0.0506131183923659,0.06683996071186,3.95660377358491,1,0,0.11,0,0,43.2380757846888,1.2,7.18833009920451,1,0.5794496,2,-0.95,0.75
-10,15,0,2,-3.14159265358979,3.14159265358979,0,0.17,-0.17,0.17,0.17,-0.392699081698724,0.392699081698724,-0.085,0.085,-0.085,0.085,-0.392699081698724,0.392699081698724,3.88648648648649,1,0,0.11,0,0,54.4477886977887,0.630186784388739,5,0,3.88648648648649,0.997016479256245,1.7,-1.56273298772325,0,0,0.169997364855646,-0.145970230554818,0.17,0.17,-0.229506406605157,0.0861293509574568,-0.085,0.085,-0.085,0.085,-0.0642184802045975,0.104917663488065,3.88648648648649,1,0,0.11,0,0,41.2151239213602,1.2,7.21264668623804,1,0.5707131,2,-1,0.75
-10,15,0,2,-3.14159265358979,3.14159265358979,0,0.17,-0.17,0.17,0.17,-0.392699081698724,0.392699081698724,-0.085,0.085,-0.085,0.085,-0.392699081698724,0.392699081698724,3.82241379310345,1,0,0.11,0,0,53.340013434841,0.630186784388739,5,0,3.82241379310345,0.875282427992729,1.7,-1.37055124611499,0,0,0.169771897104391,-0.0977885794767771,0.17,0.170000000000004,-0.213556621118039,0.0896815756696788,-0.085,0.085,-0.085,0.085,-0.122060214224969,0.0905957496517159,3.82241379310345,1,0,0.11,0,0,37.8361991575677,1.2,6.768475627076,1,1.1896874,2,-1.05,0.75
-10,15,0,2,-3.14159265358979,3.14159265358979,0,0.17,-0.17,0.17,0.17,-0.392699081698724,0.392699081698724,-0.085,0.085,-0.085,0.085,-0.392699081698724,0.392699081698724,3.76363636363636,1,0,0.11,0,0,52.3264462809917,0.630186784388739,5,0,3.76363636363636,0.899279783851457,1.7,-1.40723226760906,0,-2.95586394818516e-46,0.169291088126812,-0.0641703869752444,0.17,0.17,-0.266364721173824,0.0925383467980701,-0.085,0.085,-0.085,0.085,-0.0997570095505494,0.0971702454749389,3.76363636363636,1,0,0.11,0,0,36.1635877348063,1.2,6.92465735514625,1,2.3603513,2,-1.1,0.75
-10,15,0,2,-3.14159265358979,3.14159265358979,0,0.17,-0.17,0.17,0.17,-0.392699081698724,0.392699081698724,-0.085,0.085,-0.085,0.085,-0.392699081698724,0.392699081698724,3.70952380952381,1,0,0.11,0,0,51.3955392433653,0.630186784388739,5,-1.48411355475212e-16,3.70952380952375,0.92029838463901,1.70000000000007,-1.44674420634484,7.31262649498903e-15,-5.57853927662496e-17,0.168975137643838,-0.114039621999036,0.17,0.17,-0.278806574058324,0.0955979958457826,-0.085,0.085,-0.085,0.0850000000000007,-0.108087125748,0.126819795489417,3.70952380952375,1,7.31262649498903e-15,0.110000000000087,-9.25263442052338e-22,-3.31992582313931e-15,34.6556858845582,1.19999999999974,6.93755489652003,1,1.8493954,2,-1.15,0.75
-10,15,0,2,-3.14159265358979,3.14159265358979,0,0.17,-0.17,0.17,0.17,-0.392699081698724,0.392699081698724,-0.085,0.085,-0.085,0.085,-0.392699081698724,0.392699081698724,3.65954198473282,1,0,0.11,0,0,50.537560721721,0.630186784388739,5,0,3.65954198473282,1,1.7,-1.43647332306108,0,0,0.169991946660539,-0.0823367320661706,0.17,0.17,-0.275438025120553,0.0816196942876273,-0.085,0.085,-0.085,0.085,-0.0883435581740888,0.158829139074877,3.65954198473282,1,0,0.11,0,0,39.0726775994787,1.2,7.29356648523603,1,0.7325405,2,-1.2,0.75
-10,15,0,2,-3.14159265358979,3.14159265358979,0,0.17,-0.17,0.17,0.17,-0.392699081698724,0.392699081698724,-0.085,0.085,-0.085,0.085,-0.392699081698724,0.392699081698724,4.72394366197183,1,0,0.11,0,0,69.2256722151088,0.630186784388739,5,0,4.72394366197183,0.8794857517797,1.7,-1.61521973294206,0.0136596956078143,0,0.169558814263207,-0.115071908610853,0.128684524959589,0.17,-0.20838185561508,0.121699592789151,-0.0832024532996967,0.0829269726615853,-0.059573216080662,0.0800147960141367,-0.133673355370424,0.135895843806386,4.72394366197183,1,0,0.11,0,0,48.8203563135549,1.2,6.83484988389768,1,0.3769685,2,-0.6,1
-10,15,0,2,-3.14159265358979,3.14159265358979,0,0.17,-0.17,0.17,0.17,-0.392699081698724,0.392699081698724,-0.085,0.085,-0.085,0.085,-0.392699081698724,0.392699081698724,4.57105263157895,1,0,0.11,0,0,66.4838976812661,0.630186784388739,5,8.47409828425396e-14,4.57105263157867,0.891485903975623,1.7,-1.56414902910796,0.0122278530928347,-1.00000000002708e-12,0.16934077385488,-0.100534962428799,0.133871633276048,0.17,-0.185976472463424,0.100663625320386,-0.085000000001,0.085,-0.085,0.085,-0.0530508287631961,0.0370959882675598,4.57105263157867,1,3.65786638050602e-17,0.110000000000314,2.38610576409923e-22,-1.59128693392766e-16,52.9932807527976,1.2,6.88912649786368,1,0.5527103,2,-0.65,1
-10,15,0,2,-3.14159265358979,3.14159265358979,0,0.17,-0.17,0.17,0.17,-0.392699081698724,0.392699081698724,-0.085,0.085,-0.085,0.085,-0.392699081698724,0.392699081698724,4.43703703703704,1,0,0.11,0,0,64.0974025974026,0.630186784388739,5,0,4.43703703703704,0.883417963828104,1.7,-1.59573838844053,0.0130703768410479,1.15215693821447e-31,0.169057891548254,-0.145143083865448,0.153633980935206,0.17,-0.227905814511763,0.0986282493889053,-0.085,0.085,-0.085,0.085,-0.128296647898412,0.125388779960459,4.43703703703704,1,0,0.11,0,0,49.5482286832994,1.2,6.77159125338425,1,0.5825045,2,-0.7,1
-10,15,0,2,-3.14159265358979,3.14159265358979,0,0.17,-0.17,0.17,0.17,-0.392699081698724,0.392699081698724,-0.085,0.085,-0.085,0.085,-0.392699081698724,0.392699081698724,4.31860465116279,1,0,0.11,0,0,62.0010570824524,0.630186784388739,5,0,4.31860465116279,0.894529390195523,1.7,-1.56768353062934,0.0117720610762251,0,0.168988370734427,-0.150620900986788,0.168282845196601,0.17,-0.238449449018457,0.0980864687816867,-0.085,0.085,-0.085,0.085,-0.0695583183188028,0.0569680790169667,4.31860465116279,1,0,0.11,0,0,46.5152782459199,1.2,6.97729173688799,1,0.589,2,-0.75,1
-10,15,0,2,-3.14159265358979,3.14159265358979,0,0.17,-0.17,0.17,0.17,-0.392699081698724,0.392699081698724,-0.085,0.085,-0.085,0.085,-0.392699081698724,0.392699081698724,4.21318681318681,1,0,0.11,0,0,60.1447927072927,0.630186784388739,5,0,4.21318681318681,0.9362996670895,1.7,-1.60819249880366,0.00708238207615004,0,0.169950850660435,-0.141826472789139,0.166375143407302,0.17,-0.280340174382312,0.146231201167837,-0.085,0.085,-0.085,0.085,-0.302606056361584,0.295316622292494,4.21318681318681,1,0,0.11,0,0,43.7993518907636,1.2,7.00789630252218,1,0.5617814,2,-0.8,1
-10,15,0,2,-3.14159265358979,3.14159265358979,0,0.17,-0.17,0.17,0.17,-0.392699081698724,0.392699081698724,-0.085,0.085,-0.085,0.085,-0.392699081698724,0.392699081698724,4.11875,1,0,0.11,0,0,58.4894719251337,0.630186784388739,5,-1.08327589497081e-33,4.11875,0.747291198685551,1.70000000000069,-1.5600663681975,0.0243455673039124,-4.32578628011077e-15,0.169999999999988,-0.150246111012886,0.17,0.170000000000002,-0.264603490661007,0.0973793600086088,-0.0850000000004106,0.0850000000002317,-0.085,0.0850000000000003,-0.11988885754117,0.138903920687606,4.11875,1,2.23506035175849e-22,0.11,-2.71881559780663e-21,1.25150020633627e-21,41.7133288440544,1.2,6.79579649084386,1,2.8345049,2,-0.85,1
-10,15,0,2,-3.14159265358979,3.14159265358979,0,0.17,-0.17,0.17,0.17,-0.392699081698724,0.392699081698724,-0.085,0.085,-0.085,0.085,-0.392699081698724,0.392699081698724,4.03366336633663,1,0,0.11,0,0,57.0040504050405,0.630186784388739,5,-8.95596025047096e-16,4.03366336633663,0.755572181697907,1.70000000000099,-1.32806746483445,0.0235912808520349,-4.69759784668932e-15,0.17,-0.135805868897252,0.17,0.17,-0.174864186010417,0.0959392428584566,-0.085,0.085,-0.085,0.085,-0.114945669572312,0.119017482360982,4.03366336633663,1,-1.20945861491333e-23,0.11,-8.05380934410371e-22,-1.40003902670548e-23,39.4683594054861,1.19999999999901,6.956298345217,1,1.9371823,2,-0.9,1
-10,15,0,2,-3.14159265358979,3.14159265358979,0,0.17,-0.17,0.17,0.17,-0.392699081698724,0.392699081698724,-0.085,0.085,-0.085,0.085,-0.392699081698724,0.392699081698724,3.95660377358491,1,0,0.11,0,0,55.6635821973459,0.630186784388739,5,-2.08978346177665e-22,3.95660377358491,0.977154806594242,1.7,-1.50196953068082,0.0192321729501722,-2.75461389796954e-23,0.169781401015972,-0.118978144174538,0.1639159886632,0.17,-0.239144902680963,0.0864354416404329,-0.085,0.085,-0.085,0.085,-0.05013837881687,0.103224274217867,3.95660377358491,1,-3.36997938523338e-24,0.11,9.96332128961855e-24,-7.37591720850737e-23,42.6570387918161,1.2,7.09173269913943,1,0.9009537,2,-0.95,1
-10,15,0,2,-3.14159265358979,3.14159265358979,0,0.17,-0.17,0.17,0.17,-0.392699081698724,0.392699081698724,-0.085,0.085,-0.085,0.085,-0.392699081698724,0.392699081698724,3.88648648648649,1,0,0.11,0,0,54.4477886977887,0.630186784388739,5,0,3.88648648648649,0.982347399115109,1.7,-1.61991443659005,0.00193975459524874,0,0.169873247066814,-0.112567805539365,0.164038337169978,0.17,-0.324503393522072,0.102199594882022,-0.085,0.085,-0.085,0.085,-0.388585029200509,0.194517799150078,3.88648648648649,1,0,0.11,0,0,40.6591508922099,1.2,6.94593827741918,1,0.7031341,2,-1,1
-10,15,0,2,-3.14159265358979,3.14159265358979,0,0.17,-0.17,0.17,0.17,-0.392699081698724,0.392699081698724,-0.085,0.085,-0.085,0.085,-0.392699081698724,0.392699081698724,3.82241379310345,1,0,0.11,0,0,53.340013434841,0.630186784388739,5,0,3.82241379310345,1,1.7,-1.51213269614279,0,1.42196717056491e-18,0.17,-0.087466474697874,0.17,0.170000021287318,-0.28732961180049,0.100636496866222,-0.085,0.0849999999999998,-0.0704562265488816,0.0849999999999998,-0.152127870063581,0.205487613792427,3.82241379310345,1,0,0.11,0,0,38.1963604817436,1.16968651993336,6.83290448617858,1,4.5213568,-2,-1.05,1
-10,15,0,2,-3.14159265358979,3.14159265358979,0,0.17,-0.17,0.17,0.17,-0.392699081698724,0.392699081698724,-0.085,0.085,-0.085,0.085,-0.392699081698724,0.392699081698724,3.76363636363636,1,0,0.11,0,0,52.3264462809917,0.630186784388739,5,0,3.76363636363636,0.999480043928373,1.7,-1.47898436580538,0,3.74356767862541e-20,0.17,-0.0758265077384284,0.17,0.170000000079436,-0.307259657868868,0.0918217893943876,-0.085,0.085,-0.0704476333550587,0.085,-0.238572077343319,0.168060937226205,3.76363636363636,1,0,0.11,0,0,36.5103015171507,1.15722790068431,6.84230095099194,1,7.3838665,-2,-1.1,1
-10,15,0,2,-3.14159265358979,3.14159265358979,0,0.17,-0.17,0.17,0.17,-0.392699081698724,0.392699081698724,-0.085,0.085,-0.085,0.085,-0.392699081698724,0.392699081698724,3.70952380952381,1,0,0.11,0,0,51.3955392433653,0.630186784388739,5,0,3.70952380952381,1,1.7,-2.04632236042153,0,1.51972936352023e-25,0.169929968420429,-0.140812369844242,0.15800475208098,0.170000007374991,-0.303201289649131,0.392699081698724,-0.085,0.085,-0.0849999999999999,0.0849999999999999,-0.392699081683451,0.392699078015335,3.70952380952381,1,0,0.11,0,0,34.97131098001,1.14529286793705,0,1,18.0521236,-2,-1.15,1
-10,15,0,2,-3.14159265358979,3.14159265358979,0,0.17,-0.17,0.17,0.17,-0.392699081698724,0.392699081698724,-0.085,0.085,-0.085,0.085,-0.392699081698724,0.392699081698724,3.65954198473282,1,0,0.11,0,0,50.537560721721,0.630186784388739,5,2.00086961608815e-22,3.65954198473282,0.991143581009597,1.7,-1.47637544684168,0.0380240068544617,-5.40216056323179e-24,0.169937875613499,-0.0916462922264686,0.167677026487293,0.17,-0.208633469648172,0.0829310818899365,-0.085,0.085,-0.085,0.085,-0.134577488238429,0.176589093382633,3.65954198473282,0.999999999999999,3.115193931501e-16,0.11,5.42480537546476e-16,-1.34292920272063e-15,38.5370364506206,1.2,7.02230441989086,1,0.9570567,2,-1.2,1
-10,15,0,2,-3.14159265358979,3.14159265358979,0,0.17,-0.17,0.17,0.17,-0.392699081698724,0.392699081698724,-0.085,0.085,-0.085,0.085,-0.392699081698724,0.392699081698724,4.72394366197183,1,0,0.11,0,0,69.2256722151088,0.630186784388739,5,0,4.72394366197183,0.3,1.20821082020405,-0.0423915760986635,1.53624018239521,0,0.169079351664953,-0.162546268246691,0.104153291513109,0.17,-0.1201173462575,0.124623847977613,-0.085,0.085,-0.085,0.085,-0.0829640036398837,0.0678299692781746,4.72394366197183,1,0,0.11,0,0,49.4622861743282,1.2,6.92472006440594,1,0.3842927,2,-0.6,1.25
-10,15,0,2,-3.14159265358979,3.14159265358979,0,0.17,-0.17,0.17,0.17,-0.392699081698724,0.392699081698724,-0.085,0.085,-0.085,0.085,-0.392699081698724,0.392699081698724,4.57105263157895,1,0,0.11,0,0,66.4838976812661,0.630186784388739,5,0,4.57105263157895,0.3,1.20062560292322,0,1.54721938436096,0,0.169640486583699,-0.16587756446331,0.111537945381923,0.17,-0.0992096687338387,0.149315665517145,-0.085,0.085,-0.085,0.085,-0.0618133912756851,0.0519844441725186,4.57105263157895,1,0,0.11,0,0,53.7003294451355,1.2,7.14725813329304,1,0.5028417,2,-0.65,1.25
-10,15,0,2,-3.14159265358979,3.14159265358979,0,0.17,-0.17,0.17,0.17,-0.392699081698724,0.392699081698724,-0.085,0.085,-0.085,0.085,-0.392699081698724,0.392699081698724,4.43703703703704,1,0,0.11,0,0,64.0974025974026,0.630186784388739,5,-3.96525667243375e-23,4.43703703703704,0.3,1.19080166182173,-1.83272073363398e-23,1.56312053901863,-2.70245393138873e-23,0.16987888539208,-0.169070871602652,0.118272657984246,0.17,-0.0975274565630746,0.14750592814791,-0.085,0.085,-0.085,0.085,-0.0314710742731841,0.053150367825881,4.43703703703704,1,-1.83272073363398e-23,0.11,-5.63507152547766e-25,6.07426162187547e-23,50.2005875758362,1.2,7.02808226061706,1,0.442308,2,-0.7,1.25
-10,15,0,2,-3.14159265358979,3.14159265358979,0,0.17,-0.17,0.17,0.17,-0.392699081698724,0.392699081698724,-0.085,0.085,-0.085,0.085,-0.392699081698724,0.392699081698724,4.31860465116279,1,0,0.11,0,0,62.0010570824524,0.630186784388739,5,0,4.31860465116279,0.3,1.18309378720335,0,1.58110958827377,0,0.168912672972123,-0.167849656831457,0.122003388474619,0.17,-0.0968490755483639,0.174516510434304,-0.085,0.085,-0.085,0.085,-0.0749368606209291,0.0543957552465981,4.31860465116279,1,0,0.11,0,0,47.1321013083222,1.2,7.23814412949234,1,0.4480696,2,-0.75,1.25
-10,15,0,2,-3.14159265358979,3.14159265358979,0,0.17,-0.17,0.17,0.17,-0.392699081698724,0.392699081698724,-0.085,0.085,-0.085,0.085,-0.392699081698724,0.392699081698724,4.21318681318681,1,0,0.11,0,0,60.1447927072927,0.630186784388739,5,-4.77124107782478e-22,4.21318681318681,0.3,1.165418702363,-0.0199729862262652,1.45453182168663,-1.25263130025842e-22,0.169643999781451,-0.17,0.136176386160211,0.17,-0.0970558800501636,0.142676636807301,-0.085,0.085,-0.085,0.085,-0.0424690517880063,0.0565484033237603,4.21318681318681,1,5.13184782831709e-23,0.11,2.0034359934568e-22,1.30605567634158e-22,44.4111323836814,1.2,7.10578118138903,1,0.4853317,2,-0.8,1.25
-10,15,0,2,-3.14159265358979,3.14159265358979,0,0.17,-0.17,0.17,0.17,-0.392699081698724,0.392699081698724,-0.085,0.085,-0.085,0.085,-0.392699081698724,0.392699081698724,4.11875,1,0,0.11,0,0,58.4894719251337,0.630186784388739,5,0,4.11875,0.3,1.25398482543127,-0.00562586147287651,1.43769786747574,0,0.169989279038555,-0.17,0.091360698644501,0.17,-0.0960161851435709,0.202514258448745,-0.085,0.085,-0.085,0.085,-0.0786335110835904,0.125731096269014,4.11875,1,0,0.11,0,0,41.3304577060399,1.2,6.87979910565123,1,1.3219941,2,-0.85,1.25
-10,15,0,2,-3.14159265358979,3.14159265358979,0,0.17,-0.17,0.17,0.17,-0.392699081698724,0.392699081698724,-0.085,0.085,-0.085,0.085,-0.392699081698724,0.392699081698724,4.03366336633663,1,0,0.11,0,0,57.0040504050405,0.630186784388739,5,0,4.03366336633663,0.3,1.21503120106414,0,1.40719675527889,0,0.169965253990734,-0.17,0.093689422456255,0.17,-0.0967188300770583,0.198157457133666,-0.085,0.085,-0.085,0.085,-0.108222220642617,0.059400597557697,4.03366336633663,1,0,0.11,0,0,39.0949416778525,1.2,6.8904834707215,1,1.0746631,2,-0.9,1.25
-10,15,0,2,-3.14159265358979,3.14159265358979,0,0.17,-0.17,0.17,0.17,-0.392699081698724,0.392699081698724,-0.085,0.085,-0.085,0.085,-0.392699081698724,0.392699081698724,3.95660377358491,1,0,0.11,0,0,55.6635821973459,0.630186784388739,5,0,3.95660377358491,0.3,1.03918657215884,-0.00594523413110117,1.51491455404262,1.6592150957125e-31,0.169823680191139,-0.17,0.153134851749148,0.17,-0.0853843482289393,0.1906516776201,-0.085,0.085,-0.085,0.085,-0.0656055702174652,0.049094510710927,3.95660377358491,1,0,0.11,0,0,43.2380757879948,1.2,7.18833009975413,1,0.6071274,2,-0.95,1.25
-10,15,0,2,-3.14159265358979,3.14159265358979,0,0.17,-0.17,0.17,0.17,-0.392699081698724,0.392699081698724,-0.085,0.085,-0.085,0.085,-0.392699081698724,0.392699081698724,3.88648648648649,1,0,0.11,0,0,54.4477886977887,0.630186784388739,5,0,3.88648648648649,0.3,1.00298351241161,0,1.56272324927175,0,0.169997364828543,-0.17,0.14597023056434,0.17,-0.0861296052529958,0.229504376717305,-0.085,0.085,-0.085,0.085,-0.104913276512014,0.0642140703788872,3.88648648648649,1,0,0.11,0,0,41.2151239240489,1.2,7.21264668670856,1,0.5694989,2,-1,1.25
-10,15,0,2,-3.14159265358979,3.14159265358979,0,0.17,-0.17,0.17,0.17,-0.392699081698724,0.392699081698724,-0.085,0.085,-0.085,0.085,-0.392699081698724,0.392699081698724,3.82241379310345,1,0,0.11,0,0,53.340013434841,0.630186784388739,5,-5.75220560199698e-16,3.82241379310345,0.299999999999932,1.12471759615055,-2.70936146662136e-15,1.42359004286042,-8.56730948920442e-16,0.169792951149313,-0.17,0.0925727782763638,0.17000000000001,-0.0896698295400599,0.224396113117422,-0.085,0.085000000000006,-0.085,0.0850000000005613,-0.143332578759225,0.106293194645896,3.82241379310345,1,-6.566560858316e-23,0.109999999999853,3.67173802122358e-15,-1.72652974616506e-21,37.8361993287204,1.19999999999901,6.91561643286074,1,1.3327296,2,-1.05,1.25
-10,15,0,2,-3.14159265358979,3.14159265358979,0,0.17,-0.17,0.17,0.17,-0.392699081698724,0.392699081698724,-0.085,0.085,-0.085,0.085,-0.392699081698724,0.392699081698724,3.76363636363636,1,0,0.11,0,0,52.3264462809917,0.630186784388739,5,2.74263702683375e-25,3.76363636363636,0.3,1.10072023806686,-7.77708425462241e-21,1.45722754231465,-4.53686142071454e-13,0.169952232100664,-0.17,0.0695136054722935,0.17000000000003,-0.097125072470632,0.247551205524293,-0.0850000000000116,0.0850000000008138,-0.085,0.085,-0.210510358515296,0.121956717937748,3.76363636363636,1,-1.44273556503934e-21,0.11,1.35338532501722e-21,2.58836945250795e-21,36.1635878786451,1.2,6.92465738268871,1,2.096137,2,-1.1,1.25
-10,15,0,2,-3.14159265358979,3.14159265358979,0,0.17,-0.17,0.17,0.17,-0.392699081698724,0.392699081698724,-0.085,0.085,-0.085,0.085,-0.392699081698724,0.392699081698724,3.70952380952381,1,0,0.11,0,0,51.3955392433653,0.630186784388739,5,0,3.70952380952381,0.3,1.07970161536098,0,1.32429167548821,0,0.169692568148208,-0.17,0.114039551027421,0.17,-0.0956038985612198,0.258082347336379,-0.085,0.085,-0.085,0.085,-0.0891774055403258,0.0997282077727038,3.70952380952381,1,0,0.11,0,0,34.6556858845578,1.2,6.78994734553003,1,2.3484222,2,-1.15,1.25
-10,15,0,2,-3.14159265358979,3.14159265358979,0,0.17,-0.17,0.17,0.17,-0.392699081698724,0.392699081698724,-0.085,0.085,-0.085,0.085,-0.392699081698724,0.392699081698724,3.65954198473282,1,0,0.11,0,0,50.537560721721,0.630186784388739,5,0,3.65954198473282,0.3,1,0,1.48327030525065,0,0.169991946309148,-0.17,0.0823368042450318,0.17,-0.0816142160445474,0.285073031136167,-0.085,0.085,-0.085,0.085,-0.180667941514762,0.0859222621871817,3.65954198473282,1,0,0.11,0,0,39.072677597585,1.2,7.29356648488254,1,0.7406719,2,-1.2,1.25
-10,15,0,2,-3.14159265358979,3.14159265358979,0,0.17,-0.17,0.17,0.17,-0.392699081698724,0.392699081698724,-0.085,0.085,-0.085,0.085,-0.392699081698724,0.392699081698724,4.72394366197183,1,0,0.11,0,0,69.2256722151088,0.630186784388739,5,0,4.72394366197183,0.3,1.33199128141093,0,1.5581267498813,0,0.168748618624306,-0.169633324674478,0.110009459373142,0.17,-0.11932113905307,0.160049947851441,-0.0849087227361979,0.0849407747757709,-0.085,0.085,-0.0579539544187989,0.0642016229117955,4.72394366197183,1,0,0.11,0,0,50.5049211964262,1.2,7.23903870482108,1,0.3146731,2,-0.6,1.5
-10,15,0,2,-3.14159265358979,3.14159265358979,0,0.17,-0.17,0.17,0.17,-0.392699081698724,0.392699081698724,-0.085,0.085,-0.085,0.085,-0.392699081698724,0.392699081698724,4.57105263157895,1,0,0.11,0,0,66.4838976812661,0.630186784388739,5,0,4.57105263157895,0.3,1.31524279130126,-0.0206845050480434,1.59496567865876,0,0.166542757455225,-0.16329867770511,0.103855600495599,0.17,-0.0978413761940754,0.140365096357009,-0.0849790415962587,0.0849989072419425,-0.085,0.085,-0.0960406909239248,0.0874096494638054,4.57105263157895,1,0,0.11,0,0,54.8384690808689,1.2,7.2987390990966,1,0.5184526,2,-0.65,1.5
-10,15,0,2,-3.14159265358979,3.14159265358979,0,0.17,-0.17,0.17,0.17,-0.392699081698724,0.392699081698724,-0.085,0.085,-0.085,0.085,-0.392699081698724,0.392699081698724,4.43703703703704,1,0,0.11,0,0,64.0974025974026,0.630186784388739,5,0,4.43703703703704,0.3,1.28712567915028,-0.01526926729275,1.56559197415638,0,0.167760680073948,-0.17,0.115694170008116,0.17,-0.0959058974936578,0.16066148817268,-0.085,0.085,-0.085,0.085,-0.078124056416413,0.0793399951422307,4.43703703703704,1,0,0.11,0,0,51.2476197988019,1.2,7.3454921711616,1,0.420921,2,-0.7,1.5
-10,15,0,2,-3.14159265358979,3.14159265358979,0,0.17,-0.17,0.17,0.17,-0.392699081698724,0.392699081698724,-0.085,0.085,-0.085,0.085,-0.392699081698724,0.392699081698724,4.31860465116279,1,0,0.11,0,0,62.0010570824524,0.630186784388739,5,0,4.31860465116279,0.3,1.2305306777689,-0.00816691573761181,1.52460591198647,0,0.168949629355201,-0.17,0.119310626341759,0.17,-0.0952146939687178,0.183317244680433,-0.085,0.085,-0.085,0.085,-0.0459714533149131,0.068023978282877,4.31860465116279,1,0,0.11,0,0,48.0654513221241,1.2,7.20981769831862,1,0.3561703,2,-0.75,1.5
-10,15,0,2,-3.14159265358979,3.14159265358979,0,0.17,-0.17,0.17,0.17,-0.392699081698724,0.392699081698724,-0.085,0.085,-0.085,0.085,-0.392699081698724,0.392699081698724,4.21318681318681,1,0,0.11,0,0,60.1447927072927,0.630186784388739,5,2.84091540519784e-22,4.21318681318681,0.3,1.17873552808363,-2.69653726103308e-22,1.52476392824216,-6.6345421036782e-23,0.169150499840693,-0.17,0.131631853770088,0.17,-0.0952375639527754,0.207457793096039,-0.085,0.085,-0.085,0.085,-0.0714741075643343,0.0646883072573374,4.21318681318681,1,6.70675808782407e-23,0.11,2.52725744759089e-22,-5.47850556728681e-23,45.2615081430426,1.2,7.24184130288681,1,0.428777,2,-0.8,1.5
-10,15,0,2,-3.14159265358979,3.14159265358979,0,0.17,-0.17,0.17,0.17,-0.392699081698724,0.392699081698724,-0.085,0.085,-0.085,0.085,-0.392699081698724,0.392699081698724,4.11875,1,0,0.11,0,0,58.4894719251337,0.630186784388739,5,3.45029037622691e-20,4.11875,0.3,1.2539339247218,-3.1171523345344e-20,1.3253930414261,-3.2117655994887e-20,0.169580466279255,-0.17,0.0857855946265088,0.17,-0.0966851851293054,0.130187912236551,-0.085,0.085,-0.085,0.085,-0.114271517940137,0.16132037155,4.11875,1,3.58261748038601e-20,0.11,-8.50820683161483e-21,7.48035808200202e-21,41.2036311338933,1.2,6.71275823889678,1,0.9179486,2,-0.85,1.5
-10,15,0,2,-3.14159265358979,3.14159265358979,0,0.17,-0.17,0.17,0.17,-0.392699081698724,0.392699081698724,-0.085,0.085,-0.085,0.085,-0.392699081698724,0.392699081698724,4.03366336633663,1,0,0.11,0,0,57.0040504050405,0.630186784388739,5,0,4.03366336633663,0.3,1.21686700887299,0,1.94217750496789,0,0.168762282907643,-0.17,0.0790007647840724,0.170000000000002,-0.392699081698724,0.392699081698724,-0.085,0.085,-0.085,0.085,-0.392699081698724,0.392699081698724,4.03366336633663,1,0,0.11,0,0,39.0632440284725,1.2,7.61733258555213,1,1.740034,2,-0.9,1.5
-10,15,0,2,-3.14159265358979,3.14159265358979,0,0.17,-0.17,0.17,0.17,-0.392699081698724,0.392699081698724,-0.085,0.085,-0.085,0.085,-0.392699081698724,0.392699081698724,3.95660377358491,1,0,0.11,0,0,55.6635821973459,0.630186784388739,5,4.82511946552463e-23,3.95660377358491,0.3,1.05126425260507,-9.88289803224739e-23,1.56892316108644,-3.6526675111236e-23,0.169977914841813,-0.17,0.156046048217269,0.17,-0.0839806486755247,0.252467250126745,-0.085,0.085,-0.085,0.085,-0.103870139193342,0.0868515022449425,3.95660377358491,1,-9.88289803224739e-23,0.11,3.06417357703182e-23,-5.85794589499069e-23,44.0600606731113,1.2,7.32498508690475,1,0.5763933,2,-0.95,1.5
-10,15,0,2,-3.14159265358979,3.14159265358979,0,0.17,-0.17,0.17,0.17,-0.392699081698724,0.392699081698724,-0.085,0.085,-0.085,0.085,-0.392699081698724,0.392699081698724,3.88648648648649,1,0,0.11,0,0,54.4477886977887,0.630186784388739,5,0,3.88648648648649,0.3,1.03773633236428,-0.0427448778897888,1.4435192239099,0,0.169861912810333,-0.17,0.141218363565677,0.17,-0.0863606449321385,0.214913566953001,-0.085,0.085,-0.085,0.085,-0.202189076397697,0.141468182282217,3.88648648648649,1,0,0.11,0,0,41.9993705289534,1.2,7.34988984256684,1,0.6637254,2,-1,1.5
-10,15,0,2,-3.14159265358979,3.14159265358979,0,0.17,-0.17,0.17,0.17,-0.392699081698724,0.392699081698724,-0.085,0.085,-0.085,0.085,-0.392699081698724,0.392699081698724,3.82241379310345,1,0,0.11,0,0,53.340013434841,0.630186784388739,5,-7.1279532124846e-22,3.82241379310345,0.3,1.12010168669824,-2.88964075949615e-22,1.31241810225868,-1.31076316277358e-22,0.169961118536603,-0.17,0.0897227209663824,0.17,-0.0907317289222718,0.239160323614112,-0.085,0.085,-0.085,0.085,-0.085788407915313,0.0781128917300929,3.82241379310345,1,-2.88964075949615e-22,0.11,-1.5909300212288e-22,2.53886967110664e-22,37.4583332385966,1.2,6.70087961268228,1,1.2536674,2,-1.05,1.5
-10,15,0,2,-3.14159265358979,3.14159265358979,0,0.17,-0.17,0.17,0.17,-0.392699081698724,0.392699081698724,-0.085,0.085,-0.085,0.085,-0.392699081698724,0.392699081698724,3.76363636363636,1,0,0.11,0,0,52.3264462809917,0.630186784388739,5,0,3.76363636363636,0.3,1.09434996620533,0,1.24505193540072,0,0.169124844399784,-0.17,0.108919322286804,0.17,-0.0938248534664783,0.207122172516194,-0.085,0.085,-0.085,0.085,-0.157306065374935,0.171639893851948,3.76363636363636,1,0,0.11,0,0,35.6786728301669,1.2,6.54109001886393,1,3.521127,2,-1.1,1.5
-10,15,0,2,-3.14159265358979,3.14159265358979,0,0.17,-0.17,0.17,0.17,-0.392699081698724,0.392699081698724,-0.085,0.085,-0.085,0.085,-0.392699081698724,0.392699081698724,3.70952380952381,1,0,0.11,0,0,51.3955392433653,0.630186784388739,5,-3.17035383059865e-15,3.70952380952381,0.3,1.07193999349774,-3.37746592077708e-13,1.19861984753593,-2.34955719749802e-13,0.169773032700774,-0.17,0.0721059376859084,0.17,-0.0971274597102168,0.250514242844826,-0.0850000000000033,0.0850000000009963,-0.085,0.0850000000000306,-0.133079258015176,0.195184869949405,3.70952380952381,1,-3.37746592077708e-13,0.11,-6.50207453859538e-22,-1.51240065970675e-21,34.1104291358457,1.2,6.82840257330541,1,2.8561582,2,-1.15,1.5
-10,15,0,2,-3.14159265358979,3.14159265358979,0,0.17,-0.17,0.17,0.17,-0.392699081698724,0.392699081698724,-0.085,0.085,-0.085,0.085,-0.392699081698724,0.392699081698724,3.65954198473282,1,0,0.11,0,0,50.537560721721,0.630186784388739,5,0,3.65954198473282,0.3,1.01680071574861,-0.037245252880638,1.4186329468385,0,0.16997764214859,-0.17,0.0806733107018434,0.17,-0.0797945488601713,0.279552427267903,-0.085,0.085,-0.085,0.085,-0.16819503713763,0.280213159326523,3.65954198473282,1,0,0.11,0,0,39.8128199349986,1.2,7.25478052148864,1,0.7321648,2,-1.2,1.5
-10,15,0,2,-3.14159265358979,3.14159265358979,0,0.17,-0.17,0.17,0.17,-0.392699081698724,0.392699081698724,-0.085,0.085,-0.085,0.085,-0.392699081698724,0.392699081698724,4.72394366197183,1,0,0.11,0,0,69.2256722151088,0.630186784388739,5,-1.67577938415677e-21,4.72394366197183,0.3,1.25864395614784,-2.7332414882703e-19,3.09078775623626,-1.51949584247912e-18,0.16951160643134,-0.17,0.169977839298597,0.17,-0.391474637517215,0.288821255840683,-0.0701904863591398,0.0849986338271377,-0.085,0.085,-0.23787364810805,0.336895080394768,4.72394366197183,1,-2.7332414882703e-19,0.11,-1.7998635679924e-18,6.73686798000624e-19,52.0471136963094,1.2,15.0936629719297,1,1.4684854,2,-0.6,1.75
-10,15,0,2,-3.14159265358979,3.14159265358979,0,0.17,-0.17,0.17,0.17,-0.392699081698724,0.392699081698724,-0.085,0.085,-0.085,0.085,-0.392699081698724,0.392699081698724,4.57105263157895,1,0,0.11,0,0,66.4838976812661,0.630186784388739,5,0,4.57105263157895,0.3,1.38669848923546,-0.0831146933345189,2.9452856426503,0,0.169398266997779,-0.17,0.17,0.17,-0.350750887512559,0.370418745038628,-0.0849307372023356,0.0844084833643763,-0.085,0.085,-0.310739767497927,0.157320631513632,4.57105263157895,1,0,0.11,0,0,56.7111119093098,1.2,12.9895451563705,1,0.9202838,2,-0.65,1.75
-10,15,0,2,-3.14159265358979,3.14159265358979,0,0.17,-0.17,0.17,0.17,-0.392699081698724,0.392699081698724,-0.085,0.085,-0.085,0.085,-0.392699081698724,0.392699081698724,4.43703703703704,1,0,0.11,0,0,64.0974025974026,0.630186784388739,5,-9.11544097060324e-20,4.43703703703725,0.2999999999995,1.57960157473042,-0.0148855154617184,3.09726454798313,-4.99913101512306e-13,0.166291836356572,-0.17,0.17,0.170000000004969,-0.271445180134348,0.327087710798131,-0.085,0.085,-0.085,0.085,-0.392699081698724,0.20917353919725,4.43703703703725,1,1.38580417616245e-20,0.11,-3.5782368216866e-19,2.37245847698031e-19,52.9766066689137,1.20000000000002,15.363215933985,1,2.6390179,-2,-0.7,1.75
-10,15,0,2,-3.14159265358979,3.14159265358979,0,0.17,-0.17,0.17,0.17,-0.392699081698724,0.392699081698724,-0.085,0.085,-0.085,0.085,-0.392699081698724,0.392699081698724,4.31860465116279,1,0,0.11,0,0,62.0010570824524,0.630186784388739,5,0,4.31860465116279,0.3,1.26066965621005,-0.0503389802008994,1.56793236636243,0,0.165524791071036,-0.17,0.11755260008063,0.17,-0.124164494832963,0.216977043709306,-0.085,0.085,-0.085,0.085,-0.111670660232356,0.172852467671687,4.31860465116279,1,0,0.11,0,0,49.8583722990294,1.2,7.65682146020809,1,0.4325822,2,-0.75,1.75
-10,15,0,2,-3.14159265358979,3.14159265358979,0,0.17,-0.17,0.17,0.17,-0.392699081698724,0.392699081698724,-0.085,0.085,-0.085,0.085,-0.392699081698724,0.392699081698724,4.21318681318681,1,0,0.11,0,0,60.1447927072927,0.630186784388739,5,0,4.21318681318681,0.3,1.20721279451337,-0.0553917078093824,1.47000909360834,0,0.169979851782427,-0.17,0.121604780032205,0.17,-0.22498547202176,0.234690606474103,-0.085,0.085,-0.085,0.085,-0.20895893456289,0.242481493829493,4.21318681318681,1,0,0.11,0,0,46.9460491170283,1.2,7.51136785872453,1,0.4512166,2,-0.8,1.75
-10,15,0,2,-3.14159265358979,3.14159265358979,0,0.17,-0.17,0.17,0.17,-0.392699081698724,0.392699081698724,-0.085,0.085,-0.085,0.085,-0.392699081698724,0.392699081698724,4.11875,1,0,0.11,0,0,58.4894719251337,0.630186784388739,5,0,4.11875,0.3,1.0553273418555,0,3.14159265358979,0,0.169997857713982,-0.17,0.165357305786136,0.17,-0.392699081698724,0.392699081698724,-0.085,0.085,-0.085,0.085,-0.392699081698724,0.392699081698724,4.11875,1,0,0.11,0,0,37.755817560919,1.22695705570802,14.709037258108,1,1.4337422,2,-0.85,1.75
-10,15,0,2,-3.14159265358979,3.14159265358979,0,0.17,-0.17,0.17,0.17,-0.392699081698724,0.392699081698724,-0.085,0.085,-0.085,0.085,-0.392699081698724,0.392699081698724,4.03366336633663,1,0,0.11,0,0,57.0040504050405,0.630186784388739,5,0,4.03366336633663,0.3,1.26483447648191,-0.0122004664215843,2.00153376406797,0,0.169126630767528,-0.17,0.0890769607020113,0.17,-0.392699081698724,0.392699081698724,-0.0796406009127989,0.0713798355766805,-0.085,0.085,-0.392699081698724,0.392699081698724,4.03366336633663,1,0,0.11,0,0,38.5778495047475,1.28786420819939,8.24601533163977,1,1.2952573,2,-0.9,1.75
-10,15,0,2,-3.14159265358979,3.14159265358979,0,0.17,-0.17,0.17,0.17,-0.392699081698724,0.392699081698724,-0.085,0.085,-0.085,0.085,-0.392699081698724,0.392699081698724,3.95660377358491,1,0,0.11,0,0,55.6635821973459,0.630186784388739,5,-6.68073157134799e-22,3.95660377358491,0.3,1.57542069816362,-1.16700739197406e-21,3.14159265358979,4.8678642506411e-23,0.167313779125964,-0.160419322796787,0.17,0.170000000000022,-0.392699081698724,0.392699081698724,-0.085,0.085,-0.085,0.085,-0.392699081698724,0.392699081698724,3.95660377358491,1,-1.16700739197406e-21,0.11,-9.02459343345128e-22,-1.43143775500895e-15,45.6960974906067,1.2,15.374832801527,1,7.1687159,2,-0.95,1.75
-10,15,0,2,-3.14159265358979,3.14159265358979,0,0.17,-0.17,0.17,0.17,-0.392699081698724,0.392699081698724,-0.085,0.085,-0.085,0.085,-0.392699081698724,0.392699081698724,3.88648648648649,1,0,0.11,0,0,54.4477886977887,0.630186784388739,5,0,3.88648648648649,0.3,1.07116357206956,-0.0307172561885779,1.504943496068,0,0.169460391442626,-0.17,0.144256746293915,0.17,-0.261283730942601,0.300177905002795,-0.085,0.085,-0.085,0.085,-0.265718784341609,0.322615827640043,3.88648648648649,1,0,0.11,0,0,43.5522910413818,1.2,7.62165093224182,1,0.5498789,2,-1,1.75
-10,15,0,2,-3.14159265358979,3.14159265358979,0,0.17,-0.17,0.17,0.17,-0.392699081698724,0.392699081698724,-0.085,0.085,-0.085,0.085,-0.392699081698724,0.392699081698724,3.82241379310345,1,0,0.11,0,0,53.340013434841,0.630186784388739,5,0,3.82241379310345,0.3,1.15899053818667,0,1.79636312137636,0,0.16771492404048,-0.17,0.0677220664256066,0.17,-0.392699081698724,0.392699081698724,-0.0575620085674064,0.0557082387401945,-0.085,0.085,-0.392699081698724,0.392699081698724,3.82241379310345,1,0,0.11,0,0,37.2865322910107,1.2,8.12017814337566,1,1.7601402,2,-1.05,1.75
-10,15,0,2,-3.14159265358979,3.14159265358979,0,0.17,-0.17,0.17,0.17,-0.392699081698724,0.392699081698724,-0.085,0.085,-0.085,0.085,-0.392699081698724,0.392699081698724,3.76363636363636,1,0,0.11,0,0,52.3264462809917,0.630186784388739,5,0,3.76363636363636,0.3,1.15221970175417,0,1.73345908998809,0,0.169072248938225,-0.17,0.0665455601131764,0.17,-0.38071745041841,0.392699081698724,-0.0756837636293557,0.0759786007820768,-0.085,0.085,-0.392699081698724,0.392699081698724,3.76363636363636,1,0,0.11,0,0,35.4508024767649,1.2,7.94360574016398,1,1.7852154,2,-1.1,1.75
-10,15,0,2,-3.14159265358979,3.14159265358979,0,0.17,-0.17,0.17,0.17,-0.392699081698724,0.392699081698724,-0.085,0.085,-0.085,0.085,-0.392699081698724,0.392699081698724,3.70952380952381,1,0,0.11,0,0,51.3955392433653,0.630186784388739,5,0,3.70952380952381,0.3,1.1740420918074,0,1.68058668819265,0,0.168626404221018,-0.17,0.0729920384999539,0.17,-0.342933778150927,0.392699081698724,-0.085,0.085,-0.085,0.085,-0.392699081698724,0.392699081698724,3.70952380952381,1,0,0.11,0,0,33.718926512419,1.2,7.75535309785637,1,1.4505016,2,-1.15,1.75
-10,15,0,2,-3.14159265358979,3.14159265358979,0,0.17,-0.17,0.17,0.17,-0.392699081698724,0.392699081698724,-0.085,0.085,-0.085,0.085,-0.392699081698724,0.392699081698724,3.65954198473282,1,0,0.11,0,0,50.537560721721,0.630186784388739,5,6.69037463987418e-16,3.65954198473282,0.3,1.58800596529356,-0.0302959604184,3.08159006875215,-6.45010604022429e-14,0.16984715002891,-0.170000000000003,0.170000000000003,0.170000000000031,-0.341245201727361,0.392699081698724,-0.0693370448412307,0.0820051701894723,-0.085,0.085000000000015,-0.320450481986085,0.360093615598823,3.65954198473282,1,-3.92607824476516e-15,0.11,-8.98202766689264e-20,1.43524266468013e-14,40.3112750198743,1.31951724849112,8.06225500397482,0,4.5927063,-2,-1.2,1.75
-10,15,0,2,-3.14159265358979,3.14159265358979,0,0.17,-0.17,0.17,0.17,-0.392699081698724,0.392699081698724,-0.085,0.085,-0.085,0.085,-0.392699081698724,0.392699081698724,4.72394366197183,1,0,0.11,0,0,69.2256722151088,0.630186784388739,5,0,4.72394366197183,0.741355169508235,1.7,-3.07780595972097,0,0,0.169511661185466,-0.16997784932907,0.17,0.17,-0.325307471722723,0.39069767908556,-0.0714150742707577,0.0837756763194826,-0.085,0.085,-0.165220635298712,0.381207772995699,4.72394366197183,1,0,0.11,0,0,52.0471154310139,1.2,15.093663474994,1,1.1897931,2,-0.6,0.25
-10,15,0,2,-3.14159265358979,3.14159265358979,0,0.17,-0.17,0.17,0.17,-0.392699081698724,0.392699081698724,-0.085,0.085,-0.085,0.085,-0.392699081698724,0.392699081698724,4.57105263157895,1,0,0.11,0,0,66.4838976812661,0.630186784388739,5,1.96597054116207e-15,4.57105263157894,0.702099198638318,1.70000000000001,-3.06990168724059,1.86851539612647e-15,-1.99093144901697e-15,0.169838082285603,-0.17,0.17,0.170000015449766,-0.311540241432708,0.295858266658371,-0.0698840416838064,0.0579404583857633,-0.0850000000000004,0.0850000000000016,-0.36949510736078,0.153728543769787,4.57105263157894,1,1.86851539612647e-15,0.110000000000002,-1.369282827136e-15,-1.86852665681312e-15,56.5952477179237,1.20000000000015,15.415467473644,1,7.0464771,0,-0.65,0.25
-10,15,0,2,-3.14159265358979,3.14159265358979,0,0.17,-0.17,0.17,0.17,-0.392699081698724,0.392699081698724,-0.085,0.085,-0.085,0.085,-0.392699081698724,0.392699081698724,4.43703703703704,1,0,0.11,0,0,64.0974025974026,0.630186784388739,5,1.20046401632087e-20,4.43703703703704,0.683738809718663,1.7,-3.07061763401454,0.0120689884071291,-1.17502816409882e-15,0.169953993387827,-0.17,0.17,0.170000000014956,-0.324075234323666,0.335829309549024,-0.085,0.085,-0.085,0.085,-0.392646617994469,0.309891398589106,4.43703703703704,1,7.39822151638708e-16,0.11,2.11165654147063e-20,-1.01341995352883e-15,52.9766053595523,1.19999999999997,15.3632155542702,1,6.4962359,0,-0.7,0.25
-10,15,0,2,-3.14159265358979,3.14159265358979,0,0.17,-0.17,0.17,0.17,-0.392699081698724,0.392699081698724,-0.085,0.085,-0.085,0.085,-0.392699081698724,0.392699081698724,4.31860465116279,1,0,0.11,0,0,62.0010570824524,0.630186784388739,5,0,4.31860465116279,0.739330404196145,1.7,-1.56379321368729,0.0509226931788712,0,0.165524780341667,-0.117552595204774,0.17,0.17,-0.217632862900881,0.125833164046157,-0.085,0.085,-0.085,0.085,-0.174067587754497,0.113192986827975,4.31860465116279,1,0,0.11,0,0,49.8583722887311,1.2,7.65682145862655,1,0.4428069,2,-0.75,0.25
-10,15,0,2,-3.14159265358979,3.14159265358979,0,0.17,-0.17,0.17,0.17,-0.392699081698724,0.392699081698724,-0.085,0.085,-0.085,0.085,-0.392699081698724,0.392699081698724,4.21318681318681,1,0,0.11,0,0,60.1447927072927,0.630186784388739,5,0,4.21318681318681,0.792787114800671,1.7,-1.47099364610846,0.0557305450621764,0,0.166234493063351,-0.121604795928815,0.17,0.17,-0.235095038262576,0.227985644246922,-0.085,0.085,-0.085,0.085,-0.244100406472591,0.211762533819641,4.21318681318681,1,0,0.11,0,0,46.9460491130961,1.2,7.51136785809538,1,0.4230615,2,-0.8,0.25
-10,15,0,2,-3.14159265358979,3.14159265358979,0,0.17,-0.17,0.17,0.17,-0.392699081698724,0.392699081698724,-0.085,0.085,-0.085,0.085,-0.392699081698724,0.392699081698724,4.11875,1,0,0.11,0,0,58.4894719251337,0.630186784388739,5,0,4.11875,0.944672568094848,1.7,-3.14159265358979,0,0,0.169997857797462,-0.165357303430982,0.17,0.17,-0.392699081698724,0.392699081698724,-0.085,0.085,-0.085,0.085,-0.392699081698724,0.392699081698724,4.11875,1,0,0.11,0,0,37.7558176571363,1.22695705860684,14.7090372955927,1,1.6448191,2,-0.85,0.25
-10,15,0,2,-3.14159265358979,3.14159265358979,0,0.17,-0.17,0.17,0.17,-0.392699081698724,0.392699081698724,-0.085,0.085,-0.085,0.085,-0.392699081698724,0.392699081698724,4.03366336633663,1,0,0.11,0,0,57.0040504050405,0.630186784388739,5,0,4.03366336633663,0.971725100612129,1.7,-3.14159265358979,0,6.21850839685632e-30,0.169975974498183,-0.163345172532521,0.17,0.17,-0.392699081698724,0.392699081698724,-0.085,0.085,-0.085,0.085,-0.392699081698724,0.392699081698724,4.03366336633663,1,0,0.11,0,0,35.528078637498,1.24890386690022,14.6553324379679,1,1.7919284,2,-0.9,0.25
-10,15,0,2,-3.14159265358979,3.14159265358979,0,0.17,-0.17,0.17,0.17,-0.392699081698724,0.392699081698724,-0.085,0.085,-0.085,0.085,-0.392699081698724,0.392699081698724,3.95660377358491,1,0,0.11,0,0,55.6635821973459,0.630186784388739,5,2.877658125928e-19,3.95660377358491,0.808803792452893,1.7,-3.14159265358979,4.65575884694153e-19,-5.80336856135723e-20,0.169993394574474,-0.17,0.160420516153467,0.170000000000121,-0.392699081698724,0.392699081698724,-0.085,0.085,-0.085,0.085,-0.392699081698724,0.392699081698742,3.95660377358491,1,-8.50029037637459e-20,0.11,-2.47205705596746e-20,-2.48666265581484e-14,45.6961084079151,1.19999999999997,15.3748364747464,1,2.2678701,-2,-0.95,0.25
-10,15,0,2,-3.14159265358979,3.14159265358979,0,0.17,-0.17,0.17,0.17,-0.392699081698724,0.392699081698724,-0.085,0.085,-0.085,0.085,-0.392699081698724,0.392699081698724,3.82241379310345,1,0,0.11,0,0,53.340013434841,0.630186784388739,5,0,3.82241379310345,0.841009294588442,1.7,-1.7963631198536,0,1.16682613809738e-24,0.167714932943458,-0.0677221067868162,0.17,0.170000000001067,-0.392699081698724,0.392699081698724,-0.0804101159122108,0.0463978049516677,-0.085,0.085,-0.392699081698724,0.392699081698724,3.82241379310345,1,0,0.11,0,0,37.2865323014681,1.2,8.12017814565306,1,2.1365783,-2,-1.05,0.25
-10,15,0,2,-3.14159265358979,3.14159265358979,0,0.17,-0.17,0.17,0.17,-0.392699081698724,0.392699081698724,-0.085,0.085,-0.085,0.085,-0.392699081698724,0.392699081698724,3.76363636363636,1,0,0.11,0,0,52.3264462809917,0.630186784388739,5,0,3.76363636363636,0.847780298245834,1.7,-1.73345910715321,0,0,0.169072248938225,-0.0665455601131756,0.17,0.17,-0.392699081698724,0.380717450418405,-0.0837194011998714,0.0679429707045367,-0.085,0.085,-0.392699081698724,0.392699081698724,3.76363636363636,1,0,0.11,0,0,35.4508024767646,1.2,7.94360574016393,1,1.7066054,2,-1.1,0.25
-10,15,0,2,-3.14159265358979,3.14159265358979,0,0.17,-0.17,0.17,0.17,-0.392699081698724,0.392699081698724,-0.085,0.085,-0.085,0.085,-0.392699081698724,0.392699081698724,3.70952380952381,1,0,0.11,0,0,51.3955392433653,0.630186784388739,5,0,3.70952380952381,0.825957900436863,1.7,-1.68058667279088,0,0,0.168626401110681,-0.0729920405655637,0.17,0.17,-0.392699081698724,0.342933778316898,-0.085,0.085,-0.085,0.085,-0.392699081698724,0.392699081698724,3.70952380952381,1,0,0.11,0,0,33.7189265200266,1.2,7.75535309960612,1,1.4861129,2,-1.15,0.25
-10,15,0,2,-3.14159265358979,3.14159265358979,0,0.17,-0.17,0.17,0.17,-0.392699081698724,0.392699081698724,-0.085,0.085,-0.085,0.085,-0.392699081698724,0.392699081698724,3.65954198473282,1,0,0.11,0,0,50.537560721721,0.630186784388739,5,5.10349328683328e-22,3.6595419847323,0.420661486461678,1.7,-3.08158837179661,0.0302659734675937,-9.89923906397529e-13,0.169601750919874,-0.170000000000008,0.170000000000008,0.170000000000013,-0.392699081698724,0.373362397016552,-0.0670769269705731,0.0842653770833952,-0.0850000000009899,0.085,-0.381785621422483,0.2977218744177,3.6595419847323,1,-7.26923800753108e-27,0.11000000000075,-5.44052667965313e-15,2.9077674240441e-26,40.3112720362194,1.31951759336066,8.06225440724388,0,2.2622586,2,-1.2,0.25
-10,15,0,2,-3.14159265358979,3.14159265358979,0,0.17,-0.17,0.17,0.17,-0.392699081698724,0.392699081698724,-0.085,0.085,-0.085,0.085,-0.392699081698724,0.392699081698724,4.72394366197183,1,0,0.11,0,0,69.2256722151088,0.630186784388739,5,2.32249183422325e-23,4.72394366197183,0.668008321220043,1.7,-1.55812944081122,1.23343010387071e-23,-8.42947126686267e-23,0.166978485196843,-0.110009449353856,0.169633315204324,0.17,-0.160051878175089,0.119321908289388,-0.0849181358506259,0.0849916866311429,-0.085,0.085,-0.0642064510974384,0.0579597180286135,4.72394366197183,1.00000000000001,1.23343010387071e-23,0.11,-5.58468942384722e-14,-1.00270848874603e-22,50.504921661573,1.2,7.23903877149213,1,0.3150303,2,-0.6,0.5
-10,15,0,2,-3.14159265358979,3.14159265358979,0,0.17,-0.17,0.17,0.17,-0.392699081698724,0.392699081698724,-0.085,0.085,-0.085,0.085,-0.392699081698724,0.392699081698724,4.57105263157895,1,0,0.11,0,0,66.4838976812661,0.630186784388739,5,-7.48584989038025e-23,4.57105263157895,0.68475679821075,1.7,-1.59503148754394,0.0206320960063002,-4.9882275568498e-23,0.166542759462244,-0.103855598129904,0.163298767714716,0.17,-0.140377754320452,0.097840820217425,-0.0849779426891424,0.085,-0.085,0.085,-0.0874700117191432,0.0962397354422706,4.57105263157895,1,6.22369843605101e-24,0.11,7.59230966457844e-23,-5.00881055686578e-23,54.8384696149409,1.2,7.29873917017904,1,0.5280859,2,-0.65,0.5
-10,15,0,2,-3.14159265358979,3.14159265358979,0,0.17,-0.17,0.17,0.17,-0.392699081698724,0.392699081698724,-0.085,0.085,-0.085,0.085,-0.392699081698724,0.392699081698724,4.43703703703704,1,0,0.11,0,0,64.0974025974026,0.630186784388739,5,0,4.43703703703704,0.712874369714551,1.7,-1.5655982405452,0.0153868155429134,2.21370859388379e-32,0.166475516699177,-0.115694165506525,0.17,0.17,-0.160582812112103,0.0959026967139803,-0.085,0.085,-0.085,0.085,-0.0793784432136068,0.0780007645651647,4.43703703703704,1,0,0.11,0,0,51.2476197797253,1.2,7.34549216842729,1,0.4430502,2,-0.7,0.5
-10,15,0,2,-3.14159265358979,3.14159265358979,0,0.17,-0.17,0.17,0.17,-0.392699081698724,0.392699081698724,-0.085,0.085,-0.085,0.085,-0.392699081698724,0.392699081698724,4.31860465116279,1,0,0.11,0,0,62.0010570824524,0.630186784388739,5,3.76884584368084e-22,4.31860465116279,0.769469256074831,1.7,-1.52473304279878,0.00823674817687512,-1.89764084240742e-22,0.166530811699617,-0.119310630419996,0.17,0.17,-0.183275633206001,0.0952210655106309,-0.085,0.085,-0.085,0.085,-0.0680243507186983,0.0458441051534601,4.31860465116279,1,-1.89848531940045e-22,0.109999999999994,-5.1053680012178e-22,2.8143247897694e-22,48.0654513335158,1.2,7.20981770002737,1,0.3834323,2,-0.75,0.5
