-10,15,0,4,-3.14159265358979,3.14159265358979,0,0.22,-0.22,0.22,0.22,-0.392699081698724,0.392699081698724,-0.11,0.11,-0.11,0.11,-0.392699081698724,0.392699081698724,4.72394366197183,1.5,0,0.11,0,0,69.2256722151088,1.65759379743011,5,0,4.72394366197183,1.5,3.69999997601542,-2.97617308892159,0,2.28630336166393e-08,0.201124363917268,-0.219999902870523,0.219999886244121,0.219999902870524,-0.162380048585908,0.234489424486725,-0.10134945019722,0.0925180041333523,-0.109999659603232,0.109999659597944,-0.0332046790198366,0.0835161471073924,4.72394366197183,1.5,0,0.11,0,0,69.2256719382255,2.92680712739067,10.6146030305279,1,6.3264861,2,-0.6,0.5
-10,15,0,4,-3.14159265358979,3.14159265358979,0,0.22,-0.22,0.22,0.22,-0.392699081698724,0.392699081698724,-0.11,0.11,-0.11,0.11,-0.392699081698724,0.392699081698724,4.57105263157895,1.5,0,0.11,0,0,66.4838976812661,1.65759379743011,5,0,4.57105263157895,1.1680379334947,3.69999999542804,-2.86816496583429,0.0121343863066288,1.51920395219529e-09,0.189155386332319,-0.219999993164221,0.219999989533517,0.219999993164222,-0.190214088573954,0.249133325981601,-0.072214525994555,0.0737397211361012,-0.109991385300714,0.10999138215431,-0.0333648859767188,0.116155733003649,4.57105263157895,1.5,0,0.11,0,0,57.1417146523185,3.07342500050911,10.965767145183,1,4.7608814,2,-0.65,0.5
-10,15,0,4,-3.14159265358979,3.14159265358979,0,0.22,-0.22,0.22,0.22,-0.392699081698724,0.392699081698724,-0.11,0.11,-0.11,0.11,-0.392699081698724,0.392699081698724,4.43703703703704,1.5,0,0.11,0,0,64.0974025974026,1.65759379743011,5,0,4.43703703703704,1.5,3.69999999470642,-2.82002971223934,0,8.81113907042493e-09,0.216760520342591,-0.219999812886221,0.219999969583925,0.219999969583925,-0.192708601027928,0.244993078027387,-0.0643619413369753,0.0492141614903585,-0.109999772144581,0.109999772143814,-0.0887360061915094,0.116048585828658,4.43703703703704,1.5,0,0.11,0,0,64.0974025348414,2.93664267400883,10.6829004224736,1,5.6291917,2,-0.7,0.5
-10,15,0,4,-3.14159265358979,3.14159265358979,0,0.22,-0.22,0.22,0.22,-0.392699081698724,0.392699081698724,-0.11,0.11,-0.11,0.11,-0.392699081698724,0.392699081698724,4.31860465116279,1.5,0,0.11,0,0,62.0010570824524,1.65759379743011,5,0,4.31860465116279,1.32853805715107,3.69999999476844,-2.83409867363553,0.026226636804257,2.10400037390086e-09,0.207472544160119,-0.219999990834675,0.219999986098718,0.219999990834676,-0.214392084623542,0.25063919905097,-0.0810780048508354,0.0850158276313766,-0.109979222681741,0.10997916800502,-0.0452977482022743,0.123716064126229,4.31860465116279,1.5,0,0.11,0,0,49.2878881540796,3.04425643590203,10.7377184907102,1,5.2595678,2,-0.75,0.5
-10,15,0,4,-3.14159265358979,3.14159265358979,0,0.22,-0.22,0.22,0.22,-0.392699081698724,0.392699081698724,-0.11,0.11,-0.11,0.11,-0.392699081698724,0.392699081698724,4.21318681318681,1.5,0,0.11,0,0,60.1447927072927,1.65759379743011,5,0,4.21318681318681,1.5,3.46645446936508,-0.82704158435989,0.156970363026728,0.0149500042370212,0.126235913921509,-0.0828428978621134,0.179661451566721,0.180282389061573,-0.173360032014755,0.0770576547521835,-0.0174841429866577,0.0325556235004763,-0.070597630524322,0.0565126237557985,-0.071878950638883,0.0607707100612774,4.21318681318681,1.5,0,0.11,0,0,50.6756857328046,2.66815648401447,4.05405485862437,1,1.3788022,2,-0.8,0.5
-10,15,0,4,-3.14159265358979,3.14159265358979,0,0.22,-0.22,0.22,0.22,-0.392699081698724,0.392699081698724,-0.11,0.11,-0.11,0.11,-0.392699081698724,0.392699081698724,4.11875,1.5,0,0.11,0,0,58.4894719251337,1.65759379743011,5,0,4.11875,1.5,3.6914749266334,-2.70070777416639,0,7.36456886103512e-08,0.207520559350388,-0.219998619907143,0.219999944353329,0.219999991348511,-0.261646096837079,0.237207358515542,-0.0381687955480561,0.0285577727773461,-0.0727264396508016,0.0661779487584874,-0.117079406355842,0.133523689370107,4.11875,1.5,0,0.11,0,0,58.4894717874075,2.63043985852956,10.1503604164397,1,8.4492289,2,-0.85,0.5
-10,15,0,4,-3.14159265358979,3.14159265358979,0,0.22,-0.22,0.22,0.22,-0.392699081698724,0.392699081698724,-0.11,0.11,-0.11,0.11,-0.392699081698724,0.392699081698724,4.03366336633663,1.5,0,0.11,0,0,57.0040504050405,1.65759379743011,5,0,4.03366336633663,1.5,3.55241994802514,-2.8052642162842,0,1.42508477449805e-08,0.197246304899159,-0.219999744366919,0.219999988590118,0.219999998185446,-0.270878425256757,0.248537530030797,-0.03770977873603,0.0202779233986084,-0.109999905315607,0.109999905315543,-0.118779788572899,0.144968862793747,4.03366336633663,1.5,0,0.11,0,0,57.0040503772166,2.77180206178374,10.4744942568135,1,9.1381431,2,-0.9,0.5
-10,15,0,4,-3.14159265358979,3.14159265358979,0,0.22,-0.22,0.22,0.22,-0.392699081698724,0.392699081698724,-0.11,0.11,-0.11,0.11,-0.392699081698724,0.392699081698724,3.95660377358491,1.5,0,0.11,0,0,55.6635821973459,1.65759379743011,5,0,3.95660377358491,1.5,3.60649378439532,-2.7992790485948,0,5.76393795506284e-09,0.20206333240162,-0.213296093681905,0.21999999326373,0.219999995694362,-0.274556251536978,0.245870761505123,-0.0768679690276325,0.0702783955466737,-0.109999989858213,0.109999989858209,-0.118264078433346,0.146123451548632,3.95660377358491,1.5,0,0.11,0,0,55.6635821457731,2.82966627362575,10.5760806076969,1,10.3754081,2,-0.95,0.5
-10,15,0,4,-3.14159265358979,3.14159265358979,0,0.22,-0.22,0.22,0.22,-0.392699081698724,0.392699081698724,-0.11,0.11,-0.11,0.11,-0.392699081698724,0.392699081698724,3.88648648648649,1.5,0,0.11,0,0,54.4477886977887,1.65759379743011,5,0,3.88648648648649,1.5,3.57769019887921,-2.85681693393154,0,2.45966207893557e-08,0.174890135013009,-0.21999982821848,0.219999949079707,0.21999994907971,-0.29032362718578,0.254519737205605,-0.0963145804285315,0.0953800689511116,-0.109999937185891,0.109999918744896,-0.117793392261465,0.153376119746778,3.88648648648649,1.5,0,0.11,0,0,54.4477882628354,2.7802911227444,10.4358260837101,1,7.5546187,2,-1,0.5
-10,15,0,4,-3.14159265358979,3.14159265358979,0,0.22,-0.22,0.22,0.22,-0.392699081698724,0.392699081698724,-0.11,0.11,-0.11,0.11,-0.392699081698724,0.392699081698724,3.82241379310345,1.5,0,0.11,0,0,53.340013434841,1.65759379743011,5,0,3.82241379310345,1.5,2.93245440658594,-2.80210671016062,0,0.00573452621636348,0.214605256561646,-0.203335936489147,0.178244904010008,0.219999753314547,-0.382836161268507,0.287597491243386,-0.109992864068698,0.10999286544252,-0.109990004842632,0.1099899983514,-0.333698844545378,0.329661190483095,3.82241379310345,1.5,0,0.11,0,0,53.340012159136,1.62279935499978,4.14866761237724,0,11.2660244,0,-1.05,0.5
-10,15,0,4,-3.14159265358979,3.14159265358979,0,0.22,-0.22,0.22,0.22,-0.392699081698724,0.392699081698724,-0.11,0.11,-0.11,0.11,-0.392699081698724,0.392699081698724,3.76363636363636,1.5,0,0.11,0,0,52.3264462809917,1.65759379743011,5,0,3.76363636363636,1.5,3.67240768718043,-2.66952221177827,0,6.93554395341392e-08,0.210967849946301,-0.139780754191331,0.219999945402075,0.219999992998236,-0.368013247760326,0.258913035768467,-0.0825764892956441,0.0881038098399552,-0.109998014327269,0.109998014273124,-0.256966449324673,0.244905827759873,3.76363636363636,1.5,0,0.11,0,0,52.326446232053,2.10160391048428,10.0195454451746,1,11.3161229,0,-1.1,0.5
-10,15,0,4,-3.14159265358979,3.14159265358979,0,0.22,-0.22,0.22,0.22,-0.392699081698724,0.392699081698724,-0.11,0.11,-0.11,0.11,-0.392699081698724,0.392699081698724,3.70952380952381,1.5,0,0.11,0,0,51.3955392433653,1.65759379743011,5,0,3.70952380952381,1.5,3.35771289111243,-0.764210328199336,1.35080666880724,0.00791505871319341,0.129242184310785,-0.112256868619152,0.201297261964974,0.202709215574816,-0.121686589126912,0.226218340413272,-0.0439591000577782,0.0412383115408407,-0.089828316036135,0.0892784763842921,-0.0986381269778251,0.1735685173436,3.70952380952381,1.5,0,0.11,0,0,46.2924119003275,2.56477607464314,3.94342768039827,1,1.387318,2,-1.15,0.5
-10,15,0,4,-3.14159265358979,3.14159265358979,0,0.22,-0.22,0.22,0.22,-0.392699081698724,0.392699081698724,-0.11,0.11,-0.11,0.11,-0.392699081698724,0.392699081698724,3.65954198473282,1.5,0,0.11,0,0,50.537560721721,1.65759379743011,5,0,3.65954198473282,1.5,3.69999996628879,-2.80607485340123,0,3.95127594365502e-08,0.175369958797433,-0.219999803992112,0.219999931165699,0.219999931165706,-0.341659479003791,0.247554392071181,-0.109991622932643,0.109991623093772,-0.109952146089822,0.109975998644759,-0.0862787298603327,0.121472719636291,3.65954198473282,1.5,0,0.11,0,0,45.6169319993414,2.91389838349959,10.5425798398478,1,6.4632839,2,-1.2,0.5
-10,15,0,4,-3.14159265358979,3.14159265358979,0,0.22,-0.22,0.22,0.22,-0.392699081698724,0.392699081698724,-0.11,0.11,-0.11,0.11,-0.392699081698724,0.392699081698724,4.72394366197183,1.5,0,0.11,0,0,69.2256722151088,1.65759379743011,5,0,4.72394366197183,1.5,3.69999999895884,-3.0151649961381,0,1.38923317676015e-09,0.204452453063659,-0.21999999300458,0.219999869900452,0.21999999300458,-0.173774474903253,0.234098340912929,-0.0568269203499707,0.0451358104152755,-0.0777032463525916,0.0519061171897431,-0.0341335142371677,0.0805434232454443,4.72394366197183,1.5,0,0.11,0,0,69.22567220438,2.69272065782045,10.8453553120195,1,5.7321356,2,-0.6,0.75
-10,15,0,4,-3.14159265358979,3.14159265358979,0,0.22,-0.22,0.22,0.22,-0.392699081698724,0.392699081698724,-0.11,0.11,-0.11,0.11,-0.392699081698724,0.392699081698724,4.57105263157895,1.5,0,0.11,0,0,66.4838976812661,1.65759379743011,5,0,4.57105263157895,1.5,3.69999999351315,-2.77352258239376,0,7.65025281895286e-09,0.213646616451675,-0.140542679999627,0.219999967879427,0.219999967879427,-0.214842777944894,0.235181351028461,-0.0628586976898733,0.0847916664759481,-0.109999814549429,0.109999665702893,-0.062835039890453,0.106882458480572,4.57105263157895,1.5,0,0.11,0,0,66.4838976203552,2.74724156554356,9.67182415381833,1,6.1791681,2,-0.65,0.75
-10,15,0,4,-3.14159265358979,3.14159265358979,0,0.22,-0.22,0.22,0.22,-0.392699081698724,0.392699081698724,-0.11,0.11,-0.11,0.11,-0.392699081698724,0.392699081698724,4.43703703703704,1.5,0,0.11,0,0,64.0974025974026,1.65759379743011,5,0,4.43703703703704,1.5,3.34512562082765,-0.690434535870638,0.936722047387575,0.0164101345786802,0.136134395633854,-0.0904256493096459,0.156893273139295,0.157749141592758,-0.113972277027046,0.181437671587305,-0.0195899427370301,0.0287157551352787,-0.0633836098597503,0.0477915101709336,-0.043148193642073,0.098115466871328,4.43703703703704,1.5,0,0.11,0,0,55.8479591618846,2.17110323581654,3.53703741358602,1,1.3313298,2,-0.7,0.75
-10,15,0,4,-3.14159265358979,3.14159265358979,0,0.22,-0.22,0.22,0.22,-0.392699081698724,0.392699081698724,-0.11,0.11,-0.11,0.11,-0.392699081698724,0.392699081698724,4.31860465116279,1.5,0,0.11,0,0,62.0010570824524,1.65759379743011,5,0,4.31860465116279,1.5,3.41900073420816,-0.722699614096925,0.186837628616887,0.0171974475791234,0.12315393377649,-0.0815361795490555,0.164441911584326,0.165338726524501,-0.0891551377699827,0.0921385460595529,-0.018570210585613,0.0311283569336999,-0.0657379324908341,0.0543930272917702,-0.0434940067486258,0.0631314947982191,4.31860465116279,1.5,0,0.11,0,0,52.6904453833919,2.30679695373928,4.13996356583794,1,1.2468899,2,-0.75,0.75
-10,15,0,4,-3.14159265358979,3.14159265358979,0,0.22,-0.22,0.22,0.22,-0.392699081698724,0.392699081698724,-0.11,0.11,-0.11,0.11,-0.392699081698724,0.392699081698724,4.21318681318681,1.5,0,0.11,0,0,60.1447927072927,1.65759379743011,5,0,4.21318681318681,1.5,3.69999999245366,-2.93409271687458,0,2.01380033175826e-08,0.194252381964366,-0.219999924008942,0.219982385591306,0.219999956110758,-0.241139093413627,0.249937859942637,-0.0846979543036975,0.0590845525785072,-0.109999891394174,0.109999891393163,-0.0534746923975108,0.119250169209441,4.21318681318681,1.5,0,0.11,0,0,60.1447926493271,2.66505260474981,10.7687819219748,1,7.6051941,2,-0.8,0.75
-10,15,0,4,-3.14159265358979,3.14159265358979,0,0.22,-0.22,0.22,0.22,-0.392699081698724,0.392699081698724,-0.11,0.11,-0.11,0.11,-0.392699081698724,0.392699081698724,4.11875,1.5,0,0.11,0,0,58.4894719251337,1.65759379743011,5,0,4.11875,1.5,3.69999727921848,-2.77831331692587,0,1.08878118601001e-07,0.203989726203848,-0.21998991611443,0.219999919208133,0.219999988400146,-0.286287341052963,0.246306125995277,-0.0864975189259471,0.0856273016958308,-0.076473410234513,0.0602440384791585,-0.111083342660736,0.142197639791227,4.11875,1.5,0,0.11,0,0,58.4894717627571,2.45312793264365,9.94321019966871,1,9.6911791,0,-0.85,0.75
-10,15,0,4,-3.14159265358979,3.14159265358979,0,0.22,-0.22,0.22,0.22,-0.392699081698724,0.392699081698724,-0.11,0.11,-0.11,0.11,-0.392699081698724,0.392699081698724,4.03366336633663,1.5,0,0.11,0,0,57.0040504050405,1.65759379743011,5,0,4.03366336633663,1.5,3.69991547319051,-2.81368829360989,0,8.39830753925293e-05,0.148538628932395,-0.219452530015678,0.219627967007064,0.219628057094386,-0.283461980629187,0.260567580293876,-0.0561942781090912,0.027090082995263,-0.106811653629156,0.105028202165155,-0.0736303630941549,0.0588893462262201,4.03366336633663,1.5,0,0.11,0,0,55.0358190441409,2.71202396606755,10.938369035023,1,2.852603,2,-0.9,0.75
-10,15,0,4,-3.14159265358979,3.14159265358979,0,0.22,-0.22,0.22,0.22,-0.392699081698724,0.392699081698724,-0.11,0.11,-0.11,0.11,-0.392699081698724,0.392699081698724,3.95660377358491,1.5,0,0.11,0,0,55.6635821973459,1.65759379743011,5,0,3.95660377358491,1.5,3.69999999431771,-2.91236825583754,0,6.06066855325526e-09,0.180232604053283,-0.219999959388199,0.219999971887331,0.219999971887332,-0.288101209825669,0.250188229296086,-0.0890581272577176,0.0893580806398876,-0.109999653961649,0.109999571761475,-0.0572056252843243,0.0868886824276483,3.95660377358491,1.5,0,0.11,0,0,52.054821683814,2.70514667774375,10.9206677990835,1,8.0375983,2,-0.95,0.75
-10,15,0,4,-3.14159265358979,3.14159265358979,0,0.22,-0.22,0.22,0.22,-0.392699081698724,0.392699081698724,-0.11,0.11,-0.11,0.11,-0.392699081698724,0.392699081698724,3.88648648648649,1.5,0,0.11,0,0,54.4477886977887,1.65759379743011,5,0,3.88648648648649,1.5,3.699907761138,-2.77401513591764,0.149003582827732,0.000108502150948996,0.152408604376695,-0.219293940481262,0.219421662719122,0.219421844157611,-0.327978830879797,0.242569940362688,-0.063183460278009,0.0402606778557193,-0.107783270960441,0.105517563668687,-0.147066580354065,0.103703162967477,3.88648648648649,1.5,0,0.11,0,0,49.3713039624936,2.69983759593681,10.6971158585403,1,2.2576115,2,-1,0.75
-10,15,0,4,-3.14159265358979,3.14159265358979,0,0.22,-0.22,0.22,0.22,-0.392699081698724,0.392699081698724,-0.11,0.11,-0.11,0.11,-0.392699081698724,0.392699081698724,3.82241379310345,1.5,0,0.11,0,0,53.340013434841,1.65759379743011,5,0,3.82241379310345,1.5,3.69999999884544,-2.88761204051723,0,1.51372278203825e-09,0.173573468095341,-0.21999998586351,0.219999982743563,0.21999998586351,-0.317564920341155,0.250817714993332,-0.0965780683497785,0.0966392983260812,-0.109999997589489,0.109999858903976,-0.0669441274004701,0.0989049195711682,3.82241379310345,1.5,0,0.11,0,0,52.8350026417668,2.69510502634668,10.889881100053,1,9.0979154,2,-1.05,0.75
-10,15,0,4,-3.14159265358979,3.14159265358979,0,0.22,-0.22,0.22,0.22,-0.392699081698724,0.392699081698724,-0.11,0.11,-0.11,0.11,-0.392699081698724,0.392699081698724,3.76363636363636,1.5,0,0.11,0,0,52.3264462809917,1.65759379743011,5,0,3.76363636363636,1.5,3.69999996961189,-2.87733447605052,0,4.27631527738494e-08,0.170753494426355,-0.21999960754029,0.219999571215972,0.21999960754032,-0.332155423569645,0.245827124888998,-0.100348744141401,0.100435867435469,-0.10999992620923,0.109990426869269,-0.0735456894651931,0.103838161116918,3.76363636363636,1.5,0,0.11,0,0,50.3375787605557,2.68935454058841,10.8691883027422,1,7.3777355,2,-1.1,0.75
-10,15,0,4,-3.14159265358979,3.14159265358979,0,0.22,-0.22,0.22,0.22,-0.392699081698724,0.392699081698724,-0.11,0.11,-0.11,0.11,-0.392699081698724,0.392699081698724,3.70952380952381,1.5,0,0.11,0,0,51.3955392433653,1.65759379743011,5,0,3.70952380952381,1.5,3.69999996969562,-2.86497421385173,0,3.92780804775306e-08,0.171684619865347,-0.21999941826255,0.219999931291147,0.21999993129115,-0.345962840125604,0.247877222474223,-0.104014464591438,0.104073588407041,-0.109999950765447,0.109991576563963,-0.0854510273050909,0.115449105243116,3.70952380952381,1.5,0,0.11,0,0,48.0006821084905,2.68136654797116,10.8357095352315,1,8.4274543,2,-1.15,0.75
-10,15,0,4,-3.14159265358979,3.14159265358979,0,0.22,-0.22,0.22,0.22,-0.392699081698724,0.392699081698724,-0.11,0.11,-0.11,0.11,-0.392699081698724,0.392699081698724,3.65954198473282,1.5,0,0.11,0,0,50.537560721721,1.65759379743011,5,0,3.65954198473282,1.5,3.69999996508188,-2.84423062187212,0,4.04016367739243e-08,0.17563653404644,-0.219999560222333,0.219999947488907,0.219999947488911,-0.360219990860299,0.247789506238607,-0.109993128114488,0.109993128226401,-0.109955347742832,0.109977595964082,-0.094411783906751,0.128948267084448,3.65954198473282,1.5,0,0.11,0,0,45.7064895598561,2.66824524943114,10.7664175407661,1,7.1790327,2,-1.2,0.75
-10,15,0,4,-3.14159265358979,3.14159265358979,0,0.22,-0.22,0.22,0.22,-0.392699081698724,0.392699081698724,-0.11,0.11,-0.11,0.11,-0.392699081698724,0.392699081698724,4.72394366197183,1.5,0,0.11,0,0,69.2256722151088,1.65759379743011,5,0,4.72394366197183,1.09260762899036,3.69999999447308,-2.97709964842508,0.100859567226827,1.98584337226916e-09,0.218975789462544,-0.210488226838812,0.219999987847578,0.219999995610537,-0.199809192814216,0.263067454535592,-0.0774621225387324,0.06263282402061,-0.109986234852362,0.109986235154171,-0.0753455412623927,0.120491826862869,4.72394366197183,1.5,0,0.11,0,0,52.2940068291375,2.55926073812043,10.6331147219246,1,3.0478149,2,-0.6,1
-10,15,0,4,-3.14159265358979,3.14159265358979,0,0.22,-0.22,0.22,0.22,-0.392699081698724,0.392699081698724,-0.11,0.11,-0.11,0.11,-0.392699081698724,0.392699081698724,4.57105263157895,1.5,0,0.11,0,0,66.4838976812661,1.65759379743011,5,0,4.57105263157895,1.5,3.47507757711122,-0.662303663545513,0.537779149039696,0.014024058291923,0.117970688591085,-0.0864167675036682,0.159776879880158,0.160391164205557,-0.132496259575014,0.132026839881823,-0.0225032525455098,0.0282298918106458,-0.060946215949619,0.0447364540296829,-0.0430700812656378,0.0593263156479455,4.57105263157895,1.5,0,0.11,0,0,60.0735307127744,2.06285065673621,3.53289573477507,1,1.118628,2,-0.65,1
-10,15,0,4,-3.14159265358979,3.14159265358979,0,0.22,-0.22,0.22,0.22,-0.392699081698724,0.392699081698724,-0.11,0.11,-0.11,0.11,-0.392699081698724,0.392699081698724,4.43703703703704,1.5,0,0.11,0,0,64.0974025974026,1.65759379743011,5,0,4.43703703703704,1.5,3.23727180037574,-0.585999267790748,0.104272845331193,0.0177829041198844,0.128812446963079,-0.0731443038068621,0.141757043111512,0.142868089336479,-0.083545914550717,0.0597096421259391,-0.0232581623623149,0.0290292037143855,-0.0551550889737352,0.0459689206980312,-0.015361044690116,0.0475844591008188,4.43703703703704,1.5,0,0.11,0,0,55.0165723578407,1.88377652539304,4.03454863957499,1,1.0934365,2,-0.7,1
-10,15,0,4,-3.14159265358979,3.14159265358979,0,0.22,-0.22,0.22,0.22,-0.392699081698724,0.392699081698724,-0.11,0.11,-0.11,0.11,-0.392699081698724,0.392699081698724,4.31860465116279,1.5,0,0.11,0,0,62.0010570824524,1.65759379743011,5,0,4.31860465116279,1.5,3.69999994927768,-2.89380293793816,0,7.41796182592576e-08,0.218686737666752,-0.21995796237628,0.219999653328719,0.219999653328732,-0.249621733240612,0.24827427413679,-0.0981379327765705,0.0989047269822444,-0.109997472772261,0.109997472758791,-0.0855048393837973,0.122448253478387,4.31860465116279,1.5,0,0.11,0,0,62.0010567704805,2.46120122329885,10.4073202436164,1,7.0573521,2,-0.75,1
-10,15,0,4,-3.14159265358979,3.14159265358979,0,0.22,-0.22,0.22,0.22,-0.392699081698724,0.392699081698724,-0.11,0.11,-0.11,0.11,-0.392699081698724,0.392699081698724,4.21318681318681,1.5,0,0.11,0,0,60.1447927072927,1.65759379743011,5,0,4.21318681318681,1.5,3.69999994705835,-2.88426117211451,0,1.19962999082434e-07,0.198514869083591,-0.219978967425233,0.219999455124797,0.21999945512483,-0.257364600343148,0.249826931365082,-0.109998653747729,0.109998653679911,-0.10999695155207,0.109996951512732,-0.102291029472892,0.125749746822888,4.21318681318681,1.5,0,0.11,0,0,60.1447923981023,2.43368435436836,10.7687818769936,1,7.3481753,2,-0.8,1
-10,15,0,4,-3.14159265358979,3.14159265358979,0,0.22,-0.22,0.22,0.22,-0.392699081698724,0.392699081698724,-0.11,0.11,-0.11,0.11,-0.392699081698724,0.392699081698724,4.11875,1.5,0,0.11,0,0,58.4894719251337,1.65759379743011,5,0,4.11875,1.5,3.69999758948422,-2.77240878276521,0,0.00782918426419442,0.215135624629193,-0.188351916095206,0.219827214796292,0.219999914994576,-0.313498728823846,0.247866722188615,-0.109995685208384,0.109995684644952,-0.109911286734829,0.109657661026665,-0.115447471163301,0.146437677222537,4.11875,1.5,0,0.11,0,0,58.4894709846325,2.25574582165361,9.52890964791304,1,9.6202755,0,-0.85,1
-10,15,0,4,-3.14159265358979,3.14159265358979,0,0.22,-0.22,0.22,0.22,-0.392699081698724,0.392699081698724,-0.11,0.11,-0.11,0.11,-0.392699081698724,0.392699081698724,4.03366336633663,1.5,0,0.11,0,0,57.0040504050405,1.65759379743011,5,0,4.03366336633663,1.5,3.69999999310205,-2.96244541651537,0,4.28941410712849e-09,0.193313610838277,-0.2199999173196,0.21999996544099,0.219999965440991,-0.290038834242306,0.250181997065129,-0.0879922437750481,0.0880880442183504,-0.109999761796695,0.109999728332147,-0.0612109079083507,0.0789687723104189,4.03366336633663,1.5,0,0.11,0,0,55.1226844882041,2.47243008029489,11.1623436088613,1,9.3135117,2,-0.9,1
-10,15,0,4,-3.14159265358979,3.14159265358979,0,0.22,-0.22,0.22,0.22,-0.392699081698724,0.392699081698724,-0.11,0.11,-0.11,0.11,-0.392699081698724,0.392699081698724,3.95660377358491,1.5,0,0.11,0,0,55.6635821973459,1.65759379743011,5,0,3.95660377358491,1.5,3.69988766531697,-2.80549614809297,0,7.64149095519255e-05,0.169714992671145,-0.218358283140839,0.219305225434319,0.219305336151599,-0.318817712888955,0.240497938972781,-0.0633517189309892,0.0267193279189165,-0.106418770237084,0.104647193356575,-0.0524265870396059,0.0902912175731045,3.95660377358491,1.5,0,0.11,0,0,52.1138998724777,2.46494771100193,10.9330619107469,1,2.8035971,2,-0.95,1
-10,15,0,4,-3.14159265358979,3.14159265358979,0,0.22,-0.22,0.22,0.22,-0.392699081698724,0.392699081698724,-0.11,0.11,-0.11,0.11,-0.392699081698724,0.392699081698724,3.88648648648649,1.5,0,0.11,0,0,54.4477886977887,1.65759379743011,5,0,3.88648648648649,1.5,3.69999996264729,-2.93443115309308,0,2.71150262005929e-08,0.186065700873457,-0.21999931332863,0.219999728948773,0.219999728948789,-0.321781747837082,0.252200405947499,-0.0956581469912508,0.0958939536741671,-0.109998193818957,0.109997782621263,-0.070879582960969,0.0905638648631102,3.88648648648649,1.5,0,0.11,0,0,49.4588120617169,2.45935089520652,11.1282327138863,1,5.6229563,2,-1,1
-10,15,0,4,-3.14159265358979,3.14159265358979,0,0.22,-0.22,0.22,0.22,-0.392699081698724,0.392699081698724,-0.11,0.11,-0.11,0.11,-0.392699081698724,0.392699081698724,3.82241379310345,1.5,0,0.11,0,0,53.340013434841,1.65759379743011,5,0,3.82241379310345,1.5,3.6999999984895,-2.91985219688646,0,1.30860847439931e-09,0.18223257762114,-0.219999931129643,0.219999981116861,0.219999981116861,-0.344739310715728,0.252736810129843,-0.0686299201899905,0.0706406317578066,-0.109999994334522,0.10999984426876,-0.0770396261119776,0.102715290368303,3.82241379310345,1.5,0,0.11,0,0,52.3823501212827,2.44090990383752,10.7965843861088,1,9.9282511,2,-1.05,1
-10,15,0,4,-3.14159265358979,3.14159265358979,0,0.22,-0.22,0.22,0.22,-0.392699081698724,0.392699081698724,-0.11,0.11,-0.11,0.11,-0.392699081698724,0.392699081698724,3.76363636363636,1.5,0,0.11,0,0,52.3264462809917,1.65759379743011,5,0,3.76363636363636,1.5,3.69999999839878,-2.90960624458453,0,1.49606921603736e-09,0.179492658047597,-0.219999924435865,0.219999980453054,0.219999980453054,-0.359130024705941,0.255150471636671,-0.0633894872510277,0.0662858030466645,-0.109999992380453,0.109999673866731,-0.0810007189271426,0.118340462109883,3.76363636363636,1.5,0,0.11,0,0,49.830096896615,2.43426982766738,10.7596098113802,1,9.8830659,2,-1.1,1
-10,15,0,4,-3.14159265358979,3.14159265358979,0,0.22,-0.22,0.22,0.22,-0.392699081698724,0.392699081698724,-0.11,0.11,-0.11,0.11,-0.392699081698724,0.392699081698724,3.70952380952381,1.5,0,0.11,0,0,51.3955392433653,1.65759379743011,5,0,3.70952380952381,1.5,3.69999999646813,-2.84945097907301,0.112408640719431,1.38836164079612e-09,0.180319927301032,-0.219999975812652,0.219999998084618,0.219999998084618,-0.368729643980946,0.255089777228094,-0.109999921291473,0.109999921291481,-0.109999996494046,0.109999996351782,-0.214103973208139,0.208009842988366,3.70952380952381,1.5,0,0.11,0,0,41.2312130912127,2.54268059773141,10.8880944200128,1,10.3770921,2,-1.15,1
-10,15,0,4,-3.14159265358979,3.14159265358979,0,0.22,-0.22,0.22,0.22,-0.392699081698724,0.392699081698724,-0.11,0.11,-0.11,0.11,-0.392699081698724,0.392699081698724,3.65954198473282,1.5,0,0.11,0,0,50.537560721721,1.65759379743011,5,0,3.65954198473282,1.5,3.69999991439557,-2.84235902405946,0.14230590677223,3.56273863910756e-08,0.180197910783913,-0.219999425833807,0.219999960812815,0.21999996081282,-0.380801975218314,0.254417171482978,-0.109997672094595,0.109997672102326,-0.109999920917592,0.109999918165546,-0.261004141270515,0.237011868608765,3.65954198473282,1.5,0,0.11,0,0,39.4181874852511,2.52990791572868,11.0370924958703,1,9.4355409,2,-1.2,1
-10,15,0,4,-3.14159265358979,3.14159265358979,0,0.22,-0.22,0.22,0.22,-0.392699081698724,0.392699081698724,-0.11,0.11,-0.11,0.11,-0.392699081698724,0.392699081698724,4.72394366197183,1.5,0,0.11,0,0,69.2256722151088,1.65759379743011,5,0,4.72394366197183,0.791775348812105,3.69999999224904,-3.11370073894122,0,2.29754692556731e-09,0.219895256312163,-0.219999772862393,0.219999950246377,0.219999950246377,-0.233595480129961,0.251323942481939,-0.0744925937863879,0.0483782606960008,-0.109999769099269,0.109999758201872,-0.029475562741071,0.0557928039635576,4.72394366197183,1.5,0,0.11,0,0,59.2605676181137,2.19567617494848,10.4693669458667,1,4.8071641,2,-0.6,1.25
-10,15,0,4,-3.14159265358979,3.14159265358979,0,0.22,-0.22,0.22,0.22,-0.392699081698724,0.392699081698724,-0.11,0.11,-0.11,0.11,-0.392699081698724,0.392699081698724,4.57105263157895,1.5,0,0.11,0,0,66.4838976812661,1.65759379743011,5,0,4.57105263157895,0.993799225792147,3.69999999235598,-3.08473477185131,0,2.63340982288704e-09,0.216865045628542,-0.219998662128911,0.219999943965546,0.219999973672323,-0.251130301472189,0.249935636073139,-0.0809269510654277,0.0523265464975122,-0.109999752816937,0.109999705737445,-0.0358107158910138,0.0598944609796043,4.57105263157895,1.5,0,0.11,0,0,63.9824560626718,2.1935510563442,10.4961695779002,1,6.7216734,2,-0.65,1.25
-10,15,0,4,-3.14159265358979,3.14159265358979,0,0.22,-0.22,0.22,0.22,-0.392699081698724,0.392699081698724,-0.11,0.11,-0.11,0.11,-0.392699081698724,0.392699081698724,4.43703703703704,1.5,0,0.11,0,0,64.0974025974026,1.65759379743011,5,0,4.43703703703704,1.42100542128798,3.6999999594204,-3.02989654093723,0,1.55762042366198e-08,0.208511719569733,-0.188084754611517,0.219999653705036,0.219999878565307,-0.268755586809837,0.247996020341257,-0.0849591151906571,0.0564350233185801,-0.109998642107696,0.109998040377118,-0.0452717808795171,0.0634648418550597,4.43703703703704,1.5,0,0.11,0,0,59.3773814450246,2.18637754529041,10.4900040552877,1,5.2125183,2,-0.7,1.25
-10,15,0,4,-3.14159265358979,3.14159265358979,0,0.22,-0.22,0.22,0.22,-0.392699081698724,0.392699081698724,-0.11,0.11,-0.11,0.11,-0.392699081698724,0.392699081698724,4.31860465116279,1.5,0,0.11,0,0,62.0010570824524,1.65759379743011,5,0,4.31860465116279,1.5,3.6999999912137,-2.99365936143179,0,3.6853680633547e-09,0.200842198700692,-0.171716902245225,0.21999991294973,0.219999971632585,-0.285630284461583,0.247047549337373,-0.0904917145208962,0.0685615453848797,-0.109999687223577,0.10999947157284,-0.0521857766277823,0.0686865542196458,4.31860465116279,1.5,0,0.11,0,0,55.3509142567951,2.18013872666737,10.4771373414648,1,4.6956538,2,-0.75,1.25
-10,15,0,4,-3.14159265358979,3.14159265358979,0,0.22,-0.22,0.22,0.22,-0.392699081698724,0.392699081698724,-0.11,0.11,-0.11,0.11,-0.392699081698724,0.392699081698724,4.21318681318681,1.5,0,0.11,0,0,60.1447927072927,1.65759379743011,5,0,4.21318681318681,1.5,3.6999999904873,-2.99373968920519,0,4.33561918548927e-09,0.200863203852472,-0.201945409540217,0.219999890167769,0.219999964536211,-0.303430517979387,0.249168874980843,-0.097967378784956,0.0840880654630766,-0.109999618602704,0.109999287949292,-0.0570336379106356,0.0737029056063352,4.21318681318681,1.5,0,0.11,0,0,51.8272555546498,2.17621369884192,10.4641696929388,1,6.3360418,2,-0.8,1.25
-10,15,0,4,-3.14159265358979,3.14159265358979,0,0.22,-0.22,0.22,0.22,-0.392699081698724,0.392699081698724,-0.11,0.11,-0.11,0.11,-0.392699081698724,0.392699081698724,4.11875,1.5,0,0.11,0,0,58.4894719251337,1.65759379743011,5,0,4.11875,1.5,3.69999994883863,-2.98622780251996,0,2.51197422953408e-08,0.202729893445453,-0.219904681371727,0.219999320376853,0.219999781939243,-0.320625112972543,0.252699712662495,-0.104937245648108,0.0990170642115683,-0.109997678573697,0.109995398763116,-0.0701044696339741,0.0832038302886916,4.11875,1.5,0,0.11,0,0,55.7004840276857,2.17280419853616,10.4554450226968,1,6.6692407,2,-0.85,1.25
-10,15,0,4,-3.14159265358979,3.14159265358979,0,0.22,-0.22,0.22,0.22,-0.392699081698724,0.392699081698724,-0.11,0.11,-0.11,0.11,-0.392699081698724,0.392699081698724,4.03366336633663,1.5,0,0.11,0,0,57.0040504050405,1.65759379743011,5,0,4.03366336633663,1.5,3.69999998910115,-2.96492574994767,0,5.59015693142435e-09,0.193948249925823,-0.214195789491037,0.21999984053716,0.219999942382996,-0.33591332375556,0.252336907509884,-0.109999709675522,0.10999942783765,-0.109999503082384,0.109999132803058,-0.0779928379897637,0.0927870091363955,4.03366336633663,1.5,0,0.11,0,0,52.6157220186243,2.17020091067918,10.4573747512016,1,7.6215054,2,-0.9,1.25
-10,15,0,4,-3.14159265358979,3.14159265358979,0,0.22,-0.22,0.22,0.22,-0.392699081698724,0.392699081698724,-0.11,0.11,-0.11,0.11,-0.392699081698724,0.392699081698724,3.95660377358491,1.5,0,0.11,0,0,55.6635821973459,1.65759379743011,5,0,3.95660377358491,1.5,3.69999999769201,-2.90398090352272,0,1.19229297241992e-09,0.177981917089237,-0.135032442133594,0.219999965177451,0.219999982294093,-0.34981657420928,0.249864835602715,-0.109999977895683,0.10999995797978,-0.109999911664776,0.109999809092742,-0.0791288242363452,0.0996455828692651,3.95660377358491,1.5,0,0.11,0,0,49.9080163334429,2.16720792540076,10.272733361967,1,8.5728766,2,-0.95,1.25
-10,15,0,4,-3.14159265358979,3.14159265358979,0,0.22,-0.22,0.22,0.22,-0.392699081698724,0.392699081698724,-0.11,0.11,-0.11,0.11,-0.392699081698724,0.392699081698724,3.88648648648649,1.5,0,0.11,0,0,54.4477886977887,1.65759379743011,5,0,3.88648648648649,1.5,3.69999999753561,-2.89649572133987,0,1.35444175577902e-09,0.177419466076884,-0.132043145622615,0.219999958238731,0.219999978435774,-0.363296598492998,0.255069963656933,-0.109999970006095,0.109999942515796,-0.109999892849249,0.109999758259999,-0.0734418411752648,0.117511187046722,3.88648648648649,1.5,0,0.11,0,0,47.3696497314727,2.16318839441415,10.2634241084857,1,7.2605038,2,-1,1.25
-10,15,0,4,-3.14159265358979,3.14159265358979,0,0.22,-0.22,0.22,0.22,-0.392699081698724,0.392699081698724,-0.11,0.11,-0.11,0.11,-0.392699081698724,0.392699081698724,3.82241379310345,1.5,0,0.11,0,0,53.340013434841,1.65759379743011,5,0,3.82241379310345,1.5,3.6999999994769,-2.88956541588972,0,3.04182307594507e-10,0.180710269122421,-0.134494621943006,0.219999992119842,0.219999994814044,-0.373933949586961,0.261309478794527,-0.109999992054073,0.109999984676996,-0.109999963187251,0.109999940329144,-0.0978122256540653,0.144402172473561,3.82241379310345,1.5,0,0.11,0,0,50.7219268899863,2.16027483649779,10.2571007710861,1,9.2419405,2,-1.05,1.25
-10,15,0,4,-3.14159265358979,3.14159265358979,0,0.22,-0.22,0.22,0.22,-0.392699081698724,0.392699081698724,-0.11,0.11,-0.11,0.11,-0.392699081698724,0.392699081698724,3.76363636363636,1.5,0,0.11,0,0,52.3264462809917,1.65759379743011,5,0,3.76363636363636,1.5,3.69999999720159,-2.91396414977091,0,1.77777013323436e-09,0.180658842789279,-0.174862132805542,0.219999994549105,0.219999994549105,-0.382619582655785,0.275764125617907,-0.109999827113872,0.109999657488479,-0.10999996721428,0.109999964723568,-0.140439549921471,0.194022196225574,3.76363636363636,1.5,0,0.11,0,0,48.6229567924399,2.16375395059539,10.300863438991,1,10.4813828,2,-1.1,1.25
-10,15,0,4,-3.14159265358979,3.14159265358979,0,0.22,-0.22,0.22,0.22,-0.392699081698724,0.392699081698724,-0.11,0.11,-0.11,0.11,-0.392699081698724,0.392699081698724,3.70952380952381,1.5,0,0.11,0,0,51.3955392433653,1.65759379743011,5,0,3.70952380952381,1.5,3.69999999696005,-2.86046945182221,0,1.74372634644041e-09,0.211063882314282,-0.1716875568354,0.219999995468855,0.219999995468855,-0.389758406544763,0.295869276605574,-0.109999906982274,0.109999804819976,-0.109999197957193,0.109999595182068,-0.219155692450382,0.275350575259366,3.70952380952381,1.5,0,0.11,0,0,45.792937361508,2.15049774848723,9.94724361574979,1,8.8331084,2,-1.15,1.25
-10,15,0,4,-3.14159265358979,3.14159265358979,0,0.22,-0.22,0.22,0.22,-0.392699081698724,0.392699081698724,-0.11,0.11,-0.11,0.11,-0.392699081698724,0.392699081698724,3.65954198473282,1.5,0,0.11,0,0,50.537560721721,1.65759379743011,5,0,3.65954198473282,1.5,3.69999999922113,-2.7891651283487,0,4.75484571345143e-10,0.2018857866571,-0.178023519859924,0.219999998691456,0.219999998691456,-0.392699079926516,0.304082890764763,-0.109999961601261,0.109999917691816,-0.109999865204565,0.109999931356467,-0.260124680313467,0.312234058357878,3.65954198473282,1.5,0,0.11,0,0,43.6115600474154,2.1511659119876,10.0791160998471,1,8.6110041,2,-1.2,1.25
-10,15,0,4,-3.14159265358979,3.14159265358979,0,0.22,-0.22,0.22,0.22,-0.392699081698724,0.392699081698724,-0.11,0.11,-0.11,0.11,-0.392699081698724,0.392699081698724,4.72394366197183,1.5,0,0.11,0,0,69.2256722151088,1.65759379743011,5,0,4.72394366197183,1.5,3.69999998487613,-3.00447327685899,0,2.84281981486019e-09,0.203275687684821,-0.214062763024165,0.219999876282555,0.219999924628124,-0.246586663374262,0.243571709252456,-0.0910498091845977,0.074189155818442,-0.109999814718798,0.10999973535304,-0.0439022579367421,0.0535900422526881,4.72394366197183,1.5,0,0.11,0,0,57.6711463383266,1.9119994236242,10.1885691864377,1,4.3722703,2,-0.6,1.5
-10,15,0,4,-3.14159265358979,3.14159265358979,0,0.22,-0.22,0.22,0.22,-0.392699081698724,0.392699081698724,-0.11,0.11,-0.11,0.11,-0.392699081698724,0.392699081698724,4.57105263157895,1.5,0,0.11,0,0,66.4838976812661,1.65759379743011,5,0,4.57105263157895,1.5,3.6999999834823,-2.97873959775469,0,3.43635512642003e-09,0.209737804885538,-0.21999794660306,0.219999846507235,0.21999987884573,-0.264203199201998,0.242547666359181,-0.0997947472821459,0.0872359485146156,-0.109999759064072,0.109999660588953,-0.053067869483996,0.0586143258042815,4.57105263157895,1.5,0,0.11,0,0,62.1047788562647,1.90847157179569,10.1881411028491,1,6.1127477,2,-0.65,1.5
-10,15,0,4,-3.14159265358979,3.14159265358979,0,0.22,-0.22,0.22,0.22,-0.392699081698724,0.392699081698724,-0.11,0.11,-0.11,0.11,-0.392699081698724,0.392699081698724,4.43703703703704,1.5,0,0.11,0,0,64.0974025974026,1.65759379743011,5,0,4.43703703703704,1.5,3.69999998207132,-2.94974239291392,0,4.09756283244987e-09,0.21606803509192,-0.21999904061174,0.219999808060854,0.219999808060854,-0.281299270528766,0.243877497876797,-0.106157245641037,0.101814582593741,-0.109999667978841,0.109999527796458,-0.0640337373021355,0.0642768041472856,4.43703703703704,1.5,0,0.11,0,0,57.6634043811068,1.90544657541122,9.99499009272518,1,7.8782952,2,-0.7,1.5
-10,15,0,4,-3.14159265358979,3.14159265358979,0,0.22,-0.22,0.22,0.22,-0.392699081698724,0.392699081698724,-0.11,0.11,-0.11,0.11,-0.392699081698724,0.392699081698724,4.31860465116279,1.5,0,0.11,0,0,62.0010570824524,1.65759379743011,5,0,4.31860465116279,1.5,3.69999999615583,-2.88565723066508,0,9.80863328804214e-10,0.219309437041986,-0.219999906668149,0.219999949685724,0.219999949685724,-0.291422045814151,0.242226362345254,-0.106977443272001,0.103634070267115,-0.10999988222985,0.109999899503771,-0.0750337773187007,0.0695076919600293,4.31860465116279,1.5,0,0.11,0,0,53.7833262074222,1.90096466643534,10.1804153178335,1,5.8259618,2,-0.75,1.5
-10,15,0,4,-3.14159265358979,3.14159265358979,0,0.22,-0.22,0.22,0.22,-0.392699081698724,0.392699081698724,-0.11,0.11,-0.11,0.11,-0.392699081698724,0.392699081698724,4.21318681318681,1.5,0,0.11,0,0,60.1447927072927,1.65759379743011,5,0,4.21318681318681,1.35826150824498,3.69999998139443,-2.99288428620109,0.147931892603758,3.99151575127179e-09,0.207607855479298,-0.219999969562149,0.219999950310195,0.219999969562149,-0.311633594865493,0.262432316040304,-0.0945959908555795,0.0935237638807691,-0.109990235198432,0.109990226598615,-0.0949837133616147,0.139918501929058,4.21318681318681,1.5,0,0.11,0,0,47.2731871613314,2.27168947842901,11.3455649187195,1,6.1644004,2,-0.8,1.5
-10,15,0,4,-3.14159265358979,3.14159265358979,0,0.22,-0.22,0.22,0.22,-0.392699081698724,0.392699081698724,-0.11,0.11,-0.11,0.11,-0.392699081698724,0.392699081698724,4.11875,1.5,0,0.11,0,0,58.4894719251337,1.65759379743011,5,0,4.11875,1.5,3.69999997737991,-2.8601010479096,0,5.8473717282487e-09,0.217200700575072,-0.154573885329125,0.219999705961894,0.219999705961894,-0.341300832851328,0.240918569650577,-0.109973524545447,0.109973524298668,-0.109999591012771,0.109999376199674,-0.0423485325365983,0.0973126185360032,4.11875,1.5,0,0.11,0,0,54.3752589645839,1.9003801873358,9.62895210831174,1,7.0720089,2,-0.85,1.5
-10,15,0,4,-3.14159265358979,3.14159265358979,0,0.22,-0.22,0.22,0.22,-0.392699081698724,0.392699081698724,-0.11,0.11,-0.11,0.11,-0.392699081698724,0.392699081698724,4.03366336633663,1.5,0,0.11,0,0,57.0040504050405,1.65759379743011,5,0,4.03366336633663,1.5,3.69999997605272,-2.83897017716582,0,6.61130007918305e-09,0.211380536998568,-0.168272005135751,0.219999655908808,0.219999655908808,-0.355014711399949,0.245222704685215,-0.109983925648407,0.109983923360127,-0.109999488863992,0.109999167005488,-0.04833112666593,0.104627094260014,4.03366336633663,1.5,0,0.11,0,0,51.3663535985737,1.90060490792936,9.63119129973257,1,7.2054629,2,-0.9,1.5
-10,15,0,4,-3.14159265358979,3.14159265358979,0,0.22,-0.22,0.22,0.22,-0.392699081698724,0.392699081698724,-0.11,0.11,-0.11,0.11,-0.392699081698724,0.392699081698724,3.95660377358491,1.5,0,0.11,0,0,55.6635821973459,1.65759379743011,5,0,3.95660377358491,1.5,3.69999997501074,-2.8215900720219,0,7.34484558065628e-09,0.21058675097001,-0.149995930543273,0.219999605122119,0.219999768236088,-0.366303576375683,0.247757170350803,-0.10999637753669,0.109996377305513,-0.109999099331439,0.109996885990823,-0.0658422320122795,0.122382841708597,3.95660377358491,1.5,0,0.11,0,0,48.691797037889,1.90075889088169,9.63691816374886,1,6.289028,2,-0.95,1.5
-10,15,0,4,-3.14159265358979,3.14159265358979,0,0.22,-0.22,0.22,0.22,-0.392699081698724,0.392699081698724,-0.11,0.11,-0.11,0.11,-0.392699081698724,0.392699081698724,3.88648648648649,1.5,0,0.11,0,0,54.4477886977887,1.65759379743011,5,0,3.88648648648649,1.5,3.69999987892217,-2.82076717530758,0,3.90297045395686e-08,0.21240433631019,-0.147682588150719,0.219998472862921,0.219999563920982,-0.376017904691939,0.263393453822653,-0.109980743176765,0.109980735822959,-0.109998922317551,0.109998547654022,-0.0971359469229717,0.151603629381261,3.88648648648649,1.5,0,0.11,0,0,46.3407750828647,1.90061141755585,9.84741470510876,1,6.0498744,2,-1,1.5
-10,15,0,4,-3.14159265358979,3.14159265358979,0,0.22,-0.22,0.22,0.22,-0.392699081698724,0.392699081698724,-0.11,0.11,-0.11,0.11,-0.392699081698724,0.392699081698724,3.82241379310345,1.5,0,0.11,0,0,53.340013434841,1.65759379743011,5,0,3.82241379310345,1.5,3.69999984273561,-2.95017966936636,0.15902044069638,3.46322327781445e-08,0.178765573522149,-0.219999539942491,0.219999551321513,0.219999551321521,-0.392697055823798,0.250482006992673,-0.109999524683248,0.109999524683893,-0.10999993269877,0.109998883156254,-0.186986869979924,0.229460681186742,3.82241379310345,1.5,0,0.11,0,0,46.1485320478314,2.22845909710848,11.3063903517187,1,10.3287749,2,-1.05,1.5
-10,15,0,4,-3.14159265358979,3.14159265358979,0,0.22,-0.22,0.22,0.22,-0.392699081698724,0.392699081698724,-0.11,0.11,-0.11,0.11,-0.392699081698724,0.392699081698724,3.76363636363636,1.5,0,0.11,0,0,52.3264462809917,1.65759379743011,5,0,3.76363636363636,1.5,3.69999998029165,-2.81845845327013,0,7.5505951895734e-09,0.21777277255125,-0.134629199217249,0.219999970446645,0.219999973477576,-0.390895596058885,0.295655780029166,-0.109995997787087,0.109995997257106,-0.10999976142248,0.109999399351802,-0.240110882152781,0.274783456801761,3.76363636363636,1.5,0,0.11,0,0,47.4665516846018,1.90091277314335,9.8624946278006,1,9.2570289,2,-1.1,1.5
-10,15,0,4,-3.14159265358979,3.14159265358979,0,0.22,-0.22,0.22,0.22,-0.392699081698724,0.392699081698724,-0.11,0.11,-0.11,0.11,-0.392699081698724,0.392699081698724,3.70952380952381,1.5,0,0.11,0,0,51.3955392433653,1.65759379743011,5,0,3.70952380952381,1.5,3.69999998271697,-2.81735138732097,0,7.08014110257156e-09,0.219852338411206,-0.140859770207794,0.219999978162404,0.219999978162404,-0.392699074913703,0.306806503437711,-0.109995926111176,0.109995925404186,-0.109999872203088,0.10999948880881,-0.272855641997193,0.31402667701503,3.70952380952381,1.5,0,0.11,0,0,45.440248404018,1.90101236913073,9.87063173665059,1,7.8398897,2,-1.15,1.5
-10,15,0,4,-3.14159265358979,3.14159265358979,0,0.22,-0.22,0.22,0.22,-0.392699081698724,0.392699081698724,-0.11,0.11,-0.11,0.11,-0.392699081698724,0.392699081698724,3.65954198473282,1.5,0,0.11,0,0,50.537560721721,1.65759379743011,5,0,3.65954198473282,1.5,3.69999990656456,-2.93363091190092,0.106505734797858,5.82082644907714e-09,0.182228962685346,-0.219999920558839,0.2199999884384,0.2199999884384,-0.39269905117597,0.282683944269177,-0.109999883049831,0.109999883050105,-0.109999981345849,0.109999979440751,-0.210470901561112,0.273683677517136,3.65954198473282,1.5,0,0.11,0,0,40.0934173615196,2.192405733596,11.2261568612255,1,7.4092384,2,-1.2,1.5
-10,15,0,4,-3.14159265358979,3.14159265358979,0,0.22,-0.22,0.22,0.22,-0.392699081698724,0.392699081698724,-0.11,0.11,-0.11,0.11,-0.392699081698724,0.392699081698724,4.72394366197183,1.5,0,0.11,0,0,69.2256722151088,1.65759379743011,5,0,4.72394366197183,1.13247403857101,3.69999998325953,-3.0888128249159,0.242525679916324,4.81432962834326e-09,0.218546247421214,-0.219999967999671,0.219999930320202,0.21999999511492,-0.257633555056022,0.270239464830333,-0.0434144879903473,0.0294014695683558,-0.0986934123725393,0.0985822039871857,-0.0845964867344366,0.111678813690981,4.72394366197183,1.5,0,0.11,0,0,53.51207912241,1.9986764122667,5.7079551063904,0,5.070193,2,-0.6,1.75
-10,15,0,4,-3.14159265358979,3.14159265358979,0,0.22,-0.22,0.22,0.22,-0.392699081698724,0.392699081698724,-0.11,0.11,-0.11,0.11,-0.392699081698724,0.392699081698724,4.57105263157895,1.5,0,0.11,0,0,66.4838976812661,1.65759379743011,5,0,4.57105263157895,1.12569531841327,3.69999992080838,-3.07295796281259,0.224553647532617,1.9002264456601e-08,0.214171797432356,-0.219999565850585,0.2199813503982,0.219999598734221,-0.283458400327592,0.26265161508002,-0.0781904171523626,0.0772046183717635,-0.109838335305099,0.109837836960491,-0.0775923147690741,0.123379245433411,4.57105263157895,1.5,0,0.11,0,0,58.4112125228328,2.03657204036003,5.78549152607106,0,6.2083044,2,-0.65,1.75
-10,15,0,4,-3.14159265358979,3.14159265358979,0,0.22,-0.22,0.22,0.22,-0.392699081698724,0.392699081698724,-0.11,0.11,-0.11,0.11,-0.392699081698724,0.392699081698724,4.43703703703704,1.5,0,0.11,0,0,64.0974025974026,1.65759379743011,5,0,4.43703703703704,1.5,3.69999995966366,-2.86579889921338,0,4.09974008005321e-09,0.214279392908258,-0.142412345912311,0.21999968757089,0.219999911656718,-0.302401322864354,0.229043456900412,-0.0943876344052699,0.0847999939152154,-0.10999918657432,0.10999854609771,-0.042455581623353,0.0732270675546899,4.43703703703704,1.5,0,0.11,0,0,56.8479241368308,1.65402985896078,4.92682009185867,0,6.0776151,2,-0.7,1.75
-10,15,0,4,-3.14159265358979,3.14159265358979,0,0.22,-0.22,0.22,0.22,-0.392699081698724,0.392699081698724,-0.11,0.11,-0.11,0.11,-0.392699081698724,0.392699081698724,4.31860465116279,1.5,0,0.11,0,0,62.0010570824524,1.65759379743011,5,0,4.31860465116279,1.31025963737689,3.69999997732059,-3.0438113754178,0.231374017612896,5.53943379284374e-09,0.212440299815801,-0.219999928528131,0.219999834538235,0.219999928528132,-0.321327245912312,0.266335859162633,-0.0898004147121917,0.0886318732391448,-0.109987911742694,0.109987905159905,-0.107309408777235,0.160194679356352,4.31860465116279,1.5,0,0.11,0,0,50.5980665577895,2.05164193527231,5.60192879746955,0,7.260189,2,-0.75,1.75
-10,15,0,4,-3.14159265358979,3.14159265358979,0,0.22,-0.22,0.22,0.22,-0.392699081698724,0.392699081698724,-0.11,0.11,-0.11,0.11,-0.392699081698724,0.392699081698724,4.21318681318681,1.5,0,0.11,0,0,60.1447927072927,1.65759379743011,5,0,4.21318681318681,1.5,3.69999983030688,-2.92251098367733,0,2.35974864579072e-08,0.219727927152301,-0.219968544802993,0.219998200540252,0.219999904957427,-0.337827307329377,0.245890801975412,-0.109989338044198,0.109989336131722,-0.109993775378503,0.10998791966038,-0.0575094241877621,0.0884093179510975,4.21318681318681,1.5,0,0.11,0,0,50.0417903243184,1.65326478521603,4.95652018450392,0,4.2387908,2,-0.8,1.75
-10,15,0,4,-3.14159265358979,3.14159265358979,0,0.22,-0.22,0.22,0.22,-0.392699081698724,0.392699081698724,-0.11,0.11,-0.11,0.11,-0.392699081698724,0.392699081698724,4.11875,1.5,0,0.11,0,0,58.4894719251337,1.65759379743011,5,0,4.11875,1.40022539259345,3.69999995844322,-3.02130836701612,0.232531694741971,7.06839940679905e-09,0.210950625376601,-0.219999926226051,0.219999859221477,0.219999926226052,-0.358586779229499,0.261011544785108,-0.100678477534582,0.100715283641968,-0.109983897730731,0.109983861779066,-0.143637795597533,0.196928798966328,4.11875,1.5,0,0.11,0,0,50.9967170575242,2.06440578829144,5.59901456027401,0,8.3552926,2,-0.85,1.75
-10,15,0,4,-3.14159265358979,3.14159265358979,0,0.22,-0.22,0.22,0.22,-0.392699081698724,0.392699081698724,-0.11,0.11,-0.11,0.11,-0.392699081698724,0.392699081698724,4.03366336633663,1.5,0,0.11,0,0,57.0040504050405,1.65759379743011,5,0,4.03366336633663,1.44264766900959,3.69999995969536,-3.01190765395936,0.227394900069706,5.83865406598564e-09,0.21028670140238,-0.219999943096961,0.219999896047506,0.219999943096961,-0.376594145624502,0.256788993642952,-0.106420900198919,0.106433232000034,-0.109986662480803,0.109986206567302,-0.157398239545213,0.220067275840514,4.03366336633663,1.5,0,0.11,0,0,48.1511676936187,2.07007999933232,5.59757324438318,0,8.816183,2,-0.9,1.75
-10,15,0,4,-3.14159265358979,3.14159265358979,0,0.22,-0.22,0.22,0.22,-0.392699081698724,0.392699081698724,-0.11,0.11,-0.11,0.11,-0.392699081698724,0.392699081698724,3.95660377358491,1.5,0,0.11,0,0,55.6635821973459,1.65759379743011,5,0,3.95660377358491,1.5,3.69999995663158,-2.8793292947222,0,6.7770131620141e-09,0.217935028600513,-0.182413272439027,0.219999873352152,0.219999985889461,-0.376509890925201,0.265572082478004,-0.10999352826256,0.10999352737213,-0.109999884232088,0.109999879153674,-0.0998296547636303,0.14843847080501,3.95660377358491,1.5,0,0.11,0,0,48.6712375133093,1.65066329983523,5.00908152741141,0,5.8527626,2,-0.95,1.75
-10,15,0,4,-3.14159265358979,3.14159265358979,0,0.22,-0.22,0.22,0.22,-0.392699081698724,0.392699081698724,-0.11,0.11,-0.11,0.11,-0.392699081698724,0.392699081698724,3.88648648648649,1.5,0,0.11,0,0,54.4477886977887,1.65759379743011,5,0,3.88648648648649,1.5,3.69999995323836,-2.99394688766596,0.165101981538335,8.16578427486815e-09,0.19404475983512,-0.219999876633108,0.219999824090372,0.219999876633109,-0.392698986585954,0.259308395879847,-0.109999905298141,0.109999905298176,-0.109999979525751,0.109999718802435,-0.159073873057831,0.208684852356239,3.88648648648649,1.5,0,0.11,0,0,43.2883533757581,2.06169797104625,5.59141231103542,0,6.1953096,2,-1,1.75
-10,15,0,4,-3.14159265358979,3.14159265358979,0,0.22,-0.22,0.22,0.22,-0.392699081698724,0.392699081698724,-0.11,0.11,-0.11,0.11,-0.392699081698724,0.392699081698724,3.82241379310345,1.5,0,0.11,0,0,53.340013434841,1.65759379743011,5,0,3.82241379310345,1.5,3.69999978880035,-2.98847614017885,0.119261223008101,3.28556198898008e-08,0.178604466739091,-0.219999494289169,0.21999933010281,0.219999494289185,-0.392698847864722,0.268220353477459,-0.109999572875951,0.109999572876482,-0.109999914736484,0.10999878365962,-0.155054081225665,0.17378163159802,3.82241379310345,1.5,0,0.11,0,0,46.347693245945,2.05258070395289,5.58747190798337,0,8.3023234,2,-1.05,1.75
-10,15,0,4,-3.14159265358979,3.14159265358979,0,0.22,-0.22,0.22,0.22,-0.392699081698724,0.392699081698724,-0.11,0.11,-0.11,0.11,-0.392699081698724,0.392699081698724,3.76363636363636,1.5,0,0.11,0,0,52.3264462809917,1.65759379743011,5,0,3.76363636363636,1.5,3.6999999959853,-2.85631657683241,0,1.06368553174429e-09,0.219049965011979,-0.15066929703631,0.219999996807078,0.21999999693931,-0.392699080591925,0.310246888127611,-0.109999214302097,0.109999214279384,-0.109999977866468,0.109999911465893,-0.284538434965295,0.316419612948429,3.76363636363636,1.5,0,0.11,0,0,47.6389351508838,1.65001102008749,5.0461983159825,0,7.5530202,2,-1.1,1.75
-10,15,0,4,-3.14159265358979,3.14159265358979,0,0.22,-0.22,0.22,0.22,-0.392699081698724,0.392699081698724,-0.11,0.11,-0.11,0.11,-0.392699081698724,0.392699081698724,3.70952380952381,1.5,0,0.11,0,0,51.3955392433653,1.65759379743011,5,0,3.70952380952381,1.5,3.69999682233697,-2.97813876448479,0.104022249902014,3.23028941625212e-08,0.179516206946487,-0.219999513118305,0.219999914467429,0.219999914467437,-0.392698889460683,0.290034753970934,-0.109999492276743,0.109999492277475,-0.109999873609283,0.109999859932692,-0.202755872795216,0.27152743458501,3.70952380952381,1.5,0,0.11,0,0,42.234721718728,2.03038738673105,5.39665888628191,0,7.8082546,2,-1.15,1.75
-10,15,0,4,-3.14159265358979,3.14159265358979,0,0.22,-0.22,0.22,0.22,-0.392699081698724,0.392699081698724,-0.11,0.11,-0.11,0.11,-0.392699081698724,0.392699081698724,3.65954198473282,1.5,0,0.11,0,0,50.537560721721,1.65759379743011,5,0,3.65954198473282,1.5,3.5523899795323,-3.12484615522465,0.191626412855198,1.67207847130947e-09,0.180411457393724,-0.219999962772382,0.219999990410347,0.219999990410347,-0.392699062017343,0.321811120844141,-0.109999972666169,0.109999972666171,-0.109999990229007,0.109999980075491,-0.392697808676789,0.392697808694915,3.65954198473282,1.5,0,0.11,0,0,40.7295558041068,1.82387550972672,4.88754669649281,0,9.6804878,-2,-1.2,1.75
-10,15,0,4,-3.14159265358979,3.14159265358979,0,0.22,-0.22,0.22,0.22,-0.392699081698724,0.392699081698724,-0.11,0.11,-0.11,0.11,-0.392699081698724,0.392699081698724,4.72394366197183,1.5,0,0.11,0,0,69.2256722151088,1.65759379743011,5,0,4.72394366197183,1.5,3.67918582867931,-1.12190366169059,0,0.00341139780359978,0.166140964760937,-0.109068656555947,0.164276569248487,0.187470400249649,-0.14382400318255,0.0909665175348695,-0.0485450320940568,0.0434637206638251,-0.0525491304429872,0.0366215420194264,-0.0479459544790126,0.0454884718253904,4.72394366197183,1.5,0,0.11,0,0,54.9199718344607,1.63681482997964,4.39359774675686,1,1.0180544,2,-0.6,2
-10,15,0,4,-3.14159265358979,3.14159265358979,0,0.22,-0.22,0.22,0.22,-0.392699081698724,0.392699081698724,-0.11,0.11,-0.11,0.11,-0.392699081698724,0.392699081698724,4.57105263157895,1.5,0,0.11,0,0,66.4838976812661,1.65759379743011,5,0,4.57105263157895,1.45790269223052,3.69999922492629,-3.1093966263489,0.261806336224131,1.02062734275252e-07,0.216882262248253,-0.219997226872348,0.219873712144956,0.219998131265309,-0.303001249481338,0.265324358905317,-0.0787059307799595,0.0775550522937852,-0.109977447339578,0.109977360783772,-0.108569944513474,0.166546027987699,4.57105263157895,1.5,0,0.11,0,0,58.5732231222358,1.80964160370468,4.71374986078945,0,6.4992335,2,-0.65,2
-10,15,0,4,-3.14159265358979,3.14159265358979,0,0.22,-0.22,0.22,0.22,-0.392699081698724,0.392699081698724,-0.11,0.11,-0.11,0.11,-0.392699081698724,0.392699081698724,4.43703703703704,1.5,0,0.11,0,0,64.0974025974026,1.65759379743011,5,0,4.43703703703704,1.5,3.67371191989307,-1.18091637270624,0.112378563074242,0.0048652522726952,0.14442650277847,-0.104229936577773,0.16507256367229,0.165144245909505,-0.156782098731732,0.110492441609988,-0.0529987031954392,0.0419445673084798,-0.0504706742160939,0.0489892266187347,-0.0589340396346648,0.050874383717751,4.43703703703704,1.5,0,0.11,0,0,54.8222641364116,1.64444091199483,4.38578113091293,1,1.6162774,2,-0.7,2
-10,15,0,4,-3.14159265358979,3.14159265358979,0,0.22,-0.22,0.22,0.22,-0.392699081698724,0.392699081698724,-0.11,0.11,-0.11,0.11,-0.392699081698724,0.392699081698724,4.31860465116279,1.5,0,0.11,0,0,62.0010570824524,1.65759379743011,5,0,4.31860465116279,1.33253648168283,3.69999999300916,-3.08205201696684,0.323153500872398,1.08801497212019e-09,0.215513840445486,-0.219999974300288,0.219997349747334,0.219999979109713,-0.348802818380378,0.268831569816542,-0.0905840782857694,0.0891150133868969,-0.109999451410336,0.109999451385134,-0.14628475125012,0.205331022246998,4.31860465116279,1.5,0,0.11,0,0,50.7202764018762,1.82882979998088,4.70973995160279,0,8.1662854,2,-0.75,2
-10,15,0,4,-3.14159265358979,3.14159265358979,0,0.22,-0.22,0.22,0.22,-0.392699081698724,0.392699081698724,-0.11,0.11,-0.11,0.11,-0.392699081698724,0.392699081698724,4.21318681318681,1.5,0,0.11,0,0,60.1447927072927,1.65759379743011,5,0,4.21318681318681,1.34507910115686,3.69999976771983,-3.06983329193808,0.324974576561117,3.88506838939509e-08,0.21487188361934,-0.21999913323497,0.219926180728675,0.219999244353679,-0.370154485844191,0.26378393435267,-0.0964951216427499,0.0948835750621248,-0.109874522471848,0.109873396273075,-0.154044643112383,0.231696113664562,4.21318681318681,1.5,0,0.11,0,0,47.5309701722379,1.83720280382723,4.70782942658356,0,5.2262231,2,-0.8,2
-10,15,0,4,-3.14159265358979,3.14159265358979,0,0.22,-0.22,0.22,0.22,-0.392699081698724,0.392699081698724,-0.11,0.11,-0.11,0.11,-0.392699081698724,0.392699081698724,4.11875,1.5,0,0.11,0,0,58.4894719251337,1.65759379743011,5,0,4.11875,1.40060912503937,3.69999458907227,-2.91787971581568,0.636370900971948,9.32501021179522e-07,0.214215170171492,-0.219983101129374,0.219887401352216,0.219985250931871,-0.392195740892479,0.372575498927397,-0.0991173165978313,0.105328305529214,-0.109053173879411,0.108809713507723,-0.244244200239891,0.38683347516964,4.11875,1.5,0,0.11,0,0,51.1188353385488,1.8427613505708,4.70719275409137,0,9.9298979,0,-0.85,2
-10,15,0,4,-3.14159265358979,3.14159265358979,0,0.22,-0.22,0.22,0.22,-0.392699081698724,0.392699081698724,-0.11,0.11,-0.11,0.11,-0.392699081698724,0.392699081698724,4.03366336633663,1.5,0,0.11,0,0,57.0040504050405,1.65759379743011,5,0,4.03366336633663,1.5,3.64029071725466,-1.13072794419669,0,0.00764491671529581,0.12815335158602,-0.125672031857225,0.185529199875596,0.185686641302121,-0.205497714286443,0.105431462065123,-0.0509527847266009,0.0229597725647654,-0.0569690238718393,0.0714138670026485,-0.102505853975683,0.089990277858809,4.03366336633663,1.5,0,0.11,0,0,48.4363555539546,1.63360815730815,4.35927199985592,1,1.2960383,2,-0.9,2
-10,15,0,4,-3.14159265358979,3.14159265358979,0,0.22,-0.22,0.22,0.22,-0.392699081698724,0.392699081698724,-0.11,0.11,-0.11,0.11,-0.392699081698724,0.392699081698724,3.95660377358491,1.5,0,0.11,0,0,55.6635821973459,1.65759379743011,5,0,3.95660377358491,1.5,3.47955227831734,-1.12305549991181,0,0.00851654005916886,0.135411643450292,-0.101570683985052,0.180470502584715,0.180671341827527,-0.198165248592334,0.120199720704228,-0.0468343836932873,0.0315360180055481,-0.0560315812613717,0.0699679100758343,-0.0873586183354992,0.07739803326745,3.95660377358491,1.5,0,0.11,0,0,45.7842282726282,1.48168565094045,4.16827244898719,1,1.7568693,2,-0.95,2
-10,15,0,4,-3.14159265358979,3.14159265358979,0,0.22,-0.22,0.22,0.22,-0.392699081698724,0.392699081698724,-0.11,0.11,-0.11,0.11,-0.392699081698724,0.392699081698724,3.88648648648649,1.5,0,0.11,0,0,54.4477886977887,1.65759379743011,5,0,3.88648648648649,1.5,3.6999986376228,-3.0302996502809,0.119790401206954,2.18045497670308e-07,0.193803923408805,-0.219995862776911,0.21998815581408,0.219995862777564,-0.392697727577147,0.279005024851742,-0.109997452999532,0.109997453026289,-0.109999125816811,0.109990559038521,-0.133144494262722,0.169995024941751,3.88648648648649,1.5,0,0.11,0,0,43.4080183720997,1.86184852767743,4.88340206686121,0,9.6407275,0,-1,2
-10,15,0,4,-3.14159265358979,3.14159265358979,0,0.22,-0.22,0.22,0.22,-0.392699081698724,0.392699081698724,-0.11,0.11,-0.11,0.11,-0.392699081698724,0.392699081698724,3.82241379310345,1.5,0,0.11,0,0,53.340013434841,1.65759379743011,5,0,3.82241379310345,1.5,3.69995947203978,-3.01695812328948,0.0922787867643456,5.42189161968742e-06,0.178180665346385,-0.219897088993096,0.219777935150769,0.219897089438038,-0.392666076093793,0.284146492685726,-0.10992922724856,0.109929241284739,-0.109978649374115,0.109747970853663,-0.160052906410129,0.219669374310207,3.82241379310345,1.5,0,0.11,0,0,46.4835416076835,1.86922175478394,4.88077186880676,0,11.1301196,0,-1.05,2
-10,15,0,4,-3.14159265358979,3.14159265358979,0,0.22,-0.22,0.22,0.22,-0.392699081698724,0.392699081698724,-0.11,0.11,-0.11,0.11,-0.392699081698724,0.392699081698724,3.76363636363636,1.5,0,0.11,0,0,52.3264462809917,1.65759379743011,5,0,3.76363636363636,1.5,3.69999997922866,-3.02855203574004,0.125261527315095,1.75774974931674e-09,0.17892949907075,-0.219999963690859,0.219999980735432,0.219999980735432,-0.392699068771517,0.300863063883909,-0.109999974807048,0.109999974807051,-0.109999990103437,0.109999961861359,-0.242348430867684,0.291151856177214,3.76363636363636,1.5,0,0.11,0,0,44.3945938333039,1.84249855883286,4.88340532166343,0,11.0323349,0,-1.1,2
-10,15,0,4,-3.14159265358979,3.14159265358979,0,0.22,-0.22,0.22,0.22,-0.392699081698724,0.392699081698724,-0.11,0.11,-0.11,0.11,-0.392699081698724,0.392699081698724,3.70952380952381,1.5,0,0.11,0,0,51.3955392433653,1.65759379743011,5,0,3.70952380952381,1.5,3.64010170622519,-3.11786946103174,0.239116180929214,6.11068349978673e-08,0.179254043390046,-0.219998418984126,0.219999608603845,0.21999960860387,-0.39269811796507,0.323494713573503,-0.109999071201121,0.109999071203618,-0.109999378208967,0.109999269564229,-0.392641122509413,0.392641165957802,3.70952380952381,1.5,0,0.11,0,0,42.5599713583463,1.73130022621865,4.71312275412798,0,10.0395845,-2,-1.15,2
-10,15,0,4,-3.14159265358979,3.14159265358979,0,0.22,-0.22,0.22,0.22,-0.392699081698724,0.392699081698724,-0.11,0.11,-0.11,0.11,-0.392699081698724,0.392699081698724,3.65954198473282,1.5,0,0.11,0,0,50.537560721721,1.65759379743011,5,0,3.65954198473282,1.5,3.55664296050293,-3.14159187263085,0.0536377065363797,1.12394172625907e-08,0.180312572591015,-0.219999634885842,0.219999905520366,0.219999905520367,-0.392699011745729,0.327312587815557,-0.109999837509699,0.10999983750977,-0.109999866806242,0.109999807880569,-0.392698648734196,0.392698648735167,3.65954198473282,1.5,0,0.11,0,0,40.8224769314729,1.67029525950613,4.53583077016365,0,10.3602005,2,-1.2,2
-10,15,0,4,-3.14159265358979,3.14159265358979,0,0.22,-0.22,0.22,0.22,-0.392699081698724,0.392699081698724,-0.11,0.11,-0.11,0.11,-0.392699081698724,0.392699081698724,4.72394366197183,1.5,0,0.11,0,0,69.2256722151088,1.65759379743011,5,0,4.72394366197183,0.439580491586116,1.5,0,1.31120172248793,0.0180692142913042,0.147844705304787,-0.100709719873942,0.084462783957278,0.14785630601322,-0.0937895813966914,0.148051283370162,-0.024466193576222,0.020273603414647,-0.0122145673389321,0.0269222231344048,-0.041425057263797,0.0499022894863182,4.72394366197183,1.5,0,0.11,0,0,53.1255095607821,1.67077430923992,4.42712579673184,1,0.9931679,2,-0.6,2.25
-10,15,0,4,-3.14159265358979,3.14159265358979,0,0.22,-0.22,0.22,0.22,-0.392699081698724,0.392699081698724,-0.11,0.11,-0.11,0.11,-0.392699081698724,0.392699081698724,4.57105263157895,1.5,0,0.11,0,0,66.4838976812661,1.65759379743011,5,0,4.57105263157895,0.300000036874669,1.65586993842255,0,2.86276259342009,3.52879290567472e-09,0.205585797198789,-0.219999723306765,0.179115392322602,0.219999874962228,-0.22391711529757,0.284654009738117,-0.082281434418904,0.0628607853164133,-0.109998959844834,0.109999382490868,-0.0696619148688476,0.0333911015479455,4.57105263157895,1.5,0,0.11,0,0,61.1679339936929,1.65311214265976,4.92256230711148,0,5.979626,2,-0.65,2.25
-10,15,0,4,-3.14159265358979,3.14159265358979,0,0.22,-0.22,0.22,0.22,-0.392699081698724,0.392699081698724,-0.11,0.11,-0.11,0.11,-0.392699081698724,0.392699081698724,4.43703703703704,1.5,0,0.11,0,0,64.0974025974026,1.65759379743011,5,0,4.43703703703704,0.300000018882766,2.42617975934838,-0.217170747585696,3.057422256779,4.91128871681921e-09,0.213274388757369,-0.219999734120175,0.21999992010765,0.219999920634902,-0.263412773045571,0.303218172482544,-0.0840913156375353,0.0828340491094456,-0.10999731507006,0.10999642093957,-0.137751197021103,0.0935050364625431,4.43703703703704,1.5,0,0.11,0,0,54.2259307371363,2.04443898102246,5.60334617617075,0,6.2878759,2,-0.7,2.25
-10,15,0,4,-3.14159265358979,3.14159265358979,0,0.22,-0.22,0.22,0.22,-0.392699081698724,0.392699081698724,-0.11,0.11,-0.11,0.11,-0.392699081698724,0.392699081698724,4.31860465116279,1.5,0,0.11,0,0,62.0010570824524,1.65759379743011,5,0,4.31860465116279,0.300000007766115,1.59027520550919,0,2.91789722625156,9.03261567102372e-10,0.219302138524207,-0.219999930894727,0.2008760886014,0.219999992521203,-0.240368936686267,0.320386378552569,-0.105281979843964,0.104766443011605,-0.109999719411922,0.109999829180948,-0.0774273112043543,0.0489092910455971,4.31860465116279,1.5,0,0.11,0,0,53.174977767052,1.65438702329783,4.93767650694054,0,7.0667123,2,-0.75,2.25
-10,15,0,4,-3.14159265358979,3.14159265358979,0,0.22,-0.22,0.22,0.22,-0.392699081698724,0.392699081698724,-0.11,0.11,-0.11,0.11,-0.392699081698724,0.392699081698724,4.21318681318681,1.5,0,0.11,0,0,60.1447927072927,1.65759379743011,5,0,4.21318681318681,0.300000027298419,2.11402361419226,-0.206906466068239,3.03187016343905,5.54803868567979e-09,0.211666480287258,-0.219999872668523,0.219999936177942,0.219999936177942,-0.264129804233024,0.340450226771733,-0.0958530594289738,0.0940677895108827,-0.109997417281801,0.109996557477888,-0.180105070987411,0.118450034170852,4.21318681318681,1.5,0,0.11,0,0,47.4232392625756,2.05829800222721,5.60045873196131,0,6.4859706,-2,-0.8,2.25
-10,15,0,4,-3.14159265358979,3.14159265358979,0,0.22,-0.22,0.22,0.22,-0.392699081698724,0.392699081698724,-0.11,0.11,-0.11,0.11,-0.392699081698724,0.392699081698724,4.11875,1.5,0,0.11,0,0,58.4894719251337,1.65759379743011,5,0,4.11875,0.300000165625014,1.99539996575501,-0.204252351934826,3.0212339259591,2.82960393082207e-08,0.210949325911989,-0.219999443439295,0.219999702508659,0.21999970250867,-0.26107947367895,0.358840724355327,-0.100702479442967,0.100691126746462,-0.109985679884,0.109980964183093,-0.198044110930872,0.136045636325378,4.11875,1.5,0,0.11,0,0,50.9965593837763,2.06442922558983,5.59899724901044,0,6.2918536,2,-0.85,2.25
-10,15,0,4,-3.14159265358979,3.14159265358979,0,0.22,-0.22,0.22,0.22,-0.392699081698724,0.392699081698724,-0.11,0.11,-0.11,0.11,-0.392699081698724,0.392699081698724,4.03366336633663,1.5,0,0.11,0,0,57.0040504050405,1.65759379743011,5,0,4.03366336633663,0.300000202367538,1.89501721169263,-0.199765601702224,3.01182807436688,2.92168260049239e-08,0.210284720110616,-0.219999485011872,0.219999713299264,0.219999713299276,-0.255273406333416,0.376707524950571,-0.106423427798187,0.106430161131695,-0.109983677777619,0.109979367902845,-0.220263806731368,0.148361299683383,4.03366336633663,1.5,0,0.11,0,0,48.1510033595478,2.07010591852455,5.59755414054743,0,7.8403699,2,-0.9,2.25
-10,15,0,4,-3.14159265358979,3.14159265358979,0,0.22,-0.22,0.22,0.22,-0.392699081698724,0.392699081698724,-0.11,0.11,-0.11,0.11,-0.392699081698724,0.392699081698724,3.95660377358491,1.5,0,0.11,0,0,55.6635821973459,1.65759379743011,5,0,3.95660377358491,0.300000006694723,1.82794983500165,-0.200192945867465,2.9997107392432,1.32609478873776e-09,0.203498923581855,-0.219999969887559,0.219999980291349,0.21999998029135,-0.249534882331407,0.392563899828445,-0.109999986368029,0.109999986368029,-0.109999957510373,0.109999996769028,-0.24190154002619,0.16221125202595,3.95660377358491,1.5,0,0.11,0,0,45.5998473429983,2.07139254703791,5.59548126771375,0,8.5045806,2,-0.95,2.25
-10,15,0,4,-3.14159265358979,3.14159265358979,0,0.22,-0.22,0.22,0.22,-0.392699081698724,0.392699081698724,-0.11,0.11,-0.11,0.11,-0.392699081698724,0.392699081698724,3.88648648648649,1.5,0,0.11,0,0,54.4477886977887,1.65759379743011,5,0,3.88648648648649,0.300000027117877,1.61320964335765,0,2.90796740143026,5.93541569744023e-09,0.219866081424476,-0.219999459031613,0.219995731718335,0.219999988783862,-0.278815553487313,0.383638089870472,-0.10999789555669,0.109997895477309,-0.109998878721922,0.109999005060092,-0.203933712181154,0.150557693210917,3.88648648648649,1.5,0,0.11,0,0,46.3218311832586,1.65056297439934,5.01819837818635,0,7.6464297,2,-1,2.25
-10,15,0,4,-3.14159265358979,3.14159265358979,0,0.22,-0.22,0.22,0.22,-0.392699081698724,0.392699081698724,-0.11,0.11,-0.11,0.11,-0.392699081698724,0.392699081698724,3.82241379310345,1.5,0,0.11,0,0,53.340013434841,1.65759379743011,5,0,3.82241379310345,0.300000166731219,1.64503778611393,0,2.90498751272732,3.95643851358521e-08,0.219878211960734,-0.21999649198416,0.21997191413723,0.219999930667282,-0.291869518942856,0.389858522095394,-0.109985346931464,0.109985341581559,-0.109992378910933,0.109993239036795,-0.269944098138054,0.223612644500082,3.82241379310345,1.5,0,0.11,0,0,49.7505043314736,1.65028740746121,5.03032877129345,0,11.1842792,0,-1.05,2.25
-10,15,0,4,-3.14159265358979,3.14159265358979,0,0.22,-0.22,0.22,0.22,-0.392699081698724,0.392699081698724,-0.11,0.11,-0.11,0.11,-0.392699081698724,0.392699081698724,3.76363636363636,1.5,0,0.11,0,0,52.3264462809917,1.65759379743011,5,0,3.76363636363636,0.30000002879933,1.6385154535741,0,2.90244994335763,8.12656899680286e-09,0.219876036511645,-0.219999283842654,0.219983721087236,0.219999983272811,-0.309512993266015,0.392699066262253,-0.109995965090024,0.109995964629933,-0.109998375412325,0.109998781512516,-0.320840466354299,0.28010067393292,3.76363636363636,1.5,0,0.11,0,0,47.6168362684435,1.65005041749841,5.04385747139809,0,8.6688614,2,-1.1,2.25
-10,15,0,4,-3.14159265358979,3.14159265358979,0,0.22,-0.22,0.22,0.22,-0.392699081698724,0.392699081698724,-0.11,0.11,-0.11,0.11,-0.392699081698724,0.392699081698724,3.70952380952381,1.5,0,0.11,0,0,51.3955392433653,1.65759379743011,5,0,3.70952380952381,0.300000068885918,1.63349898785567,-0.0927090261731099,2.97854084551363,8.6703037606731e-09,0.178979924608896,-0.219999841565627,0.219999861650092,0.219999861650093,-0.291349723512611,0.392699034526744,-0.109999861376464,0.109999861376512,-0.109999631531057,0.109999975813243,-0.272475286616389,0.212794075557451,3.70952380952381,1.5,0,0.11,0,0,42.2616872787445,2.03609382744621,5.40010448561735,0,11.0410435,0,-1.15,2.25
-10,15,0,4,-3.14159265358979,3.14159265358979,0,0.22,-0.22,0.22,0.22,-0.392699081698724,0.392699081698724,-0.11,0.11,-0.11,0.11,-0.392699081698724,0.392699081698724,3.65954198473282,1.5,0,0.11,0,0,50.537560721721,1.65759379743011,5,0,3.65954198473282,0.300000003253251,1.5,0,2.85445256669568,1.54424666314835e-09,0.20538909507644,-0.219999913779841,0.14393437732462,0.219999913779841,-0.300324447647893,0.392699081187976,-0.109999810546288,0.109999534268168,-0.109999233256018,0.10999980831036,-0.285674316822659,0.238257798499776,3.65954198473282,1.5,0,0.11,0,0,44.1614678622048,1.65354144104451,5.10310295296589,0,9.782834,2,-1.2,2.25
-10,15,0,4,-3.14159265358979,3.14159265358979,0,0.22,-0.22,0.22,0.22,-0.392699081698724,0.392699081698724,-0.11,0.11,-0.11,0.11,-0.392699081698724,0.392699081698724,4.72394366197183,1.5,0,0.11,0,0,69.2256722151088,1.65759379743011,5,0,4.72394366197183,0.30002033747115,1.50415954659089,-0.0122186681767539,2.85603352213921,6.30184814620215e-06,0.219960247111532,-0.21991084615352,0.216326771923547,0.219982344056651,-0.316719103426282,0.258609335808718,-0.109866106942837,0.109938320843367,-0.108907196053507,0.107073283439738,-0.190522791070429,0.185918598590544,4.72394366197183,1.5,0,0.11,0,0,48.4377983835471,1.90014565002736,9.36464102081911,1,9.2296323,0,-0.6,2.5
-10,15,0,4,-3.14159265358979,3.14159265358979,0,0.22,-0.22,0.22,0.22,-0.392699081698724,0.392699081698724,-0.11,0.11,-0.11,0.11,-0.392699081698724,0.392699081698724,4.57105263157895,1.5,0,0.11,0,0,66.4838976812661,1.65759379743011,5,0,4.57105263157895,0.300276597204776,1.72451144734392,0,2.71577969818364,5.09540906004503e-05,0.17438970209593,-0.217602665259784,0.132628278620398,0.217931523368818,-0.202881965927962,0.291565737301389,-0.0505124506610875,0.0353979825255766,-0.102315547405295,0.105590586167521,-0.135002933941858,0.0563953624738348,4.57105263157895,1.5,0,0.11,0,0,62.1487691594311,1.90007025406316,9.61826189372148,1,3.0384572,2,-0.65,2.5
-10,15,0,4,-3.14159265358979,3.14159265358979,0,0.22,-0.22,0.22,0.22,-0.392699081698724,0.392699081698724,-0.11,0.11,-0.11,0.11,-0.392699081698724,0.392699081698724,4.43703703703704,1.5,0,0.11,0,0,64.0974025974026,1.65759379743011,5,0,4.43703703703704,0.300000065282367,2.41892489590512,-0.137711660010095,3.01866298545955,1.88729909057375e-08,0.209626398914994,-0.219999714260739,0.219999834712303,0.219999834712311,-0.260364865488858,0.277928955728777,-0.0833002121135557,0.0821923141123344,-0.109991338172287,0.109988460101612,-0.112963464330028,0.0697845017383778,4.43703703703704,1.5,0,0.11,0,0,54.0782189086726,2.27534759628823,11.3564259708213,1,5.5181409,2,-0.7,2.5
-10,15,0,4,-3.14159265358979,3.14159265358979,0,0.22,-0.22,0.22,0.22,-0.392699081698724,0.392699081698724,-0.11,0.11,-0.11,0.11,-0.392699081698724,0.392699081698724,4.31860465116279,1.5,0,0.11,0,0,62.0010570824524,1.65759379743011,5,0,4.31860465116279,0.300311379180807,1.54755838714827,-0.046727694131068,2.87444472277232,7.03215100012426e-05,0.202729338035465,-0.215719355387369,0.146461088571542,0.218520718441337,-0.236140429983741,0.30832127592767,-0.0949827175308978,0.0795423300460322,-0.0969225106195665,0.102902048633626,-0.0631385815348668,0.0895501999445191,4.31860465116279,1.5,0,0.11,0,0,53.9048507718458,1.9011480861356,9.81838353344334,1,2.8231461,2,-0.75,2.5
-10,15,0,4,-3.14159265358979,3.14159265358979,0,0.22,-0.22,0.22,0.22,-0.392699081698724,0.392699081698724,-0.11,0.11,-0.11,0.11,-0.392699081698724,0.392699081698724,4.21318681318681,1.5,0,0.11,0,0,60.1447927072927,1.65759379743011,5,0,4.21318681318681,0.300000092783785,2.10739847568839,-0.126067322534041,2.9928286471092,1.99712432981906e-08,0.20760681186495,-0.219999752857657,0.219999847021453,0.219999847021461,-0.262665340479804,0.312173932428096,-0.0949969571301459,0.0931228960732406,-0.109988640662909,0.109984877352371,-0.139522463281149,0.0906145336653765,4.21318681318681,1.5,0,0.11,0,0,47.27301598354,2.27165919953261,11.3455238360496,1,6.2793045,2,-0.8,2.5
-10,15,0,4,-3.14159265358979,3.14159265358979,0,0.22,-0.22,0.22,0.22,-0.392699081698724,0.392699081698724,-0.11,0.11,-0.11,0.11,-0.392699081698724,0.392699081698724,4.11875,1.5,0,0.11,0,0,58.4894719251337,1.65759379743011,5,0,4.11875,0.30000001945694,1.98934699785279,-0.12024076230754,2.98218449663501,4.19258249348796e-09,0.206713070920325,-0.219999951343085,0.219999969346063,0.219999969346064,-0.257698585237494,0.328589417385973,-0.0996815437352772,0.0997262449933061,-0.109997276708328,0.109996371241741,-0.152388810346034,0.103421842946855,4.11875,1.5,0,0.11,0,0,50.8245884422671,2.26397945270223,11.3402362961809,1,7.4004738,2,-0.85,2.5
-10,15,0,4,-3.14159265358979,3.14159265358979,0,0.22,-0.22,0.22,0.22,-0.392699081698724,0.392699081698724,-0.11,0.11,-0.11,0.11,-0.392699081698724,0.392699081698724,4.03366336633663,1.5,0,0.11,0,0,57.0040504050405,1.65759379743011,5,0,4.03366336633663,0.30000002391811,1.51025232772178,0,2.84050960724037,6.58100735481878e-09,0.211977668484026,-0.219999663251459,0.168720633422039,0.219999663251459,-0.245172949048258,0.354930204831066,-0.109984530686685,0.109984528879652,-0.109999195039244,0.109999500827559,-0.104818616690559,0.0476021875489999,4.03366336633663,1.5,0,0.11,0,0,51.3751793534542,1.90056291929832,9.63284612877266,1,8.0796859,2,-0.9,2.5
-10,15,0,4,-3.14159265358979,3.14159265358979,0,0.22,-0.22,0.22,0.22,-0.392699081698724,0.392699081698724,-0.11,0.11,-0.11,0.11,-0.392699081698724,0.392699081698724,3.95660377358491,1.5,0,0.11,0,0,55.6635821973459,1.65759379743011,5,0,3.95660377358491,0.300000004987839,1.5,0,2.82173916036502,1.4611233678692e-09,0.210183981330746,-0.219999923082517,0.148064441006242,0.219999956273793,-0.253518474096511,0.366375842604888,-0.109999264432897,0.109999264423919,-0.10999939352098,0.109999822492052,-0.12395229483483,0.0641713887081431,3.95660377358491,1.5,0,0.11,0,0,48.7015122246196,1.90070473443249,9.63884096112264,1,6.6668889,2,-0.95,2.5
-10,15,0,4,-3.14159265358979,3.14159265358979,0,0.22,-0.22,0.22,0.22,-0.392699081698724,0.392699081698724,-0.11,0.11,-0.11,0.11,-0.392699081698724,0.392699081698724,3.88648648648649,1.5,0,0.11,0,0,54.4477886977887,1.65759379743011,5,0,3.88648648648649,0.300000022619179,1.76500460640214,-0.15121434381156,2.95602522315911,5.29608290694122e-09,0.191517196896705,-0.219999929077352,0.219999929444373,0.219999929444373,-0.254307063134121,0.380172976923284,-0.109999933590015,0.109999933590025,-0.109999837942775,0.109999989969598,-0.216393654280265,0.169610697686482,3.88648648648649,1.5,0,0.11,0,0,43.1120943144819,2.23817609501038,11.1372910312412,1,8.0298756,2,-1,2.5
-10,15,0,4,-3.14159265358979,3.14159265358979,0,0.22,-0.22,0.22,0.22,-0.392699081698724,0.392699081698724,-0.11,0.11,-0.11,0.11,-0.392699081698724,0.392699081698724,3.82241379310345,1.5,0,0.11,0,0,53.340013434841,1.65759379743011,5,0,3.82241379310345,0.300000027506212,1.5659245142039,0,2.83468681653809,8.73836202442107e-09,0.217710691553114,-0.219999508689818,0.199497489630098,0.219999901421827,-0.273397063223589,0.382719734294307,-0.109994173510879,0.109994172511431,-0.109997433606272,0.109998396945058,-0.185919828909114,0.141455646985549,3.82241379310345,1.5,0,0.11,0,0,49.6535728800724,1.90094882279912,9.84795862121436,1,8.3767177,2,-1.05,2.5
-10,15,0,4,-3.14159265358979,3.14159265358979,0,0.22,-0.22,0.22,0.22,-0.392699081698724,0.392699081698724,-0.11,0.11,-0.11,0.11,-0.392699081698724,0.392699081698724,3.76363636363636,1.5,0,0.11,0,0,52.3264462809917,1.65759379743011,5,0,3.76363636363636,0.300000143030363,1.58191333511504,0,2.84904335977941,4.64579921135636e-08,0.219172005212071,-0.219996724976411,0.207374330361628,0.219999679564573,-0.287346378570087,0.389086582846743,-0.109977056180135,0.109977040200681,-0.109989115747161,0.109994429719292,-0.248939332198426,0.200998494696071,3.76363636363636,1.5,0,0.11,0,0,47.4734386606627,1.90081181155711,9.86392558838214,1,9.7031179,2,-1.1,2.5
-10,15,0,4,-3.14159265358979,3.14159265358979,0,0.22,-0.22,0.22,0.22,-0.392699081698724,0.392699081698724,-0.11,0.11,-0.11,0.11,-0.392699081698724,0.392699081698724,3.70952380952381,1.5,0,0.11,0,0,51.3955392433653,1.65759379743011,5,0,3.70952380952381,0.30000003002178,1.57339980215108,0,2.84876543224849,9.73832983846073e-09,0.219320587300849,-0.219999363163942,0.211419596989587,0.219999946510603,-0.308412640125904,0.392698979803086,-0.109995300350329,0.109995299553586,-0.109997115652689,0.109998634097765,-0.319408196304174,0.274949254489804,3.70952380952381,1.5,0,0.11,0,0,45.5081143141379,1.90048287029661,9.88537372045995,1,8.9500245,2,-1.15,2.5
-10,15,0,4,-3.14159265358979,3.14159265358979,0,0.22,-0.22,0.22,0.22,-0.392699081698724,0.392699081698724,-0.11,0.11,-0.11,0.11,-0.392699081698724,0.392699081698724,3.65954198473282,1.5,0,0.11,0,0,50.537560721721,1.65759379743011,5,0,3.65954198473282,0.30000002952065,1.5,0,2.81496932706287,1.05855292784728e-08,0.207285388361747,-0.219999408203105,0.143099509529228,0.219999408203105,-0.307017556949953,0.392699075279944,-0.109999265634979,0.109998259130164,-0.109994706498248,0.109998676506513,-0.311561086142317,0.267726385593843,3.65954198473282,1.5,0,0.11,0,0,43.9027538866164,1.90021840387034,9.95129088096638,1,8.995258,2,-1.2,2.5
