-10,15,0,2,-3.14159265358979,3.14159265358979,0,0.17,-0.17,0.17,0.17,-0.392699081698724,0.392699081698724,-0.085,0.085,-0.085,0.085,-0.392699081698724,0.392699081698724,4.72394366197183,1,0,0.11,0,0,69.2256722151088,0.630186784388739,5,4.9090949982328e-21,4.72394366197183,0.557068882027761,1.7,-3.10158384963047,8.32993413060311e-14,-4.8443564358094e-21,0.168703447482055,-0.17,0.17,0.17,-0.392699081698724,0.389564869248852,-0.085,0.085,-0.085,0.085,-0.392699081698724,0.392699081698724,4.72394366197183,1,8.32993413060311e-14,0.11,-5.48910316780061e-21,-5.52347676294172e-21,51.440133420494,1.2,15.1154853589452,1,4.7614102,2,-0.6,0.25
-10,15,0,2,-3.14159265358979,3.14159265358979,0,0.17,-0.17,0.17,0.17,-0.392699081698724,0.392699081698724,-0.085,0.085,-0.085,0.085,-0.392699081698724,0.392699081698724,4.57105263157895,1,0,0.11,0,0,66.4838976812661,0.630186784388739,5,1.46565302742169e-20,4.57105263157894,0.580380762352309,1.7,-3.1072982517535,1.04377083512411e-20,-3.492697162979e-17,0.169427890663396,-0.170000000000002,0.170000000000002,0.170000000000002,-0.392699081698739,0.392699081698724,-0.085,0.085,-0.0850000000000013,0.085000000000088,-0.392699081698724,0.392699081698724,4.57105263157894,1,1.04377083512411e-20,0.11,6.1340258101735e-18,4.08243265413679e-19,52.0789076102754,1.20000000000001,15.6360720229898,1,6.6371258,2,-0.65,0.25
-10,15,0,2,-3.14159265358979,3.14159265358979,0,0.17,-0.17,0.17,0.17,-0.392699081698724,0.392699081698724,-0.085,0.085,-0.085,0.085,-0.392699081698724,0.392699081698724,4.43703703703704,1,0,0.11,0,0,64.0974025974026,0.630186784388739,5,-2.33504171703338e-20,4.43703703703704,0.730774844550049,1.7,-3.08907037502959,9.99997358083599e-13,-2.46169520331789e-20,0.169462266159688,-0.17,0.17,0.17,-0.392699081698724,0.392699081698724,-0.085,0.085,-0.085,0.085,-0.392699081698724,0.392699081698724,4.43703703703704,1,7.69925967146352e-20,0.11,1.80608537067655e-20,1.99020477952986e-20,48.2170163087701,1.2,15.5098069126544,1,6.3198146,2,-0.7,0.25
-10,15,0,2,-3.14159265358979,3.14159265358979,0,0.17,-0.17,0.17,0.17,-0.392699081698724,0.392699081698724,-0.085,0.085,-0.085,0.085,-0.392699081698724,0.392699081698724,4.31860465116279,1,0,0.11,0,0,62.0010570824524,0.630186784388739,5,0,4.31860465116279,0.766532332270744,1.7,-3.08878260374641,0.0517141938430158,0,0.169422437663296,-0.17,0.17,0.170000000005862,-0.392699081698724,0.392699081698724,-0.085,0.085,-0.085,0.085,-0.392699081698724,0.392699081698724,4.31860465116279,1,0,0.11,0,0,43.7980237725682,1.2,15.3293083203989,1,5.5566838,-2,-0.75,0.25
-10,15,0,2,-3.14159265358979,3.14159265358979,0,0.17,-0.17,0.17,0.17,-0.392699081698724,0.392699081698724,-0.085,0.085,-0.085,0.085,-0.392699081698724,0.392699081698724,4.21318681318681,1,0,0.11,0,0,60.1447927072927,0.630186784388739,5,-1.19882473472999e-21,4.21318681318681,0.609633152975889,1.7,-3.12769308211314,0.221332163539061,-3.34268236877649e-21,0.168414616901192,-0.17,0.17,0.17,-0.392699081698724,0.392683716175756,-0.085,0.085,-0.085,0.085,-0.392699081698724,0.392699081698724,4.21318681318681,1,-1.1631819808833e-21,0.11,-8.8264072694513e-22,9.09059122360383e-22,46.1141094835355,1.2,15.7402827037134,1,10.2375328,2,-0.8,0.25
-10,15,0,2,-3.14159265358979,3.14159265358979,0,0.17,-0.17,0.17,0.17,-0.392699081698724,0.392699081698724,-0.085,0.085,-0.085,0.085,-0.392699081698724,0.392699081698724,4.11875,1,0,0.11,0,0,58.4894719251337,0.630186784388739,5,0,4.11875,0.788090720148679,1.7,-3.08931498326651,0.0121923129911323,2.44566567865814e-26,0.169703824137095,-0.17,0.17,0.170000000005359,-0.392699081698724,0.392689366170414,-0.085,0.085,-0.085,0.085,-0.392699081698724,0.392699081698724,4.11875,1,0,0.11,0,0,41.8251045675866,1.2005824667709,15.5537107610713,1,8.9452987,-2,-0.85,0.25
-10,15,0,2,-3.14159265358979,3.14159265358979,0,0.17,-0.17,0.17,0.17,-0.392699081698724,0.392699081698724,-0.085,0.085,-0.085,0.085,-0.392699081698724,0.392699081698724,4.03366336633663,1,0,0.11,0,0,57.0040504050405,0.630186784388739,5,0,4.03366336633663,0.864103260046607,1.7,-3.0902914477255,0.0427138125343048,3.02738425808608e-22,0.169999701627687,-0.17,0.17,0.17000000000002,-0.392699081698724,0.391818530275602,-0.085,0.085,-0.085,0.085,-0.342092800135589,0.392691874693399,4.03366336633663,1,0,0.11,0,0,39.6406462411776,1.2,15.4598520340593,1,10.9661219,2,-0.9,0.25
-10,15,0,2,-3.14159265358979,3.14159265358979,0,0.17,-0.17,0.17,0.17,-0.392699081698724,0.392699081698724,-0.085,0.085,-0.085,0.085,-0.392699081698724,0.392699081698724,3.95660377358491,1,0,0.11,0,0,55.6635821973459,0.630186784388739,5,0,3.95660377358491,0.803457918809619,1.7,-3.12565511848771,0,-5.51012976947947e-38,0.169514773876375,-0.17,0.17,0.17000000000025,-0.392699081698724,0.392699081698724,-0.085,0.085,-0.085,0.085,-0.392699081698724,0.392699081698724,3.95660377358491,1,0,0.11,0,0,40.0862855584883,1.22272549660996,15.6808117037616,1,8.2638933,-2,-0.95,0.25
-10,15,0,2,-3.14159265358979,3.14159265358979,0,0.17,-0.17,0.17,0.17,-0.392699081698724,0.392699081698724,-0.085,0.085,-0.085,0.085,-0.392699081698724,0.392699081698724,3.88648648648649,1,0,0.11,0,0,54.4477886977887,0.630186784388739,5,6.43173689518348e-22,3.88648648648649,0.827128136645357,1.7,-3.12431197953055,0.0559564124996568,-4.42307241522134e-21,0.169591931330837,-0.17,0.17,0.170000000000005,-0.392699081698724,0.392699081698724,-0.085,0.085,-0.085,0.085,-0.392699081698724,0.392699081698724,3.88648648648649,1,6.6744820670968e-23,0.11,-3.4926610933984e-21,-1.70111846652171e-21,38.2540162776114,1.2,15.6016380112611,1,11.0762424,2,-1,0.25
-10,15,0,2,-3.14159265358979,3.14159265358979,0,0.17,-0.17,0.17,0.17,-0.392699081698724,0.392699081698724,-0.085,0.085,-0.085,0.085,-0.392699081698724,0.392699081698724,3.82241379310345,1,0,0.11,0,0,53.340013434841,0.630186784388739,5,-3.11362742505673e-20,3.82241379310345,0.801294125925328,1.7,-3.08885366998323,2.74202279868037e-20,-2.06842656288619e-20,0.169623498194745,-0.17,0.17,0.170000000000016,-0.392699081698724,0.392699081698724,-0.085,0.085,-0.085,0.085,-0.392699081698724,0.392699081698724,3.82241379310345,1,2.74202279868037e-20,0.11,-2.47426632312504e-20,-2.9489808828834e-20,39.010685391664,1.2,15.7018008701448,1,15.7174166,2,-1.05,0.25
-10,15,0,2,-3.14159265358979,3.14159265358979,0,0.17,-0.17,0.17,0.17,-0.392699081698724,0.392699081698724,-0.085,0.085,-0.085,0.085,-0.392699081698724,0.392699081698724,3.76363636363636,1,0,0.11,0,0,52.3264462809917,0.630186784388739,5,-4.04296827327085e-19,3.76363636363636,0.890872172836809,1.7,-3.07602202943115,1.33951097499945e-19,-3.87198404124487e-19,0.169904309078913,-0.17,0.17,0.170000000053043,-0.392699081698724,0.392699081698724,-0.085,0.085,-0.085,0.085,-0.392699081698724,0.392699081698724,3.76363636363636,1,-7.95915147722979e-15,0.11,-4.17938686123323e-19,1.26194915667404e-14,36.9517424595775,1.2,15.6565901384284,1,14.8171419,0,-1.1,0.25
-10,15,0,2,-3.14159265358979,3.14159265358979,0,0.17,-0.17,0.17,0.17,-0.392699081698724,0.392699081698724,-0.085,0.085,-0.085,0.085,-0.392699081698724,0.392699081698724,3.70952380952381,1,0,0.11,0,0,51.3955392433653,0.630186784388739,5,4.26476401346672e-15,3.7095238095238,0.822307207146136,1.7,-3.06347207025332,7.73481127664337e-16,-4.27403065291575e-15,0.169924308195506,-0.17,0.17,0.170000008989663,-0.392699081698728,0.392699081698218,-0.0850000000000035,0.0850000000000035,-0.0850000000000035,0.0850000000000035,-0.392699081698728,0.392699081698728,3.7095238095238,0.999999999999996,-3.47213463692419e-15,0.110000000000003,3.47207173991545e-15,3.47212992248882e-15,38.3614686985546,1.19999999996973,9.2875134743869,0,27.9302974,0,-1.15,0.25
-10,15,0,2,-3.14159265358979,3.14159265358979,0,0.17,-0.17,0.17,0.17,-0.392699081698724,0.392699081698724,-0.085,0.085,-0.085,0.085,-0.392699081698724,0.392699081698724,3.65954198473282,1,0,0.11,0,0,50.537560721721,0.630186784388739,5,0,3.65954198473282,0.912784913434109,1.7,-3.06310951624629,0,0,0.169924651857747,-0.17,0.17,0.170000000007895,-0.392699081698724,0.367567358210271,-0.085,0.085,-0.085,0.085,-0.392699081698724,0.392699081698724,3.65954198473282,1,0,0.11,0,0,37.1862480094788,1.2,6.02808651943129,0,20.0194137,0,-1.2,0.25
-10,15,0,2,-3.14159265358979,3.14159265358979,0,0.17,-0.17,0.17,0.17,-0.392699081698724,0.392699081698724,-0.085,0.085,-0.085,0.085,-0.392699081698724,0.392699081698724,4.72394366197183,1,0,0.11,0,0,69.2256722151088,0.630186784388739,5,0,4.72394366197183,0.928060639684667,1.7,-1.5659941678689,0,0,0.17,-0.0873577471617433,0.17,0.170000000000721,-0.30016351820289,0.0998412416358225,-0.0834412612823063,0.0807182844578431,-0.085,0.085,-0.146498131285207,0.222575491766995,4.72394366197183,1,0,0.11,0,0,54.9734042553192,1.11935976544365,7.35797872340425,1,8.1227908,-2,-0.6,0.5
-10,15,0,2,-3.14159265358979,3.14159265358979,0,0.17,-0.17,0.17,0.17,-0.392699081698724,0.392699081698724,-0.085,0.085,-0.085,0.085,-0.392699081698724,0.392699081698724,4.57105263157895,1,0,0.11,0,0,66.4838976812661,0.630186784388739,5,0,4.57105263157895,0.855727647501466,1.7,-1.59121415772034,0,0,0.17,-0.116297174747933,0.17,0.170000008326021,-0.254262330197132,0.188900830769393,-0.085,0.085,-0.085,0.085,-0.35359805960416,0.28829423805024,4.57105263157895,1,0,0.11,0,0,54.1561453712445,1.09558437367358,7.12411198038395,1,14.3417579,-2,-0.65,0.5
-10,15,0,2,-3.14159265358979,3.14159265358979,0,0.17,-0.17,0.17,0.17,-0.392699081698724,0.392699081698724,-0.085,0.085,-0.085,0.085,-0.392699081698724,0.392699081698724,4.43703703703704,1,0,0.11,0,0,64.0974025974026,0.630186784388739,5,0,4.43703703703704,0.843222269935235,1.7,-1.56694942482642,0,-1.54074395550979e-33,0.17,-0.121112831484422,0.17,0.170000000045151,-0.311402186951008,0.108025869885218,-0.085,0.085,-0.0791691344265505,0.085,-0.174611111690667,0.183347186553726,4.43703703703704,1,0,0.11,0,0,50.3006214019494,1.08212983880967,7.37742447228591,1,9.0562873,-2,-0.7,0.5
-10,15,0,2,-3.14159265358979,3.14159265358979,0,0.17,-0.17,0.17,0.17,-0.392699081698724,0.392699081698724,-0.085,0.085,-0.085,0.085,-0.392699081698724,0.392699081698724,4.31860465116279,1,0,0.11,0,0,62.0010570824524,0.630186784388739,5,0,4.31860465116279,0.477191866790772,1.7,-1.61916185841361,0,-6.16297582203915e-33,0.17,-0.17,0.17,0.170000000541726,-0.392699081698724,0.1097168961211,-0.085,0.085,-0.085,0.085,-0.365634148528111,0.389508758307302,4.31860465116279,1,0,0.11,0,0,47.1245452188019,1.02535022789033,7.6184681437063,1,28.1609174,-2,-0.75,0.5
-10,15,0,2,-3.14159265358979,3.14159265358979,0,0.17,-0.17,0.17,0.17,-0.392699081698724,0.392699081698724,-0.085,0.085,-0.085,0.085,-0.392699081698724,0.392699081698724,4.21318681318681,1,0,0.11,0,0,60.1447927072927,0.630186784388739,5,0,4.21318681318681,0.918096547011971,1.7,-1.56020927691616,0,0,0.17,-0.121213286874201,0.17,0.170000000040504,-0.36891388620527,0.123399173585464,-0.085,0.085,-0.085,0.085,-0.219954561698994,0.272789590093356,4.21318681318681,1,0,0.11,0,0,47.1482858321099,1.0609219268247,7.3760873835123,1,39.2793314,-2,-0.8,0.5
-10,15,0,2,-3.14159265358979,3.14159265358979,0,0.17,-0.17,0.17,0.17,-0.392699081698724,0.392699081698724,-0.085,0.085,-0.085,0.085,-0.392699081698724,0.392699081698724,4.11875,1,0,0.11,0,0,58.4894719251337,0.630186784388739,5,0,4.11875,0.555877488315463,1.7,-1.58008266677952,0,-2.31111593326468e-34,0.17,-0.152479105967419,0.17,0.17,-0.392699081698724,0.0952859243042924,-0.085,0.085,-0.085,0.085,-0.378852261107134,0.392699081698724,4.11875,1,0,0.11,0,0,44.5104167650264,1.01283225319143,7.48795032036642,1,44.3846589,-2,-0.85,0.5
-10,15,0,2,-3.14159265358979,3.14159265358979,0,0.17,-0.17,0.17,0.17,-0.392699081698724,0.392699081698724,-0.085,0.085,-0.085,0.085,-0.392699081698724,0.392699081698724,4.03366336633663,1,0,0.11,0,0,57.0040504050405,0.630186784388739,5,0,4.03366336633663,0.605583538795153,1.7,-1.50422796186215,0,-3.08148791101958e-34,0.17,-0.140408059331506,0.17,0.170000000000122,-0.392699081698724,0.0970435431353378,-0.085,0.085,-0.085,0.085,-0.392699081698724,0.392699081698724,4.03366336633663,1,0,0.11,0,0,42.1026051243493,1.00784953716038,7.42058415316656,1,44.951619,-2,-0.9,0.5
-10,15,0,2,-3.14159265358979,3.14159265358979,0,0.17,-0.17,0.17,0.17,-0.392699081698724,0.392699081698724,-0.085,0.085,-0.085,0.085,-0.392699081698724,0.392699081698724,3.95660377358491,1,0,0.11,0,0,55.6635821973459,0.630186784388739,5,0,3.95660377358491,0.719203670716277,1.7,-1.79768953333993,0,0,0.17,-0.112096896055445,0.17,0.170000000003128,-0.392699081698724,0.129651414254559,-0.085,0.085,-0.085,0.085,-0.318460123303222,0.392699081698724,3.95660377358491,1,0,0.11,0,0,41.2877682371626,0.988946269091424,7.46013302559713,1,58.6701378,-2,-0.95,0.5
-10,15,0,2,-3.14159265358979,3.14159265358979,0,0.17,-0.17,0.17,0.17,-0.392699081698724,0.392699081698724,-0.085,0.085,-0.085,0.085,-0.392699081698724,0.392699081698724,3.88648648648649,1,0,0.11,0,0,54.4477886977887,0.630186784388739,5,0,3.88648648648649,0.700921747558329,1.7,-1.47729479794765,0,0,0.17,-0.123138360004578,0.17,0.170000000025875,-0.392699081698724,0.102568099549679,-0.085,0.085,-0.085,0.085,-0.392699081698724,0.392699081698724,3.88648648648649,1,0,0.11,0,0,40.3700149746496,0.9996885217651,7.44074785807267,1,53.8886317,-2,-1,0.5
-10,15,0,2,-3.14159265358979,3.14159265358979,0,0.17,-0.17,0.17,0.17,-0.392699081698724,0.392699081698724,-0.085,0.085,-0.085,0.085,-0.392699081698724,0.392699081698724,3.82241379310345,1,0,0.11,0,0,53.340013434841,0.630186784388739,5,0,3.82241379310345,0.81996046626923,1.7,-1.60721509124506,0,-7.70371977754894e-34,0.17,-0.0855465041798893,0.17,0.170000000000033,-0.392699081698724,0.128061164738867,-0.085,0.085,-0.085,0.085,-0.392699081698724,0.392699081698724,3.82241379310345,1,0,0.11,0,0,39.6015993313148,0.981820402483337,7.31529543203453,1,70.2851859,-2,-1.05,0.5
-10,15,0,2,-3.14159265358979,3.14159265358979,0,0.17,-0.17,0.17,0.17,-0.392699081698724,0.392699081698724,-0.085,0.085,-0.085,0.085,-0.392699081698724,0.392699081698724,3.76363636363636,1,0,0.11,0,0,52.3264462809917,0.630186784388739,5,0,3.76363636363636,0.786104620739669,1.7,-1.39713218161892,0,0,0.17,-0.101804733998022,0.17,0.170000000000248,-0.392699081698724,0.111507025260612,-0.085,0.085,-0.085,0.085,-0.346116386615767,0.392699081698724,3.76363636363636,1,0,0.11,0,0,38.9484311475,0.993297457402137,7.37856390072082,1,68.717255,-2,-1.1,0.5
-10,15,0,2,-3.14159265358979,3.14159265358979,0,0.17,-0.17,0.17,0.17,-0.392699081698724,0.392699081698724,-0.085,0.085,-0.085,0.085,-0.392699081698724,0.392699081698724,3.70952380952381,1,0,0.11,0,0,51.3955392433653,0.630186784388739,5,0,3.70952380952381,0.871090666478701,1.7,-1.4799968703295,0,-3.69778549322349e-33,0.17,-0.0799540381864244,0.17,0.17000000149696,-0.392699081698724,0.118103861560307,-0.085,0.085,-0.085,0.085,-0.392699081698724,0.390827397942665,3.70952380952381,1,0,0.11,0,0,38.2085965312951,0.976209113108672,7.24622681584736,1,79.3343705,-2,-1.15,0.5
-10,15,0,2,-3.14159265358979,3.14159265358979,0,0.17,-0.17,0.17,0.17,-0.392699081698724,0.392699081698724,-0.085,0.085,-0.085,0.085,-0.392699081698724,0.392699081698724,3.65954198473282,1,0,0.11,0,0,50.537560721721,0.630186784388739,5,0,3.65954198473282,0.839870009115669,1.7,-1.37568247606865,0,-9.86076131526265e-32,0.17,-0.0683682319859908,0.17,0.170000038655289,-0.392699081698724,0.0982040003787392,-0.085,0.085,-0.085,0.085,-0.392699081698724,0.392699081698724,3.65954198473282,1,0,0.11,0,0,37.755604271992,0.988096979170041,7.31266440636476,1,98.2599044,-2,-1.2,0.5
-10,15,0,2,-3.14159265358979,3.14159265358979,0,0.17,-0.17,0.17,0.17,-0.392699081698724,0.392699081698724,-0.085,0.085,-0.085,0.085,-0.392699081698724,0.392699081698724,4.72394366197183,1,0,0.11,0,0,69.2256722151088,0.630186784388739,5,0,4.72394366197183,0.917507029157432,1.7,-1.56961660752953,0,0,0.17,-0.0918654680433015,0.17,0.170000000760373,-0.35941546006184,0.0963805872763513,-0.0806510957287895,0.0836266812563368,-0.085,0.085,-0.2053608080136,0.339729883836458,4.72394366197183,1,0,0.11,0,0,55.8751699887849,0.785120410584439,6.44713499870595,1,79.2988965,-2,-0.6,0.75
-10,15,0,2,-3.14159265358979,3.14159265358979,0,0.17,-0.17,0.17,0.17,-0.392699081698724,0.392699081698724,-0.085,0.085,-0.085,0.085,-0.392699081698724,0.392699081698724,4.57105263157895,1,0,0.11,0,0,66.4838976812661,0.630186784388739,5,0,4.57105263157895,0.881312972487791,1.7,-1.5700615541371,0,0,0.17,-0.115102144285,0.17,0.170000003187678,-0.238814455715796,0.097412028706196,-0.085,0.085,-0.0745358350448125,0.0744378081931982,-0.0750607640509557,0.10648329896937,4.57105263157895,1,0,0.11,0,0,53.1374714591709,0.739049512072606,7.07234441563726,1,11.4238661,-2,-0.65,0.75
-10,15,0,2,-3.14159265358979,3.14159265358979,0,0.17,-0.17,0.17,0.17,-0.392699081698724,0.392699081698724,-0.085,0.085,-0.085,0.085,-0.392699081698724,0.392699081698724,4.43703703703704,1,0,0.11,0,0,64.0974025974026,0.630186784388739,5,0,4.43703703703704,0.890305232764792,1.7,-1.56890422524451,0,4.40141435891558e-19,0.17,-0.126316454049271,0.17,0.170000002260326,-0.262207901693807,0.116264605293641,-0.085,0.0849999999999998,-0.0763863681492336,0.0812993195765913,-0.101868542375355,0.103262883510766,4.43703703703704,1,0,0.11,0,0,49.3566565289039,0.728759234425914,7.15671519669106,1,12.5327905,-2,-0.7,0.75
-10,15,0,2,-3.14159265358979,3.14159265358979,0,0.17,-0.17,0.17,0.17,-0.392699081698724,0.392699081698724,-0.085,0.085,-0.085,0.085,-0.392699081698724,0.392699081698724,4.31860465116279,1,0,0.11,0,0,62.0010570824524,0.630186784388739,5,0,4.31860465116279,0.929243322560955,1.7,-1.56781654296731,0,0,0.17,-0.128900991551469,0.17,0.17,-0.392699081698724,0.0962338090407444,-0.085,0.085,-0.085,0.085,-0.257683416114886,0.218951890576801,4.31860465116279,1,0,0.11,0,0,47.9036557867634,0.704471729151147,7.50490607325959,1,18.0916264,-2,-0.75,0.75
-10,15,0,2,-3.14159265358979,3.14159265358979,0,0.17,-0.17,0.17,0.17,-0.392699081698724,0.392699081698724,-0.085,0.085,-0.085,0.085,-0.392699081698724,0.392699081698724,4.21318681318681,1,0,0.11,0,0,60.1447927072927,0.630186784388739,5,0,4.21318681318681,0.884514775658723,1.7,-1.56444089700678,0,0,0.17,-0.12856616400359,0.17,0.170000000003008,-0.267739019797925,0.146558914413832,-0.085,0.085,-0.0849999673383112,0.085,-0.203504604936377,0.0944461287893201,4.21318681318681,1,0,0.11,0,0,46.2487764581709,0.712905161565486,7.07092404516035,1,28.1418461,-2,-0.8,0.75
-10,15,0,2,-3.14159265358979,3.14159265358979,0,0.17,-0.17,0.17,0.17,-0.392699081698724,0.392699081698724,-0.085,0.085,-0.085,0.085,-0.392699081698724,0.392699081698724,4.11875,1,0,0.11,0,0,58.4894719251337,0.630186784388739,5,0,4.11875,0.768642012897699,1.7,-1.55990981870668,0,0,0.17,-0.110901809119649,0.17,0.17,-0.392699081698724,0.116044956530308,-0.085,0.085,-0.085,0.085,-0.392699081698724,0.392699081698724,4.11875,1,0,0.11,0,0,45.2450573943474,0.694905444062152,7.45129538963159,1,72.5188978,-2,-0.85,0.75
-10,15,0,2,-3.14159265358979,3.14159265358979,0,0.17,-0.17,0.17,0.17,-0.392699081698724,0.392699081698724,-0.085,0.085,-0.085,0.085,-0.392699081698724,0.392699081698724,4.03366336633663,1,0,0.11,0,0,57.0040504050405,0.630186784388739,5,0,4.03366336633663,0.700265264249332,1.7,-1.54571925204542,0,1.24746421336081e-19,0.17,-0.116357716241106,0.17,0.170000000000837,-0.392699081698724,0.106580603089666,-0.085,0.085,-0.085,0.085,-0.368380104437508,0.392699081698724,4.03366336633663,1,0,0.11,0,0,42.7970538950019,0.691221303817315,7.46273627294095,1,53.3823262,-2,-0.9,0.75
-10,15,0,2,-3.14159265358979,3.14159265358979,0,0.17,-0.17,0.17,0.17,-0.392699081698724,0.392699081698724,-0.085,0.085,-0.085,0.085,-0.392699081698724,0.392699081698724,3.95660377358491,1,0,0.11,0,0,55.6635821973459,0.630186784388739,5,0,3.95660377358491,0.802138508196217,1.7,-1.44020703441727,0,0,0.17,-0.112092138609059,0.17,0.17000000000001,-0.392699081698724,0.0974506375119195,-0.085,0.085,-0.085,0.085,-0.392699081698724,0.392699081698724,3.95660377358491,1,0,0.11,0,0,40.5195682661728,0.667655626994685,7.32132983476044,1,99.8427727,-2,-0.95,0.75
-10,15,0,2,-3.14159265358979,3.14159265358979,0,0.17,-0.17,0.17,0.17,-0.392699081698724,0.392699081698724,-0.085,0.085,-0.085,0.085,-0.392699081698724,0.392699081698724,3.88648648648649,1,0,0.11,0,0,54.4477886977887,0.630186784388739,5,0,3.88648648648649,1,1.7,-1.54254463548441,0,0,0.16999999997241,-0.0879069199557388,0.17,0.170000044761685,-0.392699081698724,0.119940701830605,-0.085,0.085,-0.085,0.085,-0.211475760968991,0.151719359495668,3.88648648648649,1,0,0.11,0,0,41.0352048375332,0.68535827929372,7.40242910794716,1,36.1976803,-2,-1,0.75
-10,15,0,2,-3.14159265358979,3.14159265358979,0,0.17,-0.17,0.17,0.17,-0.392699081698724,0.392699081698724,-0.085,0.085,-0.085,0.085,-0.392699081698724,0.392699081698724,3.82241379310345,1,0,0.11,0,0,53.340013434841,0.630186784388739,5,0,3.82241379310345,1,1.7,-1.50600851145517,0,-1.54074395550979e-33,0.17,-0.101730123665701,0.160168077624914,0.170071481951944,-0.359287187898834,0.102046357881643,-0.085,0.085,-0.085,0.085,-0.15725528844323,0.235773263865129,3.82241379310345,1,0,0.11,0,0,38.8655446142261,0.664145108253317,7.2549016613222,1,27.5905972,-2,-1.05,0.75
-10,15,0,2,-3.14159265358979,3.14159265358979,0,0.17,-0.17,0.17,0.17,-0.392699081698724,0.392699081698724,-0.085,0.085,-0.085,0.085,-0.392699081698724,0.392699081698724,3.76363636363636,1,0,0.11,0,0,52.3264462809917,0.630186784388739,5,0,3.76363636363636,0.935334216595342,1.7,-1.50586800482443,0,-1.20370621524202e-35,0.17,-0.0738978493785223,0.17,0.170000000000004,-0.392699081698724,0.0926762032636443,-0.085,0.085,-0.085,0.085,-0.392699081698724,0.392699081698723,3.76363636363636,1,0,0.11,0,0,39.5897084657288,0.680930095487452,7.33875892114713,1,89.1656694,-2,-1.1,0.75
-10,15,0,2,-3.14159265358979,3.14159265358979,0,0.17,-0.17,0.17,0.17,-0.392699081698724,0.392699081698724,-0.085,0.085,-0.085,0.085,-0.392699081698724,0.392699081698724,3.70952380952381,1,0,0.11,0,0,51.3955392433653,0.630186784388739,5,0,3.70952380952381,0.824596060771579,1.7,-1.47736787846479,0.0130719855680575,-1.15555796663234e-33,0.17,-0.0943219987414341,0.17,0.17000000019177,-0.392699081698724,0.0931510410362994,-0.085,0.085,-0.085,0.085,-0.392699081698724,0.392699081698724,3.70952380952381,1,0,0.11,0,0,37.4866664122182,0.661496741152483,7.26057538931384,1,175.3546818,-2,-1.15,0.75
-10,15,0,2,-3.14159265358979,3.14159265358979,0,0.17,-0.17,0.17,0.17,-0.392699081698724,0.392699081698724,-0.085,0.085,-0.085,0.085,-0.392699081698724,0.392699081698724,3.65954198473282,1,0,0.11,0,0,50.537560721721,0.630186784388739,5,0,3.65954198473282,0.864186180669286,1.7,-1.49076931850966,0.00155215496166016,-2.40741243048404e-35,0.17,-0.0707230037639199,0.17,0.170000000018347,-0.392699081698724,0.0891096921622816,-0.085,0.0849999999999996,-0.085,0.085,-0.384331103245819,0.392699081698724,3.65954198473282,1,0,0.11,0,0,38.3821409701168,0.677489205034614,7.27240565749581,1,122.1276406,-2,-1.2,0.75
-10,15,0,2,-3.14159265358979,3.14159265358979,0,0.17,-0.17,0.17,0.17,-0.392699081698724,0.392699081698724,-0.085,0.085,-0.085,0.085,-0.392699081698724,0.392699081698724,4.72394366197183,1,0,0.11,0,0,69.2256722151088,0.630186784388739,5,0,4.72394366197183,0.868651035942266,1.7,-1.58087693486573,0.0251899613823795,-7.70371977754894e-34,0.17,-0.121477293513729,0.17,0.170000077212229,-0.38892100817561,0.392699081698724,-0.0794254914141674,0.083789415728789,-0.0666163640919124,0.0578163434671533,-0.354723712730008,0.275450465842367,4.72394366197183,1,0,0.11,0,0,56.4485236462362,0.494521710976735,7.03435448514636,1,17.6322508,-2,-0.6,1
-10,15,0,2,-3.14159265358979,3.14159265358979,0,0.17,-0.17,0.17,0.17,-0.392699081698724,0.392699081698724,-0.085,0.085,-0.085,0.085,-0.392699081698724,0.392699081698724,4.57105263157895,1,0,0.11,0,0,66.4838976812661,0.630186784388739,5,0,4.57105263157895,0.984687229444934,1.7,-1.57125117672605,0.00535357505519611,0,0.17,-0.115302858259399,0.17,0.170000023972836,-0.197214150857424,0.126104886230049,-0.085,0.085,-0.085,0.085,-0.104399321370046,0.123502433803576,4.57105263157895,1,0,0.11,0,0,52.490130452718,0.43853815048551,6.82371695885334,1,16.2496493,-2,-0.65,1
-10,15,0,2,-3.14159265358979,3.14159265358979,0,0.17,-0.17,0.17,0.17,-0.392699081698724,0.392699081698724,-0.085,0.085,-0.085,0.085,-0.392699081698724,0.392699081698724,4.43703703703704,1,0,0.11,0,0,64.0974025974026,0.630186784388739,5,0,4.43703703703704,1,1.7,-1.50194583122076,0,0,0.17,-0.11193833481382,0.17,0.170000000000135,-0.32848400560297,0.142518480569439,-0.085,0.085,-0.085,0.085,-0.325228698193703,0.337723155187611,4.43703703703704,1,0,0.11,0,0,48.7567463714775,0.430755315065933,6.82594449200686,1,16.5626805,-2,-0.7,1
-10,15,0,2,-3.14159265358979,3.14159265358979,0,0.17,-0.17,0.17,0.17,-0.392699081698724,0.392699081698724,-0.085,0.085,-0.085,0.085,-0.392699081698724,0.392699081698724,4.31860465116279,1,0,0.11,0,0,62.0010570824524,0.630186784388739,5,0,4.31860465116279,1,1.7,-1.57697077075944,0,-2.46519032881566e-32,0.17,-0.100200521177981,0.17,0.170000011671767,-0.291831349808856,0.174589476276901,-0.085,0.085,-0.085,0.085,-0.199152160313708,0.304886723312017,4.31860465116279,1,0,0.11,0,0,48.3991263552132,0.421793038683515,7.09853853209793,1,19.7659172,-2,-0.75,1
-10,15,0,2,-3.14159265358979,3.14159265358979,0,0.17,-0.17,0.17,0.17,-0.392699081698724,0.392699081698724,-0.085,0.085,-0.085,0.085,-0.392699081698724,0.392699081698724,4.21318681318681,1,0,0.11,0,0,60.1447927072927,0.630186784388739,5,0,4.21318681318681,1,1.7,-1.56718502975971,0.00455120776742622,-4.0444528832132e-33,0.17,-0.116524964726996,0.17,0.170000000090753,-0.329327715684062,0.112996176250454,-0.085,0.085,-0.085,0.0849999999999998,-0.114978716097485,0.153301805378205,4.21318681318681,1,0,0.11,0,0,45.6774292601418,0.41956960615621,6.9023670881992,1,22.3049639,-2,-0.8,1
-10,15,0,2,-3.14159265358979,3.14159265358979,0,0.17,-0.17,0.17,0.17,-0.392699081698724,0.392699081698724,-0.085,0.085,-0.085,0.085,-0.392699081698724,0.392699081698724,4.11875,1,0,0.11,0,0,58.4894719251337,0.630186784388739,5,0,4.11875,1,1.7,-1.56622179803049,0,0,0.17,-0.109911817090313,0.17,0.170000000029842,-0.338024593225567,0.0924362194778009,-0.085,0.0849999999999999,-0.085,0.085,-0.114469929452305,0.141824676379751,4.11875,1,0,0.11,0,0,45.8339222585432,0.415648461553966,6.89896017329114,1,31.0610782,-2,-0.85,1
-10,15,0,2,-3.14159265358979,3.14159265358979,0,0.17,-0.17,0.17,0.17,-0.392699081698724,0.392699081698724,-0.085,0.085,-0.085,0.085,-0.392699081698724,0.392699081698724,4.03366336633663,1,0,0.11,0,0,57.0040504050405,0.630186784388739,5,0,4.03366336633663,1,1.7,-1.5593284762114,0,0,0.17,-0.0920431998660464,0.17,0.170000000002519,-0.392699081698724,0.114398949897082,-0.085,0.085,-0.085,0.085,-0.13064237893452,0.213090135425748,4.03366336633663,1,0,0.11,0,0,43.2386563581818,0.412350927397717,7.1343782991,1,48.876136,-2,-0.9,1
-10,15,0,2,-3.14159265358979,3.14159265358979,0,0.17,-0.17,0.17,0.17,-0.392699081698724,0.392699081698724,-0.085,0.085,-0.085,0.085,-0.392699081698724,0.392699081698724,3.95660377358491,1,0,0.11,0,0,55.6635821973459,0.630186784388739,5,0,3.95660377358491,0.970186115155423,1.7,-1.46693123382429,0.0126078458379645,0,0.17,-0.107129296700289,0.17,0.170000000008909,-0.372945645435581,0.117437220882688,-0.0849999999999997,0.085,-0.085,0.085,-0.154639376425308,0.295591286002908,3.95660377358491,1,0,0.11,0,0,40.0705589056902,0.400031858715371,6.94163505748574,1,57.7515083,-2,-0.95,1
-10,15,0,2,-3.14159265358979,3.14159265358979,0,0.17,-0.17,0.17,0.17,-0.392699081698724,0.392699081698724,-0.085,0.085,-0.085,0.085,-0.392699081698724,0.392699081698724,3.88648648648649,1,0,0.11,0,0,54.4477886977887,0.630186784388739,5,0,3.88648648648649,0.988876618470881,1.7,-1.5261993831904,0.00827571329393791,4.09515791020736e-19,0.17,-0.0884259852025954,0.17,0.170000000000162,-0.314727293413946,0.127022841120288,-0.0849999999999999,0.085,-0.085,0.085,-0.114216853359583,0.131853178026647,3.88648648648649,1,0,0.11,0,0,41.381012340686,0.408257489603709,6.97797462999804,1,55.0607816,-2,-1,1
-10,15,0,2,-3.14159265358979,3.14159265358979,0,0.17,-0.17,0.17,0.17,-0.392699081698724,0.392699081698724,-0.085,0.085,-0.085,0.085,-0.392699081698724,0.392699081698724,3.82241379310345,1,0,0.11,0,0,53.340013434841,0.630186784388739,5,0,3.82241379310345,1,1.7,-1.43083384027775,0.0015762851078984,0,0.17,-0.0963523362923469,0.17,0.170000000568892,-0.304691004809727,0.139224871940468,-0.085,0.085,-0.085,0.085,-0.254571508962582,0.19862029708815,3.82241379310345,1,0,0.11,0,0,38.517933576998,0.400324596206261,6.96532632184047,1,63.8801875,-2,-1.05,1
-10,15,0,2,-3.14159265358979,3.14159265358979,0,0.17,-0.17,0.17,0.17,-0.392699081698724,0.392699081698724,-0.085,0.085,-0.085,0.085,-0.392699081698724,0.392699081698724,3.76363636363636,1,0,0.11,0,0,52.3264462809917,0.630186784388739,5,0,3.76363636363636,1,1.7,-1.47975818127012,0,0,0.17,-0.0865880897923768,0.17,0.170000000000023,-0.302860788185248,0.135118569682458,-0.085,0.085,-0.085,0.085,-0.153739476972596,0.127906579452208,3.76363636363636,1,0,0.11,0,0,39.8446172232743,0.405467004345017,6.98018664689213,1,77.5061663,-2,-1.1,1
-10,15,0,2,-3.14159265358979,3.14159265358979,0,0.17,-0.17,0.17,0.17,-0.392699081698724,0.392699081698724,-0.085,0.085,-0.085,0.085,-0.392699081698724,0.392699081698724,3.70952380952381,1,0,0.11,0,0,51.3955392433653,0.630186784388739,5,0,3.70952380952381,1,1.7,-1.35153823040932,0.000321341610805901,1.54074395550978e-34,0.17,-0.108322470328379,0.17,0.170000000006389,-0.333569269461331,0.119282472884422,-0.0849999999999997,0.085,-0.085,0.085,-0.207901320254784,0.198994337002678,3.70952380952381,1,0,0.11,0,0,37.2398086046584,0.400767045215359,6.98736408818985,1,67.7256124,-2,-1.15,1
-10,15,0,2,-3.14159265358979,3.14159265358979,0,0.17,-0.17,0.17,0.17,-0.392699081698724,0.392699081698724,-0.085,0.085,-0.085,0.085,-0.392699081698724,0.392699081698724,3.65954198473282,1,0,0.11,0,0,50.537560721721,0.630186784388739,5,0,3.65954198473282,1,1.7,-1.41034100213938,0,0,0.17,-0.124605294741089,0.17,0.17000000121842,-0.282173595207354,0.131057173960428,-0.085,0.085,-0.085,0.0830994785517155,-0.226161741924605,0.132401003672719,3.65954198473282,1,0,0.11,0,0,38.7772416319228,0.40441550791823,7.10235794100481,1,63.4489695,-2,-1.2,1
-10,15,0,2,-3.14159265358979,3.14159265358979,0,0.17,-0.17,0.17,0.17,-0.392699081698724,0.392699081698724,-0.085,0.085,-0.085,0.085,-0.392699081698724,0.392699081698724,4.72394366197183,1,0,0.11,0,0,69.2256722151088,0.630186784388739,5,0,4.72394366197183,0.3,1.08251543723658,0,1.57220161262602,0,0.17,-0.17,0.0982366743638464,0.170000001696864,-0.096405773326179,0.35386215517322,-0.0840691255765515,0.0741406811894387,-0.085,0.085,-0.385799181642247,0.178305286932126,4.72394366197183,1,0,0.11,0,0,55.8751709564112,0.785120139811522,6.53309691182654,1,12.072655,-2,-0.6,1.25
-10,15,0,2,-3.14159265358979,3.14159265358979,0,0.17,-0.17,0.17,0.17,-0.392699081698724,0.392699081698724,-0.085,0.085,-0.085,0.085,-0.392699081698724,0.392699081698724,4.57105263157895,1,0,0.11,0,0,66.4838976812661,0.630186784388739,5,0,4.57105263157895,0.3,1.11836786792319,0,1.57006141133808,-5.39260384428426e-33,0.17,-0.17,0.114334880372497,0.17000000699392,-0.0972856911959318,0.238905117851229,-0.0849999999999999,0.085,-0.0744730085609603,0.075987530047874,-0.106489021475761,0.0752642842027079,4.57105263157895,1,0,0.11,0,0,53.1374714591709,0.739049512072606,7.07234441563726,1,12.2964761,-2,-0.65,1.25
-10,15,0,2,-3.14159265358979,3.14159265358979,0,0.17,-0.17,0.17,0.17,-0.392699081698724,0.392699081698724,-0.085,0.085,-0.085,0.085,-0.392699081698724,0.392699081698724,4.43703703703704,1,0,0.11,0,0,64.0974025974026,0.630186784388739,5,0,4.43703703703704,0.3,1.07699069309458,0,1.5711694383852,-1.07852076885685e-32,0.17,-0.17,0.115015403119453,0.170000065446189,-0.119779292748623,0.244783501440165,-0.0849999999999998,0.0849999999999999,-0.0840599914157889,0.0843855533122259,-0.0925574144288322,0.126543016525943,4.43703703703704,1,0,0.11,0,0,49.3566565289039,0.728759234425913,7.07445410247622,1,11.1494394,-2,-0.7,1.25
-10,15,0,2,-3.14159265358979,3.14159265358979,0,0.17,-0.17,0.17,0.17,-0.392699081698724,0.392699081698724,-0.085,0.085,-0.085,0.085,-0.392699081698724,0.392699081698724,4.31860465116279,1,0,0.11,0,0,62.0010570824524,0.630186784388739,5,0,4.31860465116279,0.3,1.07261077475343,0,1.56784716531412,0,0.17,-0.17,0.129884365942525,0.170000009577113,-0.096233890840476,0.392699081698724,-0.085,0.085,-0.085,0.085,-0.219929489218242,0.258908813251918,4.31860465116279,1,0,0.11,0,0,47.9036557867641,0.704471729151155,7.50490607325971,1,19.5498919,-2,-0.75,1.25
-10,15,0,2,-3.14159265358979,3.14159265358979,0,0.17,-0.17,0.17,0.17,-0.392699081698724,0.392699081698724,-0.085,0.085,-0.085,0.085,-0.392699081698724,0.392699081698724,4.21318681318681,1,0,0.11,0,0,60.1447927072927,0.630186784388739,5,0,4.21318681318681,0.3,1.04081118667239,0,1.56415420285739,2.92461928156136e-18,0.17,-0.17,0.124459658263045,0.170000000000177,-0.133843009215028,0.275365494228849,-0.085,0.085,-0.085,0.085,-0.124370182640744,0.203834346707032,4.21318681318681,1,0,0.11,0,0,46.2487764581669,0.71290516156543,7.07092404515973,1,16.9104134,-2,-0.8,1.25
-10,15,0,2,-3.14159265358979,3.14159265358979,0,0.17,-0.17,0.17,0.17,-0.392699081698724,0.392699081698724,-0.085,0.085,-0.085,0.085,-0.392699081698724,0.392699081698724,4.11875,1,0,0.11,0,0,58.4894719251337,0.630186784388739,5,0,4.11875,0.3,1.22283261854911,0,1.55987905324414,0,0.17,-0.17,0.110247302552249,0.170000000001943,-0.113563920581999,0.392699081698724,-0.085,0.085,-0.085,0.085,-0.392699081698724,0.392699081698724,4.11875,1,0,0.11,0,0,45.2450573943473,0.69490544406215,7.45129538963157,1,56.3447881,-2,-0.85,1.25
-10,15,0,2,-3.14159265358979,3.14159265358979,0,0.17,-0.17,0.17,0.17,-0.392699081698724,0.392699081698724,-0.085,0.085,-0.085,0.085,-0.392699081698724,0.392699081698724,4.03366336633663,1,0,0.11,0,0,57.0040504050405,0.630186784388739,5,0,4.03366336633663,0.3,1.25247948859004,0,1.54581021410181,0,0.17,-0.17,0.116380374160593,0.170000000000007,-0.105279471635048,0.392699081698724,-0.085,0.085,-0.085,0.085,-0.392699081698724,0.367672586592575,4.03366336633663,1,0,0.11,0,0,42.797053894999,0.691221303817287,7.46273627294045,1,54.8946874,-2,-0.9,1.25
-10,15,0,2,-3.14159265358979,3.14159265358979,0,0.17,-0.17,0.17,0.17,-0.392699081698724,0.392699081698724,-0.085,0.085,-0.085,0.085,-0.392699081698724,0.392699081698724,3.95660377358491,1,0,0.11,0,0,55.6635821973459,0.630186784388739,5,0,3.95660377358491,0.3,1.21380898624452,0,1.42457965692634,-1.23259516440783e-32,0.17,-0.17,0.118994765554344,0.170000000003825,-0.0974211648747201,0.349300350091879,-0.085,0.085,-0.085,0.085,-0.333455289246831,0.337082149272809,3.95660377358491,1,0,0.11,0,0,40.519568266173,0.667655626994686,7.09489695327303,1,61.0960721,-2,-0.95,1.25
-10,15,0,2,-3.14159265358979,3.14159265358979,0,0.17,-0.17,0.17,0.17,-0.392699081698724,0.392699081698724,-0.085,0.085,-0.085,0.085,-0.392699081698724,0.392699081698724,3.88648648648649,1,0,0.11,0,0,54.4477886977887,0.630186784388739,5,0,3.88648648648649,0.3,1.01951372800082,0,1.53692348398731,-6.16297582203915e-33,0.17,-0.17,0.0876094443361516,0.170000005117197,-0.116616871784443,0.392699081698724,-0.0849999999999999,0.085,-0.0849999999999999,0.085,-0.19364438678381,0.168746232256492,3.88648648648649,1,0,0.11,0,0,41.0352048370075,0.685358279310027,7.40242910785234,1,41.3698731,-2,-1,1.25
-10,15,0,2,-3.14159265358979,3.14159265358979,0,0.17,-0.17,0.17,0.17,-0.392699081698724,0.392699081698724,-0.085,0.085,-0.085,0.085,-0.392699081698724,0.392699081698724,3.82241379310345,1,0,0.11,0,0,53.340013434841,0.630186784388739,5,0,3.82241379310345,0.3,1.23210035884439,0,1.39083725603855,-3.08148791101958e-33,0.17,-0.17,0.114924163900827,0.170000000000113,-0.0956288911607543,0.392699081698724,-0.0849999999999999,0.085,-0.085,0.085,-0.392699081698724,0.311906307010097,3.82241379310345,1,0,0.11,0,0,38.8655446142252,0.664145121472411,7.25490166132203,1,130.8652907,-2,-1.05,1.25
-10,15,0,2,-3.14159265358979,3.14159265358979,0,0.17,-0.17,0.17,0.17,-0.392699081698724,0.392699081698724,-0.085,0.085,-0.085,0.085,-0.392699081698724,0.392699081698724,3.76363636363636,1,0,0.11,0,0,52.3264462809917,0.630186784388739,5,0,3.76363636363636,0.3,1,0,1.47364593049896,0,0.17,-0.17,0.0739423307654183,0.170000000002597,-0.0912083133091795,0.392699081698724,-0.085,0.085,-0.085,0.085,-0.392699081698724,0.331775858192834,3.76363636363636,1,0,0.11,0,0,39.58970846573,0.680930095487459,7.41940462357755,1,84.8027738,-2,-1.1,1.25
-10,15,0,2,-3.14159265358979,3.14159265358979,0,0.17,-0.17,0.17,0.17,-0.392699081698724,0.392699081698724,-0.085,0.085,-0.085,0.085,-0.392699081698724,0.392699081698724,3.70952380952381,1,0,0.11,0,0,51.3955392433653,0.630186784388739,5,0,3.70952380952381,0.3,1.13873426259888,0,1.55015442191615,0,0.17,-0.17,0.10037279765017,0.170000000891167,-0.0931742580278729,0.392699081698724,-0.085,0.085,-0.085,0.085,-0.392699081698724,0.392699081698724,3.70952380952381,1,0,0.11,0,0,37.4866664122186,0.661496741152485,7.26057538931392,1,143.0438,-2,-1.15,1.25
-10,15,0,2,-3.14159265358979,3.14159265358979,0,0.17,-0.17,0.17,0.17,-0.392699081698724,0.392699081698724,-0.085,0.085,-0.085,0.085,-0.392699081698724,0.392699081698724,3.65954198473282,1,0,0.11,0,0,50.537560721721,0.630186784388739,5,0,3.65954198473282,0.3,1,0,1.48610470229502,0,0.17,-0.17,0.0776757937251138,0.170000392175689,-0.0891884153209265,0.392699081698724,-0.085,0.085,-0.085,0.085,-0.176444411962223,0.182173309286349,3.65954198473282,1,0,0.11,0,0,38.3821409701166,0.677489205034616,7.27240565749578,1,52.4348163,-2,-1.2,1.25
-10,15,0,2,-3.14159265358979,3.14159265358979,0,0.17,-0.17,0.17,0.17,-0.392699081698724,0.392699081698724,-0.085,0.085,-0.085,0.085,-0.392699081698724,0.392699081698724,4.72394366197183,1,0,0.11,0,0,69.2256722151088,0.630186784388739,5,0,4.72394366197183,0.3,1.07193890549645,0,1.56601375043263,-3.85185988877447e-34,0.17,-0.17,0.0950164562569375,0.170000000004557,-0.0998428612215966,0.300682275137589,-0.0840108699391981,0.080957577613696,-0.085,0.085,-0.224141902484324,0.146214221837501,4.72394366197183,1,0,0.11,0,0,54.9734042553192,1.11935976544365,7.35797872340426,1,7.8636448,-2,-0.6,1.5
-10,15,0,2,-3.14159265358979,3.14159265358979,0,0.17,-0.17,0.17,0.17,-0.392699081698724,0.392699081698724,-0.085,0.085,-0.085,0.085,-0.392699081698724,0.392699081698724,4.57105263157895,1,0,0.11,0,0,66.4838976812661,0.630186784388739,5,0,4.57105263157895,0.3,1.14126300080864,0,1.57006405763669,0,0.17,-0.17,0.114621073944115,0.170000001346536,-0.0945885030642415,0.264689622662408,-0.085,0.085,-0.085,0.0835421209844028,-0.126838509194981,0.345956098876755,4.57105263157895,1,0,0.11,0,0,54.1561453712445,1.09558437367358,7.29173814462828,1,16.1258339,-2,-0.65,1.5
-10,15,0,2,-3.14159265358979,3.14159265358979,0,0.17,-0.17,0.17,0.17,-0.392699081698724,0.392699081698724,-0.085,0.085,-0.085,0.085,-0.392699081698724,0.392699081698724,4.43703703703704,1,0,0.11,0,0,64.0974025974026,0.630186784388739,5,0,4.43703703703704,0.3,1.15383951778899,0,1.56707833069173,0,0.17,-0.17,0.115671675844733,0.17000000002416,-0.110445317306153,0.309970092529975,-0.085,0.085,-0.085,0.0844647761547037,-0.173892062222089,0.182109780424776,4.43703703703704,1,0,0.11,0,0,50.3006214019494,1.08212983880967,7.37742447228591,1,10.2175454,-2,-0.7,1.5
-10,15,0,2,-3.14159265358979,3.14159265358979,0,0.17,-0.17,0.17,0.17,-0.392699081698724,0.392699081698724,-0.085,0.085,-0.085,0.085,-0.392699081698724,0.392699081698724,4.31860465116279,1,0,0.11,0,0,62.0010570824524,0.630186784388739,5,0,4.31860465116279,0.3,1.49245834025695,0,1.62731464526367,0,0.17,-0.17,0.16317115213064,0.170000000000372,-0.11653864800154,0.392699081698724,-0.085,0.085,-0.085,0.085,-0.392699081698724,0.392699081698724,4.31860465116279,1,0,0.11,0,0,47.1245452188101,1.02535022789044,7.61846814370764,1,31.9445834,-2,-0.75,1.5
-10,15,0,2,-3.14159265358979,3.14159265358979,0,0.17,-0.17,0.17,0.17,-0.392699081698724,0.392699081698724,-0.085,0.085,-0.085,0.085,-0.392699081698724,0.392699081698724,4.21318681318681,1,0,0.11,0,0,60.1447927072927,0.630186784388739,5,0,4.21318681318681,0.3,1.07011634391648,0,1.57025613235236,0,0.17,-0.17,0.116529251035809,0.170000000000564,-0.118438936072157,0.365728870415464,-0.085,0.085,-0.085,0.085,-0.239098273406913,0.230131211388663,4.21318681318681,1,0,0.11,0,0,47.1482858321103,1.0609219268247,7.37608738351237,1,16.5991708,-2,-0.8,1.5
-10,15,0,2,-3.14159265358979,3.14159265358979,0,0.17,-0.17,0.17,0.17,-0.392699081698724,0.392699081698724,-0.085,0.085,-0.085,0.085,-0.392699081698724,0.392699081698724,4.11875,1,0,0.11,0,0,58.4894719251337,0.630186784388739,5,0,4.11875,0.3,1.41392648301305,0,1.57969829419181,-7.70371977754892e-35,0.17,-0.17,0.151152650708603,0.170000000000615,-0.0953055249997201,0.392699081698724,-0.085,0.085,-0.085,0.085,-0.392699081698724,0.390024562252678,4.11875,1,0,0.11,0,0,44.5104167650265,1.01283225319143,7.48795032036643,1,47.6662204,-2,-0.85,1.5
-10,15,0,2,-3.14159265358979,3.14159265358979,0,0.17,-0.17,0.17,0.17,-0.392699081698724,0.392699081698724,-0.085,0.085,-0.085,0.085,-0.392699081698724,0.392699081698724,4.03366336633663,1,0,0.11,0,0,57.0040504050405,0.630186784388739,5,0,4.03366336633663,0.3,1.32473588170435,0,1.56113680506467,2.60514003787896e-20,0.17,-0.17,0.126490843855442,0.170000000208497,-0.116161452281445,0.392699081698724,-0.085,0.085,-0.085,0.0849999999999997,-0.392248447075774,0.392699081698724,4.03366336633663,1,0,0.11,0,0,42.1026051243496,1.00784953716039,7.49952653777478,1,45.1472765,-2,-0.9,1.5
-10,15,0,2,-3.14159265358979,3.14159265358979,0,0.17,-0.17,0.17,0.17,-0.392699081698724,0.392699081698724,-0.085,0.085,-0.085,0.085,-0.392699081698724,0.392699081698724,3.95660377358491,1,0,0.11,0,0,55.6635821973459,0.630186784388739,5,0,3.95660377358491,0.3,1.23642265131795,0,1.79612501292044,0,0.17,-0.17,0.103678899841698,0.170000000030953,-0.128212758320074,0.392699081698724,-0.085,0.085,-0.085,0.085,-0.392699081698724,0.392699081698724,3.95660377358491,1,0,0.11,0,0,41.2877682371601,0.988946269091395,7.46013302559667,1,58.2572555,-2,-0.95,1.5
-10,15,0,2,-3.14159265358979,3.14159265358979,0,0.17,-0.17,0.17,0.17,-0.392699081698724,0.392699081698724,-0.085,0.085,-0.085,0.085,-0.392699081698724,0.392699081698724,3.88648648648649,1,0,0.11,0,0,54.4477886977887,0.630186784388739,5,0,3.88648648648649,0.3,1.27249539597318,0,1.53584664042658,0,0.17,-0.17,0.101829342313358,0.170000000014496,-0.110458597989349,0.392699081698724,-0.085,0.085,-0.085,0.085,-0.392699081698724,0.392699081698724,3.88648648648649,1,0,0.11,0,0,40.3700149746498,0.999688521765102,7.44074785807271,1,51.4860559,-2,-1,1.5
-10,15,0,2,-3.14159265358979,3.14159265358979,0,0.17,-0.17,0.17,0.17,-0.392699081698724,0.392699081698724,-0.085,0.085,-0.085,0.085,-0.392699081698724,0.392699081698724,3.82241379310345,1,0,0.11,0,0,53.340013434841,0.630186784388739,5,0,3.82241379310345,0.3,1.19345721633062,0,1.60631095219912,0,0.17,-0.17,0.0861089163047946,0.170000000000394,-0.129028651948911,0.392699081698724,-0.085,0.085,-0.085,0.085,-0.392699081698724,0.392699081698724,3.82241379310345,1,0,0.11,0,0,39.6015993313145,0.981820402483334,7.31529543203448,1,59.190618,-2,-1.05,1.5
-10,15,0,2,-3.14159265358979,3.14159265358979,0,0.17,-0.17,0.17,0.17,-0.392699081698724,0.392699081698724,-0.085,0.085,-0.085,0.085,-0.392699081698724,0.392699081698724,3.76363636363636,1,0,0.11,0,0,52.3264462809917,0.630186784388739,5,0,3.76363636363636,0.3,1.24679645821554,0,1.41018063549739,1.58371971024847e-20,0.17,-0.17,0.117923085476529,0.17000000000056,-0.104131202539751,0.392699081698724,-0.085,0.085,-0.085,0.085,-0.392699081698724,0.392699081698724,3.76363636363636,1,0,0.11,0,0,38.9484311474995,0.993297457402132,7.37856390072074,1,76.0202719,-2,-1.1,1.5
-10,15,0,2,-3.14159265358979,3.14159265358979,0,0.17,-0.17,0.17,0.17,-0.392699081698724,0.392699081698724,-0.085,0.085,-0.085,0.085,-0.392699081698724,0.392699081698724,3.70952380952381,1,0,0.11,0,0,51.3955392433653,0.630186784388739,5,0,3.70952380952381,0.3,1.15996896106402,0,1.45626072344045,0,0.17,-0.17,0.0793733888966442,0.170000000012663,-0.122960033708123,0.392699081698724,-0.085,0.085,-0.085,0.085,-0.392699081698724,0.392699081698724,3.70952380952381,1,0,0.11,0,0,38.2085965312945,0.976209113108665,7.24622681584726,1,84.2417421,-2,-1.15,1.5
-10,15,0,2,-3.14159265358979,3.14159265358979,0,0.17,-0.17,0.17,0.17,-0.392699081698724,0.392699081698724,-0.085,0.085,-0.085,0.085,-0.392699081698724,0.392699081698724,3.65954198473282,1,0,0.11,0,0,50.537560721721,0.630186784388739,5,0,3.65954198473282,0.3,1,0,1.39276934092056,0,0.169999999988012,-0.17,0.0733546350693235,0.170000018537981,-0.101992376546488,0.392699081698724,-0.085,0.085,-0.085,0.085,-0.371015420062681,0.354465307443527,3.65954198473282,1,0,0.11,0,0,37.7556042723819,0.988096979165027,7.31266440644028,1,41.1769126,-2,-1.2,1.5
-10,15,0,2,-3.14159265358979,3.14159265358979,0,0.17,-0.17,0.17,0.17,-0.392699081698724,0.392699081698724,-0.085,0.085,-0.085,0.085,-0.392699081698724,0.392699081698724,4.72394366197183,1,0,0.11,0,0,69.2256722151088,0.630186784388739,5,4.04124475325575e-21,4.72394366197183,0.3,1.44293143619602,7.85447972520758e-21,3.10157167701335,-1.54344071659442e-20,0.168703423462863,-0.17,0.17,0.17,-0.392699081698724,0.392699081698724,-0.085,0.085,-0.085,0.085,-0.392699081698724,0.392699081698724,4.72394366197183,1,7.85447972520758e-21,0.11,-3.88757997903638e-21,-2.19690279987118e-21,51.4401330401561,1.2,15.1154852471843,1,4.8617886,2,-0.6,1.75
-10,15,0,2,-3.14159265358979,3.14159265358979,0,0.17,-0.17,0.17,0.17,-0.392699081698724,0.392699081698724,-0.085,0.085,-0.085,0.085,-0.392699081698724,0.392699081698724,4.57105263157895,1,0,0.11,0,0,66.4838976812661,0.630186784388739,5,2.50477634206504e-20,4.57105263157895,0.3,1.41961806219275,1.14282969746487e-20,3.10730402633496,-1.84144199413692e-20,0.169427928028463,-0.17,0.17,0.17,-0.392699081698724,0.392699081698724,-0.085,0.085,-0.085,0.085,-0.392699081698724,0.392699081698724,4.57105263157895,1,1.14282969746487e-20,0.11,2.22921445837396e-20,-6.15370940408963e-21,52.0789074443556,1.2,15.6360719731744,1,6.490238,2,-0.65,1.75
-10,15,0,2,-3.14159265358979,3.14159265358979,0,0.17,-0.17,0.17,0.17,-0.392699081698724,0.392699081698724,-0.085,0.085,-0.085,0.085,-0.392699081698724,0.392699081698724,4.43703703703704,1,0,0.11,0,0,64.0974025974026,0.630186784388739,5,-1.85770580050163e-20,4.43703703703704,0.3,1.26922756258343,3.83389366611056e-21,3.08904341683825,-1.80906088202625e-21,0.169462266545345,-0.17,0.17,0.17,-0.392699081698724,0.392699081698724,-0.085,0.085,-0.085,0.085,-0.392699081698724,0.392699081698724,4.43703703703704,1,3.83389366611056e-21,0.11,5.47242936498119e-22,-7.27572627326692e-22,48.217017736617,1.2,15.5098073719451,1,6.3448779,2,-0.7,1.75
-10,15,0,2,-3.14159265358979,3.14159265358979,0,0.17,-0.17,0.17,0.17,-0.392699081698724,0.392699081698724,-0.085,0.085,-0.085,0.085,-0.392699081698724,0.392699081698724,4.31860465116279,1,0,0.11,0,0,62.0010570824524,0.630186784388739,5,-1.88957009403277e-22,4.31860465116279,0.3,1.23346793622765,-0.0508740420196439,3.08887223681787,-5.05542688521979e-22,0.169422429339432,-0.17,0.17,0.170000000000017,-0.392699081698724,0.392699081698724,-0.085,0.085,-0.085,0.085,-0.392699081698724,0.392699081698724,4.31860465116279,1,-1.8028060999651e-22,0.11,1.65844762872672e-22,-3.32917843449809e-22,43.7980236111906,1.2,15.3293082639167,1,7.6667667,2,-0.75,1.75
-10,15,0,2,-3.14159265358979,3.14159265358979,0,0.17,-0.17,0.17,0.17,-0.392699081698724,0.392699081698724,-0.085,0.085,-0.085,0.085,-0.392699081698724,0.392699081698724,4.21318681318681,1,0,0.11,0,0,60.1447927072927,0.630186784388739,5,1.68527707910408e-20,4.21318681318681,0.3,1.39037682394058,-0.221372420645262,3.12769422397626,-1.52353280532385e-20,0.16841456663212,-0.17,0.17,0.170000000000001,-0.391877725228819,0.392699081698724,-0.085,0.085,-0.085,0.085,-0.392699081698724,0.392699081698724,4.21318681318681,1,-1.54281089937548e-20,0.11,1.66606384394668e-21,1.33924911880789e-20,46.1141010302389,1.2,15.7402798183215,1,10.2340857,2,-0.8,1.75
-10,15,0,2,-3.14159265358979,3.14159265358979,0,0.17,-0.17,0.17,0.17,-0.392699081698724,0.392699081698724,-0.085,0.085,-0.085,0.085,-0.392699081698724,0.392699081698724,4.11875,1,0,0.11,0,0,58.4894719251337,0.630186784388739,5,0,4.11875,0.3,1.21190864597366,0,3.10255830801477,3.23795243082326e-23,0.169703842285684,-0.17,0.17,0.170000000016717,-0.392699081698724,0.392699081698724,-0.085,0.085,-0.085,0.085,-0.392699081698724,0.392699081698724,4.11875,1,0,0.11,0,0,41.825115500772,1.20058168952498,15.5537148268496,1,7.6870769,-2,-0.85,1.75
-10,15,0,2,-3.14159265358979,3.14159265358979,0,0.17,-0.17,0.17,0.17,-0.392699081698724,0.392699081698724,-0.085,0.085,-0.085,0.085,-0.392699081698724,0.392699081698724,4.03366336633663,1,0,0.11,0,0,57.0040504050405,0.630186784388739,5,0,4.03366336633663,0.3,1.13589706270319,0,3.13301192423191,0,0.169999701405771,-0.17,0.17,0.17000000002112,-0.392699081698724,0.392699081698724,-0.085,0.085,-0.085,0.085,-0.392699081698724,0.381335049057118,4.03366336633663,1,0,0.11,0,0,39.6406462411957,1.2,15.4598520340663,1,7.8534272,-2,-0.9,1.75
-10,15,0,2,-3.14159265358979,3.14159265358979,0,0.17,-0.17,0.17,0.17,-0.392699081698724,0.392699081698724,-0.085,0.085,-0.085,0.085,-0.392699081698724,0.392699081698724,3.95660377358491,1,0,0.11,0,0,55.6635821973459,0.630186784388739,5,0,3.95660377358491,0.3,1.19654161894828,0,3.12566120036073,6.44229989379303e-23,0.169514774280574,-0.17,0.17,0.170000000007401,-0.392699081698724,0.392699081698724,-0.085,0.085,-0.085,0.085,-0.392699081698724,0.392699081698724,3.95660377358491,1,0,0.11,0,0,40.0862959250565,1.22272442768947,15.6808157589191,1,8.1882565,-2,-0.95,1.75
-10,15,0,2,-3.14159265358979,3.14159265358979,0,0.17,-0.17,0.17,0.17,-0.392699081698724,0.392699081698724,-0.085,0.085,-0.085,0.085,-0.392699081698724,0.392699081698724,3.88648648648649,1,0,0.11,0,0,54.4477886977887,0.630186784388739,5,-3.23303743191905e-21,3.88648648648649,0.3,1.17287224753761,-0.0607157106631167,3.12431124442842,-2.61255534023224e-21,0.169591929166851,-0.17,0.17,0.17,-0.392699081698724,0.392699081698724,-0.085,0.085,-0.085,0.085,-0.392699081698724,0.392699081698724,3.88648648648649,1,-2.19690096634206e-21,0.11,4.70385846669633e-23,2.95977100948226e-22,38.2540162743158,1.2,15.601638009917,1,13.0107813,2,-1,1.75
-10,15,0,2,-3.14159265358979,3.14159265358979,0,0.17,-0.17,0.17,0.17,-0.392699081698724,0.392699081698724,-0.085,0.085,-0.085,0.085,-0.392699081698724,0.392699081698724,3.82241379310345,1,0,0.11,0,0,53.340013434841,0.630186784388739,5,6.06894601690002e-21,3.82241379310345,0.3,1.19870580406688,1.34074726789626e-20,3.08885564587074,-1.18257006013258e-20,0.169607515061346,-0.17,0.17,0.170000000000153,-0.392699081698724,0.392699081698724,-0.085,0.085,-0.085,0.085,-0.392699081698724,0.392699081698724,3.82241379310345,1,1.34074726789626e-20,0.11,1.36593429824517e-20,4.84569517558844e-21,39.010686028434,1.2,15.7018011264447,1,17.5878376,0,-1.05,1.75
-10,15,0,2,-3.14159265358979,3.14159265358979,0,0.17,-0.17,0.17,0.17,-0.392699081698724,0.392699081698724,-0.085,0.085,-0.085,0.085,-0.392699081698724,0.392699081698724,3.76363636363636,1,0,0.11,0,0,52.3264462809917,0.630186784388739,5,-9.76923153287221e-22,3.76363636363636,0.3,1.10912597246645,-1.93946858212876e-21,3.07689054827373,-4.46412205845239e-21,0.169904303609251,-0.17,0.17,0.170000000000008,-0.392699081698724,0.392699081698724,-0.085,0.085,-0.085,0.085,-0.392699081698724,0.392699081698724,3.76363636363636,1,-1.72491166490084e-22,0.11,-1.17241216303998e-21,-2.35504544215179e-21,36.951742459537,1.2,15.6565901384112,1,15.6469617,2,-1.1,1.75
-10,15,0,2,-3.14159265358979,3.14159265358979,0,0.17,-0.17,0.17,0.17,-0.392699081698724,0.392699081698724,-0.085,0.085,-0.085,0.085,-0.392699081698724,0.392699081698724,3.70952380952381,1,0,0.11,0,0,51.3955392433653,0.630186784388739,5,9.08827686233682e-17,3.70952380952381,0.3,1.17647052410644,-1.44731430396744e-17,3.05819433613135,-3.79707375466552e-16,0.169962206940664,-0.17,0.17,0.170000013023913,-0.392689786895132,0.392699081698724,-0.0850000000000001,0.085,-0.0850000000000001,0.0850000000000001,-0.392699081698724,0.392699081698724,3.70952380952381,1,2.84820041756566e-16,0.11,-6.97870874041639e-17,-2.84765264464668e-16,38.3489944782102,1.20000000002423,15.7062680016459,1,27.6510629,0,-1.15,1.75
-10,15,0,2,-3.14159265358979,3.14159265358979,0,0.17,-0.17,0.17,0.17,-0.392699081698724,0.392699081698724,-0.085,0.085,-0.085,0.085,-0.392699081698724,0.392699081698724,3.65954198473282,1,0,0.11,0,0,50.537560721721,0.630186784388739,5,0,3.65954198473282,0.3,1.08721508656549,0,3.06325781241285,4.59965610491072e-22,0.169924697013151,-0.17,0.17,0.170000000000009,-0.392699081698724,0.392699081698724,-0.085,0.085,-0.085,0.085,-0.392699081698724,0.392699081698724,3.65954198473282,1,0,0.11,0,0,37.1862480094315,1.2,6.02808651942363,0,19.6893135,2,-1.2,1.75
