7.5,-3,-0.6,0.1,5.10943305250479,1,1.04530078653655,4.7213072,0.765185142007214,0.0535987347078612
7.5,-3.5,-0.6,0.1,5.32299064370172,1,1.07238013662815,2.7909449,0.808032247817482,0.0562131868043217
7.5,-4,-0.6,0.1,6.33879029602834,1,1.96945810086496,43.9017187,2.88189730055839,0.00203086528696633
7.5,-4.5,-0.6,0.1,6.33879311844705,1,1.97302568535399,27.0288574,2.87654113171309,0.00160975754806244
7.5,-5,-0.6,0.1,6.33870783265556,1,1.97573736421111,43.1183256,2.87224969679842,0.00126411001721841
10,-3,-0.6,0.1,7.09946286562288,1,1.3959674225447,8.5041049,2.98092154057276,0.00166204233167346
10,-3.5,-0.6,0.1,4.71168529692132,1,1.00740311788314,4.9527495,0.597984269636651,0.104440493280231
10,-4,-0.6,0.1,4.79657629120365,1,1.05310213006296,4.1657035,0.638980529408363,0.105993853238392
10,-4.5,-0.6,0.1,6.84591685205769,1,2.15010549064162,7.6754422,2.81445070689675,0.0167618554551134
10,-5,-0.6,0.1,4.96591207885167,1,1.11376701035504,5.290365,0.737244944482364,0.107938620851921
7.5,-3,-0.6,0.15,4.91011602075517,1,1.00797573763019,3.028823,0.954863424828491,0.0630405333487055
7.5,-3.5,-0.6,0.15,4.99430959751824,1,1.04477722726941,2.6865178,0.929582903253933,0.0563091819359124
7.5,-4,-0.6,0.15,5.65339558372435,0,1.04452737291804,1.3406311,1.09867707343386,0.0624418635929742
7.5,-4.5,-0.6,0.15,6.36190360906962,1,1.98523913141208,6.8933106,2.79952369828232,-0.00418271266514942
7.5,-5,-0.6,0.15,6.36190471974167,1,1.9857212403484,15.4328072,2.79344356755203,-0.00378972412229037
10,-3,-0.6,0.15,7.06709905591636,1,1.10589149713816,5.224184,2.82561301952918,0.131338189677194
10,-3.5,-0.6,0.15,4.92115825124858,1,1.08327491740542,14.6499609,0.678226598708035,0.0820357121457843
10,-4,-0.6,0.15,5.0982336898448,1,1.15693954130528,4.0995769,0.797704269982723,0.086147256794658
10,-4.5,-0.6,0.15,5.18679489369565,1,1.21629918644131,4.0961669,0.914891883492064,0.0853909602659226
10,-5,-0.6,0.15,5.3632369379099,1,1.27016984499303,4.0186994,1.01905860545854,0.0846547178597247
7.5,-3,-0.6,0.2,4.66475489570219,1,0.881253847211162,3.1591757,0.55879667233018,0.0626816739460344
7.5,-3.5,-0.6,0.2,4.75278042689347,1,0.955311790146798,2.5011693,0.724144066180924,0.0547883961025998
7.5,-4,-0.6,0.2,5.43931245849557,1,1.11029591806106,1.0118219,0.855922858863186,0.0533633709157802
7.5,-4.5,-0.6,0.2,6.3619621019742,1,1.91252484249529,6.6174484,2.71452268185676,0.00560047679468966
7.5,-5,-0.6,0.2,6.36194604848809,1,1.86835903369947,41.1204857,2.7314014204296,0.00769065034424424
10,-3,-0.6,0.2,5.04186861266966,1,1.07485278281112,6.5839171,0.774257698338231,0.0812296028855875
10,-3.5,-0.6,0.2,5.04147950329247,1,1.13819368050555,4.7209493,0.780506029754705,0.0771403219610043
10,-4,-0.6,0.2,5.40854671888478,1,1.2470688240086,5.5593491,1.0705176047217,0.0742575957302442
10,-4.5,-0.6,0.2,5.04234383399896,1,1.23264426568613,4.4946551,0.799491150029457,0.0756030914578809
10,-5,-0.6,0.2,5.04278304547382,1,1.26524616069982,4.6013963,0.805967143799638,0.07529562082586
7.5,-3,-0.6,0.25,4.65841634713725,1,0.864028004797544,2.8620208,0.489562265460263,0.0431770733797539
7.5,-3.5,-0.6,0.25,4.75339020836627,1,0.929832839038104,3.485564,0.572375674988329,0.0438093320558798
7.5,-4,-0.6,0.25,5.42437869291746,1,1.10806099696063,0.9321488,0.841443315080023,0.0535198044738728
7.5,-4.5,-0.6,0.25,6.43499216434822,1,1.93927374329543,36.9623639,2.75347704499211,0.00502592008643407
7.5,-5,-0.6,0.25,6.43499219656107,1,1.95215332140684,6.6484778,2.74210888398742,0.00503041066597168
10,-3,-0.6,0.25,4.86770563407388,1,1.02112577981904,3.8459914,0.910063026966475,0.0744281491893079
10,-3.5,-0.6,0.25,5.24841582109107,1,1.14472925767642,4.5229077,0.915866328180044,0.067514043648628
10,-4,-0.6,0.25,5.24901219008074,1,1.234452655814,4.2077703,0.928532224073989,0.0660462060311397
10,-4.5,-0.6,0.25,5.24976690626399,1,1.300173038549,3.6587487,0.940606010876918,0.065290428192286
10,-5,-0.6,0.25,5.345857031672,1,1.34717852728522,4.0712545,0.949281535373121,0.0648384847198193
7.5,-3,-0.6,0.3,4.93390904634809,1,0.916459992651486,2.9892097,0.51230652904996,0.0328720394991874
7.5,-3.5,-0.6,0.3,5.03731987543555,1,0.98591154872652,2.4193228,0.568465700956067,0.0367313278585066
7.5,-4,-0.6,0.3,5.4441023728784,1,1.10961979056482,1.1148577,0.863615444638605,0.0533534663484847
7.5,-4.5,-0.6,0.3,6.39276235037119,1,1.95905974041857,41.7180488,2.81532506062898,-0.00143933081000747
7.5,-5,-0.6,0.3,6.39275885653548,1,1.96253106565608,32.775159,2.81175444579978,-0.000148653245306728
10,-3,-0.6,0.3,4.76465529710423,1,0.989194155971902,4.7388711,1.10810496102784,0.0540923746478779
10,-3.5,-0.6,0.3,5.65956769572899,1,1.1655193070607,4.1320214,1.14877602002771,0.0551623434105755
10,-4,-0.6,0.3,6.99083786752503,1,1.56129779693847,8.2709883,2.78943611548927,0.0912758327575776
10,-4.5,-0.6,0.3,6.99083677930655,1,1.65175249400918,4.8031863,2.74833975478776,0.085046968509988
10,-5,-0.6,0.3,6.99210722531784,1,2.12673517078403,14.1377976,2.81554869696818,-0.00618972747947003
7.5,-3,-0.7,0.1,5.01301193503839,1,0.995021212069708,3.5128709,0.652382172586458,0.0542003053156927
7.5,-3.5,-0.7,0.1,5.01854723501323,1,1.01951871795829,3.178969,0.667685150355494,0.0596387656471129
7.5,-4,-0.7,0.1,5.1052877404106,1,1.02999193583276,3.142005,0.669987132775473,0.0618165718294154
7.5,-4.5,-0.7,0.1,5.1056358510548,1,1.03605070011854,4.1996768,0.677027820115786,0.0630680613541731
7.5,-5,-0.7,0.1,5.10653439949279,1,1.04032860608444,3.0767093,0.679102691722983,0.063793351803627
10,-3,-0.7,0.1,3.67293242950259,1,0.00992007739018324,2.2195941,2.72581034957131,0.15
10,-3.5,-0.7,0.1,6.8338545713714,1,1.69494263927539,14.960945,2.83395103447302,0.0275799913340959
10,-4,-0.7,0.1,5.81990135213965,0,1.04502082113785,1.6682069,1.31154267843993,0.0688936523361893
10,-4.5,-0.7,0.1,5.81983342415969,1,1.07973269116884,1.9718187,1.22537980432842,0.0735361435410594
10,-5,-0.7,0.1,3.6043589999106,1,0.0101926366420544,6.1896787,2.81361201140828,0.15
7.5,-3,-0.7,0.15,4.99431574503513,1,1.01830134474204,4.1116131,0.838971892761154,0.0742177937804785
7.5,-3.5,-0.7,0.15,6.35055001302855,1,1.61798371620664,50.4733997,2.8680464975748,-0.00173397201197727
7.5,-4,-0.7,0.15,4.99201765072957,1,1.03435860854037,4.040199,0.827069809646704,0.0699479729700377
7.5,-4.5,-0.7,0.15,2.46934183901015,1,0.937871576493039,1.397257,1.81461853960468,0.0998974291980808
7.5,-5,-0.7,0.15,5.07959310266287,1,1.04125555335927,3.01502,0.825935866468487,0.0691529069118555
10,-3,-0.7,0.15,3.89807990556534,1,0.00436583202860202,2.5140183,2.70650701232081,0.144550192783766
10,-3.5,-0.7,0.15,6.79169581912263,1,1.79020819834147,49.1055463,2.87230118333032,0.0102632400413159
10,-4,-0.7,0.15,6.79172282973975,1,1.8747191485525,46.983656,2.84917425074905,0.0143627935997874
10,-4.5,-0.7,0.15,6.7917261595598,1,1.91134301966054,46.2030557,2.83384091238821,0.0145555833864654
10,-5,-0.7,0.15,1.05852272627852,1,0.379177011952409,54.1368405,2.88698628711466,-0.0122539411357552
7.5,-3,-0.7,0.2,4.57572645849056,1,0.848175136856117,3.6433473,0.450627668202902,0.0937972974456645
7.5,-3.5,-0.7,0.2,5.94309714877028,0,1.03333979320803,4.1021805,1.09070401383115,-0.011375308841489
7.5,-4,-0.7,0.2,4.75434833414031,1,0.913108856642281,3.5507699,0.540830458493018,0.0807930132710807
7.5,-4.5,-0.7,0.2,5.88890308126848,0,0.876483711050362,1.4307681,2.02677040592885,0.0990645061788013
7.5,-5,-0.7,0.2,4.75306580953938,1,0.939381115110593,4.1913667,0.57878375819363,0.0763958539854023
10,-3,-0.7,0.2,3.92102090157981,1,0.00772045572572383,1.6711482,2.70053774057498,0.134027347819369
10,-3.5,-0.7,0.2,5.03655714218248,1,1.07076849671122,6.4635896,0.684250960472057,0.0950766917123043
10,-4,-0.7,0.2,5.03705466926143,1,1.08934621884038,5.2706774,0.690505637396591,0.0955676725531833
10,-4.5,-0.7,0.2,6.34912184838225,1,1.25526877505722,1.9672878,1.221727813865,0.0100625887592701
10,-5,-0.7,0.2,3.5942304432729,1,0.00196831276966175,5.4202258,2.73479375253073,-0.0267494695986541
7.5,-3,-0.7,0.25,4.65933740607072,1,0.812667453994479,3.1868478,0.417867615702199,0.0652689589418391
7.5,-3.5,-0.7,0.25,4.65814690871748,1,0.843168056916979,3.2489466,0.438294032302418,0.064402350189032
7.5,-4,-0.7,0.25,6.4236539089509,1,1.5923712153265,31.760414,2.80296747064804,0.0111101119368403
7.5,-4.5,-0.7,0.25,6.42365376599009,1,1.60025652410693,8.2717165,2.79097060095644,0.0109368696930549
7.5,-5,-0.7,0.25,6.42365371079953,1,1.59875772903529,25.0848413,2.79195059955339,0.0110249068419099
10,-3,-0.7,0.25,3.89751025923777,1,0.00629907214008557,1.478073,2.70656049584962,0.143300189542487
10,-3.5,-0.7,0.25,5.05469050727695,1,1.0596812901188,6.8031833,0.8229880024751,0.0935662234993828
10,-4,-0.7,0.25,5.14967895201521,1,1.08933269944802,8.4046648,0.822184611237841,0.09099544799996
10,-4.5,-0.7,0.25,6.28571420362577,0,1.38391916785223,2.5957904,1.92536200176914,-0.00346732770602245
10,-5,-0.7,0.25,6.8571426294137,1,1.46300076738384,9.7733948,2.82305190756175,0.0731351214402641
7.5,-3,-0.7,0.3,4.73046607804843,1,0.83079621518182,3.647945,0.441234679449799,0.0442920987658571
7.5,-3.5,-0.7,0.3,4.83108698864472,1,0.878003610209038,4.5586916,0.458321646676809,0.0467383856238382
7.5,-4,-0.7,0.3,4.83297750589792,1,0.903630634455077,3.9479214,0.470063513306339,0.0484774594517893
7.5,-4.5,-0.7,0.3,6.08750086390653,0,0.833227539219676,1.3775711,2.7341070632871,0.0364211884824321
7.5,-5,-0.7,0.3,4.83573636913748,1,0.9358657980432,3.2801452,0.483792872309562,0.0503739026815355
10,-3,-0.7,0.3,3.92205740109171,1,0.00554049955817776,2.3289699,2.70099657254865,0.134044539544039
10,-3.5,-0.7,0.3,4.85646917175191,1,1.00066418750459,6.0812808,0.959059565825166,0.0846347223818573
10,-4,-0.7,0.3,6.69360448312345,1,1.65806494272206,8.5991962,2.81939927364982,0.0409683486243902
10,-4.5,-0.7,0.3,6.09523804134156,0,1.40380787427524,3.6232686,1.90032004804153,-0.00611734063909996
10,-5,-0.7,0.3,6.76190467102794,1,2.05919518645303,21.9086842,2.83261128378343,0.00420188038763826
7.5,-3,-0.8,0.1,4.99832822185306,1,0.925957512462691,4.6191474,0.571711378865042,0.0483066898776748
7.5,-3.5,-0.8,0.1,5.00588966326125,1,0.951372891635556,4.0545913,0.584214509756647,0.0529800429642819
7.5,-4,-0.8,0.1,5.10628811588779,1,0.928635809405949,8.3188762,0.619164534525933,0.0101111975735251
7.5,-4.5,-0.8,0.1,5.10786046665444,1,0.940945210349621,8.5068429,0.617269761746175,0.00996724282811296
7.5,-5,-0.8,0.1,5.01297111850993,1,0.975662081442502,3.7601327,0.596631826039027,0.0579452093782014
10,-3,-0.8,0.1,4.38148146871049,1,0.408885030103319,63.7776868,2.2279377283324,-0.0104446126430942
10,-3.5,-0.8,0.1,3.70715518377903,1,0.00226997358279879,5.0503413,2.81032794618209,-0.0412848392827788
10,-4,-0.8,0.1,6.27666328793115,0,0.00882482522995692,5.8254485,2.93498033678324,-0.00788625583346515
10,-4.5,-0.8,0.1,3.71280602162108,1,0.00392039314433801,5.0794214,2.67621926477677,0.0690849473679413
10,-5,-0.8,0.1,3.70603315572331,1,0.0108681058232026,56.883459,2.74032749046759,-0.0412005099424926
7.5,-3,-0.8,0.15,5.24325499894779,1,1.01811347396684,5.3162125,0.719301427479261,0.0565091493247803
7.5,-3.5,-0.8,0.15,5.15936911989741,1,1.0256051997475,4.7252259,0.727833954955445,0.061470809710947
7.5,-4,-0.8,0.15,5.16049444285577,1,1.02785641769825,4.6504583,0.730095303524213,0.0631363697322631
7.5,-4.5,-0.8,0.15,5.1614284159656,1,1.02924263926241,4.5501562,0.729956600346454,0.0642420563474953
7.5,-5,-0.8,0.15,5.16208461472428,1,1.03035652291593,4.3231903,0.733454459022863,0.0645343070326326
10,-3,-0.8,0.15,1.12019937961416,1,0.433649787382236,65.2769794,2.52912232477115,-0.0666574371566194
10,-3.5,-0.8,0.15,3.74917570908984,1,0.0178391143462687,23.5407521,2.7510722155703,0.15
10,-4,-0.8,0.15,3.70445161681096,1,0.000805472770595506,8.1535207,2.68972954260265,-0.0140322229676163
10,-4.5,-0.8,0.15,3.28948965013563,1,0.404012541606104,18.1248713,3.08841408527888,-0.0736314502015459
10,-5,-0.8,0.15,3.70046302650287,1,0.0140035013522508,8.289968,2.74122700970401,-0.0425363842538604
7.5,-3,-0.8,0.2,4.57856405198658,1,0.876716687816727,4.5165596,0.453423982868791,0.101263691034655
7.5,-3.5,-0.8,0.2,4.66741829911218,1,0.906168383090961,4.6944736,0.486854723733222,0.0936476412541846
7.5,-4,-0.8,0.2,4.66614909298996,1,0.918826704451274,4.6496854,0.501824950653832,0.0901190276227061
7.5,-4.5,-0.8,0.2,5.88273760291733,1,1.07967269374292,19.0767522,0.749389355952661,-0.0110773077635541
7.5,-5,-0.8,0.2,4.75655055585052,1,0.930854892646273,5.0254684,0.515673090696469,0.0869159839795086
10,-3,-0.8,0.2,4.91022660766738,0,0.432238508362625,63.6148226,1.65239536863429,-0.0576194448554881
10,-3.5,-0.8,0.2,3.73117902496693,0,0.017632390388466,4.0331743,2.7884810046459,-0.0195463265247833
10,-4,-0.8,0.2,3.70751032837813,1,0.00602980464451369,5.1821439,2.62502925060249,-0.036584478508813
10,-4.5,-0.8,0.2,3.72372624710076,1,0.0187571365526895,1.9924851,2.70282591409752,-0.0398132468426109
10,-5,-0.8,0.2,3.68849415205107,1,0.000677346522034106,3.6902508,2.76149489535893,-0.0456481178954095
7.5,-3,-0.8,0.25,6.41346182351384,0,0.973381366416113,2.3486261,1.5615839723404,0.0366360503937711
7.5,-3.5,-0.8,0.25,5.05130212708744,1,0.916641815950348,7.2646048,1.12041434516776,0.00650936894118597
7.5,-4,-0.8,0.25,4.66181464651034,1,0.810899148189756,4.1345587,0.400056726318328,0.0830276449627108
7.5,-4.5,-0.8,0.25,4.66145969154076,1,0.819154077518309,4.8741573,0.4052470778403,0.0820218109213173
7.5,-5,-0.8,0.25,4.6612971684788,1,0.82542598396003,5.1036248,0.408885972104418,0.081295194894045
10,-3,-0.8,0.25,4.91009020215937,0,0.432221678909068,63.1986195,1.63884587713573,-0.0581515223839172
10,-3.5,-0.8,0.25,3.73332064886185,1,0.0160572157193157,2.8628192,2.74761401739766,-0.0387297474917163
10,-4,-0.8,0.25,3.74289256361045,1,0.00326989473657868,2.1567553,2.62041353674703,0.140108787327555
10,-4.5,-0.8,0.25,3.72297768422686,1,0.0176052778214907,2.8596056,2.69123033733949,-0.0386706627894996
10,-5,-0.8,0.25,3.69823238143603,1,0.00118054389757072,6.1797184,2.75334443892263,-0.01641852559021
7.5,-3,-0.8,0.3,6.37273938706982,1,1.25628891021528,14.7445426,2.94008316928119,0.00762313860200807
7.5,-3.5,-0.8,0.3,5.23251135378299,1,0.952792274748005,16.1094221,1.13704445686613,0.000569101157539843
7.5,-4,-0.8,0.3,5.32600846619734,1,0.983758741784115,15.3878602,1.14033230838534,0.0023085091077701
7.5,-4.5,-0.8,0.3,4.73341954929274,1,0.826565970223226,4.1271487,0.416392598111103,0.0579398175386199
7.5,-5,-0.8,0.3,6.37145449266727,0,0.960342222960752,2.3061632,1.27940420368575,0.0363327901758889
10,-3,-0.8,0.3,4.91001150048429,0,0.432079505234476,63.7427097,1.62895539590138,-0.0583850272593616
10,-3.5,-0.8,0.3,3.71961230775438,1,0.00135147012838965,3.3043616,2.7616328280106,0.139230405462348
10,-4,-0.8,0.3,3.70597533861964,1,0.00487050970289971,2.6916282,2.81565836414702,0.112795096179767
10,-4.5,-0.8,0.3,3.70527141332953,1,0.00882283496507918,4.2288634,2.74850262205226,0.00318797640334238
10,-5,-0.8,0.3,3.69422193580259,1,0.00192317860656471,5.4982792,2.76156738194317,-0.0458226950488431
7.5,-3,-0.9,0.1,4.99059552099387,1,0.867326576419367,5.0122856,0.520734451667996,0.0439053723552137
7.5,-3.5,-0.9,0.1,4.9945779706624,1,0.883074694171158,4.9477303,0.525604864961759,0.0462524751205949
7.5,-4,-0.9,0.1,5.09980870753717,1,0.87207764979789,8.1736683,0.567189758902285,0.0162070838412123
7.5,-4.5,-0.9,0.1,5.09848417263753,1,0.873994304967705,16.8754657,0.56338243986605,0.0159779622710887
7.5,-5,-0.9,0.1,5.00154824453564,1,0.902368554125565,4.665993,0.533951034965177,0.0493292172481615
10,-3,-0.9,0.1,3.9767439060484,1,0.010042709123072,11.3563356,2.66238316515003,0.15
10,-3.5,-0.9,0.1,4.37666666297685,1,0.408992682724804,73.5460699,1.77334935154616,-0.0186682771969641
10,-4,-0.9,0.1,3.82459145135606,1,0.0190172708216548,10.944121,2.80846527074646,-0.0277353754269689
10,-4.5,-0.9,0.1,3.79057411954143,1,0.00847780139817972,5.1302704,2.79614846743317,-0.0159339116611893
10,-5,-0.9,0.1,4.37489902455565,1,0.791102114965061,77.5613963,1.11429187584953,0.0802109733039058
7.5,-3,-0.9,0.15,5.19574339995512,1,0.955183354054063,4.7724343,0.610318607348515,0.0349854099809019
7.5,-3.5,-0.9,0.15,5.45518618622738,1,1.02600890948525,10.8404726,0.633044467063753,0.0129318445181094
7.5,-4,-0.9,0.15,5.13936817983751,1,0.987847076680974,5.2631601,0.637513196060965,0.0425443715621681
7.5,-4.5,-0.9,0.15,5.24006631100264,1,0.974578804590174,8.1303307,0.688341843427314,0.0164212336833302
7.5,-5,-0.9,0.15,5.14526240156477,1,0.995404604707031,5.8672358,0.64442675004762,0.0450836653069104
10,-3,-0.9,0.15,3.93289184044621,1,0.0214502919566382,8.98079,2.45635040733224,0.15
10,-3.5,-0.9,0.15,1.7644993743237,1,0.00507177876792986,11.2021855,2.35888285288699,0.15
10,-4,-0.9,0.15,3.83886486243625,1,0.00688866794715909,70.70064,2.79979391430675,-0.0417008368507463
10,-4.5,-0.9,0.15,3.91157140069742,1,0.00792536306879166,2.4151118,2.84099033482033,0.15
10,-5,-0.9,0.15,3.79530489624321,1,0.0267447930360566,4.4745839,2.82278545256886,0.15
7.5,-3,-0.9,0.2,5.03136618877492,1,0.986057366498165,4.7030379,0.544455235753073,0.0663557047503277
7.5,-3.5,-0.9,0.2,5.3889296929787,1,1.02196089087339,16.560411,0.830867470843015,0.0174844273752449
7.5,-4,-0.9,0.2,5.02967617243332,1,0.98810136350352,3.8129207,0.545593121332994,0.0665782662289515
7.5,-4.5,-0.9,0.2,5.02949461813038,1,0.988516926817594,3.8758005,0.548402351260507,0.0665774164389539
7.5,-5,-0.9,0.2,5.02941265910602,1,0.988807282953992,4.6822458,0.54527047299345,0.0665775452800445
10,-3,-0.9,0.2,3.87228254204069,1,0.0126756746816983,72.9648757,2.72539370298435,0.15
10,-3.5,-0.9,0.2,3.850161001381,1,0.00382474703592783,10.7193949,2.77661688078321,0.0256578400571551
10,-4,-0.9,0.2,3.82827161239053,1,0.0068043166466481,5.3633037,2.85162655573717,-0.023460068533393
10,-4.5,-0.9,0.2,3.78732468526659,1,0.0150130968526868,2.7420437,2.78176145436657,-0.0353137092959694
10,-5,-0.9,0.2,3.78333602986231,1,0.0111117925957171,9.2463011,2.77829298433079,-0.0218761248806771
7.5,-3,-0.9,0.25,4.57510252719362,1,0.760365602935679,5.5108297,0.372098068937464,0.102661478663135
7.5,-3.5,-0.9,0.25,5.14056478627327,1,0.974154707771394,9.5965837,1.02596205422461,0.0137116822126613
7.5,-4,-0.9,0.25,5.13690298187887,1,0.967120965743826,19.1265529,0.980833064941683,0.0120013074782792
7.5,-4.5,-0.9,0.25,4.66820883946105,1,0.792657688988212,4.9601659,0.38356479073459,0.0957077680702684
7.5,-5,-0.9,0.25,4.66798061380449,1,0.796953026818795,5.0296461,0.385713128947579,0.0948052015531451
10,-3,-0.9,0.25,5.42848042064533,1,1.04769822641463,23.6201302,0.875526466728064,0.0166754823442219
10,-3.5,-0.9,0.25,3.84642684370988,1,0.00153030802787552,81.7201855,2.71251275021982,0.034029243427666
10,-4,-0.9,0.25,3.83598560297696,1,0.00274353886542528,6.7414068,2.8412260956489,-0.0106150273156567
10,-4.5,-0.9,0.25,3.79160620528026,1,0.0101278910881391,69.7420002,2.80137453241453,-0.0372758091647204
10,-5,-0.9,0.25,3.78614466997977,1,0.0151505013159261,69.0615029,2.78947243844652,0.0490501022760013
7.5,-3,-0.9,0.3,4.73905054017072,1,0.755374470115391,4.9372542,0.392752348825746,0.0659120300192918
7.5,-3.5,-0.9,0.3,5.04601810367873,1,0.863241367650555,14.9330531,0.854362377644176,0.00586617062426402
7.5,-4,-0.9,0.3,5.0454758868944,1,0.879145574724068,8.9769446,0.760345267483466,0.00588734300369034
7.5,-4.5,-0.9,0.3,4.94663677783043,1,0.836690878377535,24.7816948,0.690446076541868,0.00503703637479627
7.5,-5,-0.9,0.3,4.73771738980258,1,0.779180428881699,5.2676236,0.392561886469288,0.06653238461772
10,-3,-0.9,0.3,4.08669743504103,1,0.031338124208816,4.1398142,2.62610054473607,0.15
10,-3.5,-0.9,0.3,3.95012454450542,1,0.00997008216242496,2.8324616,2.66201458504399,0.15
7.5,-3,-1,0.1,5.01635767080777,1,0.828182372877391,6.4582804,0.522624522279815,0.0221366399096142
7.5,-3.5,-1,0.1,5.09937383547456,1,0.832988157498529,6.9154594,0.521978707749883,0.0219997542098718
7.5,-4,-1,0.1,5.09928416642198,1,0.835866618306943,4.7571858,0.521257957714854,0.0219900891149046
7.5,-4.5,-1,0.1,5.0993620266938,1,0.838056025358956,8.7579766,0.522620200452128,0.021948856317082
7.5,-5,-1,0.1,5.09952023287088,1,0.839585311232677,9.4030378,0.522334633809747,0.0219168363334723
10,-3,-1,0.1,5.12192873362513,1,1.01403377710652,11.3599653,0.867248427505781,0.079801863861597
10,-3.5,-1,0.1,5.12193570554944,1,1.01605753421337,8.608312,0.867724185477358,0.0800144102910748
10,-4,-1,0.1,5.12196263344545,1,1.01685097231552,7.9579041,0.868173518099933,0.0803220131062016
10,-4.5,-1,0.1,5.12199289196844,1,1.01735380833947,6.7304039,0.870883769640812,0.0806003590773391
10,-5,-1,0.1,5.12172988329563,1,1.01595150597853,21.1382301,0.866508450271883,0.0801944306401649
7.5,-3,-1,0.15,5.1604560310836,1,0.863131116894863,7.456374,0.569763695616498,0.0152876017483356
7.5,-3.5,-1,0.15,5.17721470137985,1,0.882820781411534,7.3465324,0.579822128439364,0.0159118163127782
7.5,-4,-1,0.15,5.18874303215078,1,0.895481080684767,12.4620129,0.587462059404989,0.0162691082109609
7.5,-4.5,-1,0.15,5.19609980888408,1,0.903698390722838,14.8541751,0.592994421031134,0.0165258530408431
7.5,-5,-1,0.15,5.20127019863067,1,0.90943918124525,8.2251777,0.596368933048017,0.0167161991203582
10,-3,-1,0.15,4.56541119456655,1,0.808012358605091,7.2587674,0.423990540995447,0.111398313940174
10,-3.5,-1,0.15,4.73997980672728,1,0.86552953453978,15.3850652,0.597408393682358,0.0926520200071775
10,-4,-1,0.15,4.73976458869174,1,0.875614677722079,14.0999025,0.633499430733166,0.0885488632165247
10,-4.5,-1,0.15,4.73969391739059,1,0.863837789362117,29.7832519,0.583658688396671,0.0888758698205549
10,-5,-1,0.15,4.82731998972971,1,0.888760244863501,7.1226877,0.680589635922065,0.0844407231504805
7.5,-3,-1,0.2,5.23451626479672,1,0.89711956973158,8.8048801,0.60519887636792,0.0126637800566167
7.5,-3.5,-1,0.2,5.2942221526274,1,0.974586576095052,14.970371,0.694978891834863,0.0126925845399147
7.5,-4,-1,0.2,5.3583367059542,1,1.0035569012174,6.629382,0.631780915722865,0.0265843437789741
7.5,-4.5,-1,0.2,5.37390268444804,1,1.00674770536614,5.8312658,0.574082650601266,0.0305360565388519
7.5,-5,-1,0.2,5.37563804689565,1,1.00746218781315,4.6860996,0.569924380991724,0.0313723850876282
10,-3,-1,0.2,4.94042628277137,1,0.81846426178923,7.0471396,0.47140214956537,0.0474032083838022
10,-3.5,-1,0.2,4.94067127720758,1,0.83734730027124,7.0725725,0.475406374752817,0.0498878679351973
10,-4,-1,0.2,4.94087702049612,1,0.849632883093396,8.5867571,0.477814519277947,0.051569638185637
10,-4.5,-1,0.2,4.94105060648051,1,0.858440826527858,7.4641406,0.480952640594319,0.0527806759084959
10,-5,-1,0.2,4.94109885645398,1,0.864810839328708,10.6755891,0.482703350346754,0.0537871714672995
7.5,-3,-1,0.25,5.14706864791881,1,0.958262116174379,22.5506666,0.8718327599745,0.0341112646729657
7.5,-3.5,-1,0.25,4.6751590401483,1,0.830056745902756,9.9041526,0.394026566042481,0.0869945045672651
7.5,-4,-1,0.25,5.23756005440187,1,0.971491053285055,14.0106001,0.978041483518866,0.0261183365029921
7.5,-4.5,-1,0.25,5.14453025531931,1,0.967745523082399,9.4028343,0.97458961670137,0.0299918266787911
7.5,-5,-1,0.25,4.76960506034036,1,0.847341219312893,5.5048319,0.405235262655843,0.0836762884581112
10,-3,-1,0.25,5.13624902493917,1,0.894217839716847,7.5119682,0.532988043800191,0.0232135372707216
10,-3.5,-1,0.25,5.13770426531756,1,0.925869652183484,10.0262504,0.545754068424971,0.0234770583593443
10,-4,-1,0.25,5.23390395906714,1,0.964027674095525,5.7136047,0.567741342525056,0.0249227705938924
10,-4.5,-1,0.25,5.23458035269525,1,0.984449962593523,7.1365988,0.607114625853779,0.0257369933334706
10,-5,-1,0.25,5.23500933453739,1,0.996792034166472,7.9793341,0.623595024431197,0.026166413929547
7.5,-3,-1,0.3,4.85440197718972,1,0.76002005416383,31.8658205,0.404191464129585,0.035530098742146
7.5,-3.5,-1,0.3,4.85341946995904,1,0.778334918711917,8.4412223,0.447207873346898,0.0314756830936972
7.5,-4,-1,0.3,6.3586854706703,0,0.761706807968018,2.7885431,1.45059912273844,0.0772803051147455
7.5,-4.5,-1,0.3,4.75490216410502,1,0.752573429240696,6.8343541,0.37906893452691,0.0365949296739068
7.5,-5,-1,0.3,4.95120134308148,1,0.803964264439424,9.4312217,0.523426624699668,0.0266041581646899
10,-3,-1,0.3,5.05018785369184,1,1.01788558564848,5.9612932,0.745507300490432,0.0966170739528485
10,-3.5,-1,0.3,5.44102838895635,1,1.03728378119106,24.3270362,0.660800851880362,0.0190455476146458
10,-4,-1,0.3,5.05001032555009,1,1.02339772174895,6.1449908,0.743059688083671,0.0979745483391214
10,-4.5,-1,0.3,5.0500788421008,1,1.02481190990825,6.7380264,0.74275456386674,0.0982162865275131
10,-5,-1,0.3,5.05018122749784,1,1.02581239199839,8.3956246,0.74292429147162,0.0983859433914913
7.5,-3,-1.1,0.1,5.02358487414784,1,0.815613582035979,7.504166,0.500914714778224,0.029960410846952
7.5,-3.5,-1.1,0.1,5.02293977505034,1,0.817619897056899,9.599797,0.502218611772922,0.0297240195550234
7.5,-4,-1.1,0.1,5.02269235130624,1,0.818717024882175,9.4548713,0.502071496326563,0.0295961360619706
7.5,-4.5,-1.1,0.1,5.02247814144007,1,0.819270121730699,9.4563854,0.500888974089302,0.0293554942824885
7.5,-5,-1.1,0.1,5.02242376234011,1,0.819743293585562,9.2745766,0.500404555138406,0.0293000420622147
10,-3,-1.1,0.1,5.20202063079787,1,0.99921228628878,19.8824229,0.789374596082962,0.0720069457709359
10,-3.5,-1.1,0.1,5.20220930841942,1,1.00321658247533,9.4113554,0.791878150822087,0.0742402457996203
10,-4,-1.1,0.1,5.11841252777298,1,1.0049918718099,10.0013107,0.793109920592963,0.0753144151702283
10,-4.5,-1.1,0.1,5.11849501570854,1,1.00570123436148,10.5811562,0.795307079765097,0.0760111852521857
10,-5,-1.1,0.1,5.11860670040342,1,1.006271070667,9.9225112,0.795108314911787,0.0767725322975174
7.5,-3,-1.1,0.15,5.13780211292529,1,0.823309199632321,9.0085841,0.518457062757593,0.0139226559009217
7.5,-3.5,-1.1,0.15,5.13880572726355,1,0.828306424298578,7.3727178,0.521688214622581,0.0146616786993362
7.5,-4,-1.1,0.15,5.14058400020151,1,0.831669250473722,11.0762155,0.522344052182435,0.0149295988182387
7.5,-4.5,-1.1,0.15,5.14247118956073,1,0.834185938055841,7.8974732,0.522853607113179,0.0150404223988644
7.5,-5,-1.1,0.15,5.14529469864728,1,0.836574100028299,6.0798139,0.513720601674935,0.0149973502186632
10,-3,-1.1,0.15,4.91362636375393,1,0.936064151959058,24.9391666,0.788628403937757,0.0960647508957117
10,-3.5,-1.1,0.15,4.91330981189278,1,0.941237418533961,22.88903,0.806005758480195,0.0925800053633687
10,-4,-1.1,0.15,4.91308587762746,1,0.943863230044555,29.7396367,0.813688517442462,0.0902295588325258
10,-4.5,-1.1,0.15,4.73821393621334,1,0.90077944680701,6.5082018,0.450477145938237,0.128970662931707
10,-5,-1.1,0.15,4.91301008279506,1,0.944346449815045,23.2279283,0.813519116985804,0.0890921181481329
7.5,-3,-1.1,0.2,5.15220941843671,1,0.82599839085423,7.8306837,0.524646783395673,0.0123606824376329
7.5,-3.5,-1.1,0.2,5.15466378449419,1,0.832206772236007,6.9196415,0.524773228694454,0.0130461856171664
7.5,-4,-1.1,0.2,5.15790248618696,1,0.836614342701602,9.0747219,0.527721981529746,0.0132799610982389
7.5,-4.5,-1.1,0.2,5.21535727172112,1,0.834288126029262,28.8143587,0.574636295791545,-0.0100305994667336
7.5,-5,-1.1,0.2,5.16424138516729,1,0.842758862767252,7.9506138,0.530395928164743,0.0133164647416842
10,-3,-1.1,0.2,4.84807800811455,1,0.791240882162648,12.0659513,0.450777943804277,0.0608028966696138
10,-3.5,-1.1,0.2,4.84800298056121,1,0.798510917187526,8.8885062,0.450701869366547,0.0614290858056015
10,-4,-1.1,0.2,4.84823056359082,1,0.806954077448214,28.4560697,0.455724086149516,0.064780108153974
10,-4.5,-1.1,0.2,4.84809651822733,1,0.807195760032926,8.6286057,0.452681945774395,0.0626355758454996
10,-5,-1.1,0.2,4.8481326713586,1,0.809918422138373,9.15158,0.45302286567012,0.0631552597463885
7.5,-3,-1.1,0.25,5.15556440519707,1,0.826715214683376,8.0917841,0.525210983580925,0.0120251266552925
7.5,-3.5,-1.1,0.25,5.15839710123606,1,0.833229037772711,8.1297566,0.527040355208509,0.0126928763208947
7.5,-4,-1.1,0.25,5.16218932297087,1,0.837955724272065,9.4756003,0.529136523371438,0.0128982485326967
7.5,-4.5,-1.1,0.25,5.16616960815593,1,0.841794675551446,9.6444415,0.530753638955791,0.0129300811323924
7.5,-5,-1.1,0.25,5.16965192383968,1,0.844854587282125,8.9856065,0.532941175081875,0.0129053403113232
10,-3,-1.1,0.25,5.13556228441697,1,0.857765506130962,26.0477487,0.510163711102421,0.0357666568681439
10,-3.5,-1.1,0.25,5.1359892238946,1,0.875964105417646,17.8581684,0.51365234874637,0.0370400382909563
10,-4,-1.1,0.25,6.66666648051397,0,0.906083766269,6.5586618,1.47964840280142,0.0216742964103193
10,-4.5,-1.1,0.25,5.13710619463333,1,0.896145219402859,9.4216511,0.519406589847476,0.0386778567373852
10,-5,-1.1,0.25,5.1374449742665,1,0.901915551480011,32.0017825,0.520461888815241,0.0390535705823336
7.5,-3,-1.1,0.3,5.15684825502599,1,0.827006907093896,8.8291648,0.526161831181214,0.0119060848219604
7.5,-3.5,-1.1,0.3,5.15028531769334,1,0.829451178235845,17.8292041,0.520633408945909,0.0129570273410354
7.5,-4,-1.1,0.3,5.16411657697559,1,0.838609503975908,8.8458115,0.530606975474984,0.0127414121771414
7.5,-4.5,-1.1,0.3,5.16820770637652,1,0.842536203935227,7.7356645,0.532345778941071,0.0127684313720312
7.5,-5,-1.1,0.3,5.17190322010704,1,0.845740698232048,9.1496802,0.534479084722152,0.0127372386773857
10,-3,-1.1,0.3,5.23239315130597,1,0.964466188856554,15.3346474,0.600242531776548,0.023226503205787
10,-3.5,-1.1,0.3,5.33480030962127,1,0.983963278403198,10.2374587,0.609526400317998,0.0246171034056547
10,-4,-1.1,0.3,5.33636932010891,1,0.993014180081575,10.5369632,0.614134858569577,0.0253734423354708
10,-4.5,-1.1,0.3,5.34010658642803,1,1.00516080366975,26.5468685,0.622813744470556,0.0266994506908187
10,-5,-1.1,0.3,5.33804731214065,1,1.00317023092533,11.3829553,0.618942295657648,0.0262702632033611
7.5,-3,-1.2,0.1,4.18918973996271,1,0.0283978230137772,103.9658664,2.79945087977736,-0.0102084773935046
7.5,-3.5,-1.2,0.1,4.22446834510246,1,0.0232347962565311,26.9423381,2.76463456167806,-0.00149909493106788
7.5,-4,-1.2,0.1,4.42589978866167,1,0.029225563569952,11.8065482,2.81224188837409,-0.0182167105286297
7.5,-4.5,-1.2,0.1,4.14692374451868,1,0.0337903061894224,24.6598279,2.73108221342449,-0.00901363586794071
7.5,-5,-1.2,0.1,4.13130247875524,1,0.0313999101212707,103.9079889,2.74478559304536,0.00244580423308959
10,-3,-1.2,0.1,5.11445355481123,1,0.96062255208691,10.8475648,0.723364614878844,0.0603764844710623
10,-3.5,-1.2,0.1,5.11479475532,1,0.967085643767686,12.2792864,0.726978019367083,0.0633773648249289
10,-4,-1.2,0.1,5.11493230000669,1,0.969543777088358,13.5238149,0.728388380042212,0.06466006898138
10,-4.5,-1.2,0.1,5.11510108542896,1,0.970958997643361,11.3123958,0.729884051869591,0.0657540410926557
10,-5,-1.2,0.1,5.1151867844083,1,0.971847387667136,12.5488372,0.730719441775125,0.0663719558444644
7.5,-3,-1.2,0.15,4.13848844467672,1,0.0295767482928064,27.7961884,2.75988677745627,-0.0137696614858109
7.5,-3.5,-1.2,0.15,4.18761383312268,1,0.0328963072675555,18.9500093,3.13710759098345,-0.016256024173997
7.5,-4,-1.2,0.15,3.05877183096412,1,0.00467477527393223,20.5657527,0.280918453400708,-0.00409391354985256
7.5,-4.5,-1.2,0.15,4.0961106555165,1,0.0269468587267044,104.5821277,2.25317434846067,0.0168632359473213
7.5,-5,-1.2,0.15,4.22571492745048,1,0.0283596161188753,8.64889,2.75093866155698,0.050900535951684
10,-3,-1.2,0.15,5.17342133478175,1,0.998068002334143,19.8152913,0.906643774644768,0.0729534558489972
10,-3.5,-1.2,0.15,5.17333149022616,1,0.997109022565791,11.8336374,0.900107293118149,0.0728979786017202
10,-4,-1.2,0.15,5.17332075721156,1,0.9968252996091,8.8292903,0.895952176742267,0.0731449832016994
10,-4.5,-1.2,0.15,5.17333551956771,1,0.996533407134208,9.7011721,0.895647428598736,0.0733522560082968
10,-5,-1.2,0.15,5.17337873813682,1,0.996739047831653,12.1344898,0.895881481753481,0.074042683448353
7.5,-3,-1.2,0.2,4.16884529520267,1,0.0288719638335347,102.1159122,2.79558588786847,-0.00997682839087656
7.5,-3.5,-1.2,0.2,4.16525631545599,1,0.028525435333028,8.8484321,2.83588047805953,-0.00633625723763788
7.5,-4,-1.2,0.2,4.34175657801271,1,0.000188889995905883,9.9329075,0.293312201484904,0.00838865241000686
7.5,-4.5,-1.2,0.2,4.11175504012822,1,0.0301540024043416,5.8348351,2.77210681424684,0.0313392706186694
7.5,-5,-1.2,0.2,4.19383801337899,1,0.0261064457318512,8.0512826,2.76582328289704,-0.0109026800350724
10,-3,-1.2,0.2,4.84797226488855,1,0.776639087774154,10.7129268,0.436098115600538,0.0890931683785291
10,-3.5,-1.2,0.2,4.8477670149861,1,0.779709019779512,8.5512044,0.434936566593394,0.0882063147439232
10,-4,-1.2,0.2,4.84766471984061,1,0.781619876392674,10.7792023,0.434822310614096,0.0877552638771393
10,-4.5,-1.2,0.2,4.84763556365161,1,0.782949823589274,9.627948,0.435818756245954,0.0875087052271462
10,-5,-1.2,0.2,4.84761371234389,1,0.783894507517858,8.0443038,0.435240889866973,0.0873925885317943
7.5,-3,-1.2,0.25,4.24727168014057,1,0.844855825314026,42.6016742,1.71353836180566,-0.0213613269154535
7.5,-3.5,-1.2,0.25,4.19846539352236,1,0.0316509924694974,8.0903577,2.74221112504831,-0.00638639758352201
7.5,-4,-1.2,0.25,3.59356502391855,1,0.00533088502029083,18.080629,0.33962657312397,0.000598973628612467
7.5,-4.5,-1.2,0.25,4.12813057776236,1,0.0243269693997566,10.3311185,2.79075952203095,0.0482292358078725
7.5,-5,-1.2,0.25,4.36958537226453,1,0.0339287903544922,5.7440848,2.67778027719924,-0.0281897739312942
10,-3,-1.2,0.25,5.03927837627381,1,0.820892404408212,11.8710732,0.485718798192101,0.034095423242794
10,-3.5,-1.2,0.25,5.04002684776081,1,0.836259220548519,10.8962193,0.489676590455159,0.0380704163520555
10,-4,-1.2,0.25,5.04068021908824,1,0.844704677964789,11.8820593,0.492750884074636,0.0405511923741216
10,-4.5,-1.2,0.25,5.04091967325818,1,0.849730027623516,10.4828085,0.494900240153804,0.0420470211055389
10,-5,-1.2,0.25,5.04232254446022,1,0.861982220783972,10.9660313,0.503567463000771,0.0475345769902999
7.5,-3,-1.2,0.3,4.15168542276262,1,0.0293682710495352,67.3572369,2.81978517079961,-0.012903710672304
7.5,-3.5,-1.2,0.3,4.20874180153004,1,0.0389861052492451,21.6891392,2.77762226940919,-0.00879763377964673
7.5,-4,-1.2,0.3,3.38452939049599,1,0.00621473573622733,13.0572774,0.34796917993289,-0.0194581981822744
7.5,-4.5,-1.2,0.3,4.10621466442317,1,0.0280001455642414,10.9650739,2.78270950440727,0.0129459048772582
7.5,-5,-1.2,0.3,4.15251801710152,1,0.0394295649001812,19.790935,2.79012434646678,0.0361118054768022
10,-3,-1.2,0.3,5.22197837565225,1,0.914576578351567,9.5135218,0.557688260149995,0.0262611616625068
10,-3.5,-1.2,0.3,5.2282856435905,1,0.936285685718916,10.8392343,0.568222446331653,0.0279335896190619
10,-4,-1.2,0.3,5.23086385491284,1,0.945417629341125,9.5921267,0.574468493405683,0.0288872863234631
10,-4.5,-1.2,0.3,5.23242155724995,1,0.951139959953981,16.0839714,0.575008341345059,0.0295390949693705
10,-5,-1.2,0.3,5.23345841903307,1,0.955027220844598,9.5010124,0.577407471646937,0.0299970907500398
