-10,15,0,2,-3.14159265358979,3.14159265358979,0,0.17,-0.17,0.17,0.17,-0.392699081698724,0.392699081698724,-0.085,0.085,-0.085,0.085,-0.392699081698724,0.392699081698724,4.72394366197183,1,0,0.11,0,0,69.2256722151088,0.630186784388739,5,0,4.72394366197183,0.557096996699301,1.69999998059156,-3.10165330218791,0,5.05651255965015e-09,0.168701323304955,-0.169999906761757,0.169999919754198,0.169999954942535,-0.392699009574523,0.343197805798166,-0.0849999121531913,0.0849999258410012,-0.0849997706800334,0.0849997141043192,-0.392692162848802,0.392692163135892,4.72394366197183,1,0,0.11,0,0,51.4401938301543,1.20000002166626,15.1155031100915,1,9.5169864,2,-0.6,0.25
-10,15,0,2,-3.14159265358979,3.14159265358979,0,0.17,-0.17,0.17,0.17,-0.392699081698724,0.392699081698724,-0.085,0.085,-0.085,0.085,-0.392699081698724,0.392699081698724,4.57105263157895,1,0,0.11,0,0,66.4838976812661,0.630186784388739,5,0,4.57105263157895,0.580395559518128,1.69999997297798,-3.10751676870812,0,5.65939247839932e-09,0.169427205578461,-0.169999888196408,0.169999913038993,0.169999913038993,-0.392698936110605,0.331160560885886,-0.0849997915058723,0.0849998887794828,-0.0849997637021957,0.0849990594049744,-0.392679859678337,0.392679877879754,4.57105263157895,1,0,0.11,0,0,52.0788904826913,1.20000005514352,15.6360668806366,1,12.657857,0,-0.65,0.25
-10,15,0,2,-3.14159265358979,3.14159265358979,0,0.17,-0.17,0.17,0.17,-0.392699081698724,0.392699081698724,-0.085,0.085,-0.085,0.085,-0.392699081698724,0.392699081698724,4.43703703703704,1,0,0.11,0,0,64.0974025974026,0.630186784388739,5,0,4.43703703703704,0.730793915686931,1.69999997062485,-3.08868723162159,0,7.04182407374724e-09,0.169463857796061,-0.169999875082846,0.169999904169194,0.169999957244212,-0.39269901246649,0.288150151034217,-0.0849998971919557,0.0849999015736351,-0.0849997105558546,0.0849981297834432,-0.392692728796805,0.392692729735998,4.43703703703704,1,0,0.11,0,0,48.2169997981017,1.20000003604127,15.5098016017227,1,8.7486026,2,-0.7,0.25
-10,15,0,2,-3.14159265358979,3.14159265358979,0,0.17,-0.17,0.17,0.17,-0.392699081698724,0.392699081698724,-0.085,0.085,-0.085,0.085,-0.392699081698724,0.392699081698724,4.31860465116279,1,0,0.11,0,0,62.0010570824524,0.630186784388739,5,0,4.31860465116279,0.519406889239126,1.69999996728605,-3.14133068075396,0,7.26106724139235e-09,0.168691021137805,-0.169999857698652,0.169999897900352,0.169999897900352,-0.392699006004734,0.296885407753938,-0.0849997681361859,0.084999788048514,-0.0849995718720256,0.0849993989860823,-0.392691310602444,0.392691090601128,4.31860465116279,1,0,0.11,0,0,49.6922858606046,1.20000004954036,15.7358905225248,1,12.8595483,2,-0.75,0.25
-10,15,0,2,-3.14159265358979,3.14159265358979,0,0.17,-0.17,0.17,0.17,-0.392699081698724,0.392699081698724,-0.085,0.085,-0.085,0.085,-0.392699081698724,0.392699081698724,4.21318681318681,1,0,0.11,0,0,60.1447927072927,0.630186784388739,5,0,4.21318681318681,0.60972984621728,1.69999996637279,-3.12770965856609,0.277898902200483,8.70917002787987e-09,0.168413367328479,-0.169999830884967,0.169999888741186,0.169999888741186,-0.392699032408361,0.298432740955511,-0.0849995984016576,0.0849998010709205,-0.0849994840848451,0.0849993544003317,-0.392697626524638,0.392696537533221,4.21318681318681,1,0,0.11,0,0,46.1140056768199,1.20000003844447,15.7402472710212,1,13.9078393,0,-0.8,0.25
-10,15,0,2,-3.14159265358979,3.14159265358979,0,0.17,-0.17,0.17,0.17,-0.392699081698724,0.392699081698724,-0.085,0.085,-0.085,0.085,-0.392699081698724,0.392699081698724,4.11875,1,0,0.11,0,0,58.4894719251337,0.630186784388739,5,0,4.11875,0.788090422649318,1.69999999407835,-3.08746065579335,0.012861222025451,2.14078737369005e-09,0.1697037481697,-0.169999973208988,0.169999979225973,0.169999982988179,-0.392699074546734,0.322992181332929,-0.0849998901818512,0.0849998188865081,-0.0849999785148575,0.0849999287113275,-0.392698350232017,0.3926986935785,4.11875,1,0,0.11,0,0,41.8250938653092,1.20058324707611,15.5537067811619,1,15.0889102,0,-0.85,0.25
-10,15,0,2,-3.14159265358979,3.14159265358979,0,0.17,-0.17,0.17,0.17,-0.392699081698724,0.392699081698724,-0.085,0.085,-0.085,0.085,-0.392699081698724,0.392699081698724,4.03366336633663,1,0,0.11,0,0,57.0040504050405,0.630186784388739,5,0,4.03366336633663,0.674908023736715,1.69999997461351,-3.14159134302371,0.0727124153624093,9.67785215002384e-09,0.169284742617687,-0.169999843288309,0.169999862944475,0.169999862944475,-0.392699058245165,0.21967908906415,-0.0849990653594522,0.0849993085291649,-0.0849998776133431,0.0849967622685614,-0.39269748810429,0.392697804594616,4.03366336633663,1,0,0.11,0,0,44.9636375385765,1.20000008037437,15.7653754119634,1,14.7070017,0,-0.9,0.25
-10,15,0,2,-3.14159265358979,3.14159265358979,0,0.17,-0.17,0.17,0.17,-0.392699081698724,0.392699081698724,-0.085,0.085,-0.085,0.085,-0.392699081698724,0.392699081698724,3.95660377358491,1,0,0.11,0,0,55.6635821973459,0.630186784388739,5,0,3.95660377358491,0.803762009291916,1.69999987073681,-3.12549027361704,0,6.40267708308823e-08,0.169516477928635,-0.169999098925402,0.169999110588158,0.169999202053633,-0.392698999565878,0.271087070862878,-0.0849971500158562,0.0849977580256447,-0.0849995864070354,0.084996329465627,-0.39269139401391,0.39268940835018,3.95660377358491,1,0,0.11,0,0,40.0855895450226,1.22281252826417,15.6805394396706,1,15.5883164,0,-0.95,0.25
-10,15,0,2,-3.14159265358979,3.14159265358979,0,0.17,-0.17,0.17,0.17,-0.392699081698724,0.392699081698724,-0.085,0.085,-0.085,0.085,-0.392699081698724,0.392699081698724,3.88648648648649,1,0,0.11,0,0,54.4477886977887,0.630186784388739,5,0,3.88648648648649,0.827121197452305,1.69999999511511,-3.12431549367855,0.0220293885280277,2.89458367764613e-09,0.169592277723459,-0.169999963746859,0.169999953338436,0.169999963746859,-0.392699078704018,0.319535537116488,-0.0849998651294177,0.0849997997752022,-0.0849999791911941,0.0849997303671658,-0.39269891326737,0.392698830366434,3.88648648648649,1,0,0.11,0,0,38.2540195068004,1.20000004397505,15.6016393282637,1,16.3201546,0,-1,0.25
-10,15,0,2,-3.14159265358979,3.14159265358979,0,0.17,-0.17,0.17,0.17,-0.392699081698724,0.392699081698724,-0.085,0.085,-0.085,0.085,-0.392699081698724,0.392699081698724,3.82241379310345,1,0,0.11,0,0,53.340013434841,0.630186784388739,5,0,3.82241379310345,0.784526692174172,1.69999987624639,-3.08891424772763,0,7.90750050136405e-08,0.169539279509054,-0.169998994108822,0.169998594193493,0.169998994108843,-0.392699012669176,0.288971812936463,-0.084997334594509,0.0849976457789059,-0.0849994021489747,0.0849915252715275,-0.392695793212127,0.392694972192798,3.82241379310345,1,0,0.11,0,0,39.0103017809917,1.20000142288196,15.7016464668492,1,32.6326988,0,-1.05,0.25
-10,15,0,2,-3.14159265358979,3.14159265358979,0,0.17,-0.17,0.17,0.17,-0.392699081698724,0.392699081698724,-0.085,0.085,-0.085,0.085,-0.392699081698724,0.392699081698724,3.76363636363636,1,0,0.11,0,0,52.3264462809917,0.630186784388739,5,0,3.76363636363636,0.895351640464953,1.69999997342587,-3.07616279045822,0,1.69507922501952e-08,0.169904311150727,-0.169999764300597,0.169999776430191,0.169999805539948,-0.392699070591218,0.312512854098927,-0.0849991959734001,0.084999624552498,-0.0849999102876522,0.0849990160894097,-0.392697592362133,0.392698468170451,3.76363636363636,1,0,0.11,0,0,36.9517517555388,1.20000036817775,15.6565940771616,1,40.8128982,0,-1.1,0.25
-10,15,0,2,-3.14159265358979,3.14159265358979,0,0.17,-0.17,0.17,0.17,-0.392699081698724,0.392699081698724,-0.085,0.085,-0.085,0.085,-0.392699081698724,0.392699081698724,3.70952380952381,1,0,0.11,0,0,51.3955392433653,0.630186784388739,5,0,3.70952380952381,0.82989719801269,1.69999681377456,-3.07785150844617,0,2.10253104368881e-06,0.168836823600398,-0.169966326837245,0.169956274834714,0.169966326853954,-0.392697889495784,0.284060857145767,-0.0844123427947999,0.084638310047522,-0.0849881384527772,0.0813663345859141,-0.392448855902509,0.39262516596441,3.70952380952381,1,0,0.11,0,0,38.2738484330526,1.20001553479031,15.7527102498143,1,44.170731,0,-1.15,0.25
-10,15,0,2,-3.14159265358979,3.14159265358979,0,0.17,-0.17,0.17,0.17,-0.392699081698724,0.392699081698724,-0.085,0.085,-0.085,0.085,-0.392699081698724,0.392699081698724,3.65954198473282,1,0,0.11,0,0,50.537560721721,0.630186784388739,5,0,3.65954198473282,0.964240355341498,1.69999691158091,-3.03764819677917,0,2.19438842301333e-06,0.169883396244847,-0.169966819969921,0.169943431014584,0.169966819992807,-0.392698109761629,0.281800376425681,-0.0840649943879425,0.084833766263178,-0.0849900595491132,0.0838096883300376,-0.392650988296736,0.3926217135355,3.65954198473282,1,0,0.11,0,0,37.1723981634509,1.20000792845921,6.02584138649625,0,44.1126918,0,-1.2,0.25
-10,15,0,2,-3.14159265358979,3.14159265358979,0,0.17,-0.17,0.17,0.17,-0.392699081698724,0.392699081698724,-0.085,0.085,-0.085,0.085,-0.392699081698724,0.392699081698724,4.72394366197183,1,0,0.11,0,0,69.2256722151088,0.630186784388739,5,0,4.72394366197183,1,1.69999999074219,-1.05920688360853,0.00530415628034861,4.92208693063437e-11,0.169999997977219,-0.0678447392074072,0.0805364628765612,0.170066601981005,-0.102721068506772,0.0688930618841839,-0.0825104832951994,0.0794836144525222,-0.0393055626650535,0.0257247599147824,-0.0270302372392125,0.016331625355587,4.72394366197183,1,0,0.11,0,0,54.7296120500474,1.15166655997224,6.73595225231352,1,29.8372165,0,-0.6,0.5
-10,15,0,2,-3.14159265358979,3.14159265358979,0,0.17,-0.17,0.17,0.17,-0.392699081698724,0.392699081698724,-0.085,0.085,-0.085,0.085,-0.392699081698724,0.392699081698724,4.57105263157895,1,0,0.11,0,0,66.4838976812661,0.630186784388739,5,0,4.57105263157895,0.964762537892144,1.69999999784985,-1.62539079850847,1.53941432939916,2.79996151216349e-09,0.169999999328302,-0.100203164238914,0.108067473316866,0.170006042984094,-0.392303461863925,0.377183783563668,-0.0849999940919062,0.0849999963238111,-0.0589927664096915,0.0673318045527185,-0.232977406735898,0.278642511047334,4.57105263157895,1,0,0.11,0,0,54.1885982120986,1.11341877782648,1.42567621486593,1,31.0445031,0,-0.65,0.5
-10,15,0,2,-3.14159265358979,3.14159265358979,0,0.17,-0.17,0.17,0.17,-0.392699081698724,0.392699081698724,-0.085,0.085,-0.085,0.085,-0.392699081698724,0.392699081698724,4.43703703703704,1,0,0.11,0,0,64.0974025974026,0.630186784388739,5,0,4.43703703703704,1,1.69999999647018,-1.82704932753398,0,1.2988125616108e-10,0.16999998570935,-0.0822764803822995,0.0635093365465949,0.170098611682536,-0.272324729230494,0.167634930038928,-0.0849998359877029,0.0849998849624508,-0.0482888962266669,0.04256704325647,-0.0786895249371442,0.0835779686559511,4.43703703703704,1,0,0.11,0,0,50.5761229921311,1.12338863648541,5.4790799908142,0,5.6938164,-2,-0.7,0.5
-10,15,0,2,-3.14159265358979,3.14159265358979,0,0.17,-0.17,0.17,0.17,-0.392699081698724,0.392699081698724,-0.085,0.085,-0.085,0.085,-0.392699081698724,0.392699081698724,4.31860465116279,1,0,0.11,0,0,62.0010570824524,0.630186784388739,5,0,4.31860465116279,1,1.6999999999418,-0.518910378496208,0,1.72050114218131e-10,0.169999999863994,-0.0695751696260753,0.0943399669909318,0.170001923507307,-0.0846273721452641,0.0526420433195139,-0.0849999991484515,0.0849999994596092,-0.0450250243866888,0.0260435424811494,-0.0277613815033391,0.0476261988177758,4.31860465116279,1,0,0.11,0,0,46.7763297985585,1.07792324483726,6.47072562213393,1,19.314477,-2,-0.75,0.5
-10,15,0,2,-3.14159265358979,3.14159265358979,0,0.17,-0.17,0.17,0.17,-0.392699081698724,0.392699081698724,-0.085,0.085,-0.085,0.085,-0.392699081698724,0.392699081698724,4.21318681318681,1,0,0.11,0,0,60.1447927072927,0.630186784388739,5,0,4.21318681318681,1,1.69999999990919,-1.07230953026935,0,3.8925538426789e-10,0.169999999867467,-0.0878499375251655,0.0777844635481131,0.170004077708715,-0.246794229851121,0.255803609380573,-0.0849999995464342,0.0849999995656693,-0.0422057954083004,0.0513605723696912,-0.204097273930238,0.154312440759063,4.21318681318681,1,0,0.11,0,0,47.2759322866303,1.08415124694932,3.52993627740173,1,35.6734285,-2,-0.8,0.5
-10,15,0,2,-3.14159265358979,3.14159265358979,0,0.17,-0.17,0.17,0.17,-0.392699081698724,0.392699081698724,-0.085,0.085,-0.085,0.085,-0.392699081698724,0.392699081698724,4.11875,1,0,0.11,0,0,58.4894719251337,0.630186784388739,5,0,4.11875,1,1.69999995095006,-0.506275503814429,0,1.6236296059995e-07,0.169999857612332,-0.0648707428852859,0.0976420493055031,0.170006230314055,-0.0915632942125312,0.0301548122333049,-0.0849988355458664,0.0849993430739845,-0.0523785140348863,0.03186430085135,-0.0354822421403733,0.0522887190240521,4.11875,1,0,0.11,0,0,44.076176213572,1.08907795381299,6.47827964972396,1,36.8717409,0,-0.85,0.5
-10,15,0,2,-3.14159265358979,3.14159265358979,0,0.17,-0.17,0.17,0.17,-0.392699081698724,0.392699081698724,-0.085,0.085,-0.085,0.085,-0.392699081698724,0.392699081698724,4.03366336633663,1,0,0.11,0,0,57.0040504050405,0.630186784388739,5,0,4.03366336633663,0.988299334064368,1.69999992348257,-1.00923621866616,0,1.07510050121696e-07,0.169999826296803,-0.126525774650576,0.110836193036398,0.17000635625617,-0.106859135316021,0.129617347777289,-0.0849993991447722,0.0849995631818982,-0.0749239309022952,0.0740077542430663,-0.0985104919529443,0.0612892600548513,4.03366336633663,1,0,0.11,0,0,44.7782236130697,1.05063645492194,6.71673354196046,1,37.1661723,0,-0.9,0.5
-10,15,0,2,-3.14159265358979,3.14159265358979,0,0.17,-0.17,0.17,0.17,-0.392699081698724,0.392699081698724,-0.085,0.085,-0.085,0.085,-0.392699081698724,0.392699081698724,3.95660377358491,1,0,0.11,0,0,55.6635821973459,0.630186784388739,5,0,3.95660377358491,1,1.69999999969031,-1.044803654365,0,1.23487541453099e-10,0.169999999868153,-0.0889718035874646,0.10083607971623,0.171387431550885,-0.1393982664925,0.0525468919521109,-0.0849999992546675,0.0849999647742276,-0.0582593873746554,0.0427771641253569,-0.0430333054147055,0.0343869667162808,3.95660377358491,1,0,0.11,0,0,41.9601922499606,1.06811705255718,6.87818053352295,1,40.632864,0,-0.95,0.5
-10,15,0,2,-3.14159265358979,3.14159265358979,0,0.17,-0.17,0.17,0.17,-0.392699081698724,0.392699081698724,-0.085,0.085,-0.085,0.085,-0.392699081698724,0.392699081698724,3.88648648648649,1,0,0.11,0,0,54.4477886977887,0.630186784388739,5,0,3.88648648648649,1,1.69999999978803,-0.541931991607193,0,1.24818527425697e-09,0.169999999798628,-0.0769999417363885,0.094674057880919,0.170023737309104,-0.0867346655952924,0.0156112294416954,-0.0849999924218017,0.0849999956922205,-0.0616866204067637,0.0152486118055715,-0.0318770851179007,0.0418215383574244,3.88648648648649,1,0,0.11,0,0,40.1120166220363,1.0624969653346,6.52803407770395,1,41.4337422,0,-1,0.5
-10,15,0,2,-3.14159265358979,3.14159265358979,0,0.17,-0.17,0.17,0.17,-0.392699081698724,0.392699081698724,-0.085,0.085,-0.085,0.085,-0.392699081698724,0.392699081698724,3.82241379310345,1,0,0.11,0,0,53.340013434841,0.630186784388739,5,0,3.82241379310345,1,1.69999999104437,-0.697408834593167,0,0.000262175601409712,0.169999967981962,-0.119964296731242,0.0779108670268277,0.170010084704912,-0.0854327696893248,0.0307170979307267,-0.0849996571184498,0.0849999426668216,-0.0596790621943662,0.0757512808472645,-0.0283078992001545,0.0261235170079803,3.82241379310345,1,0,0.11,0,0,40.1499595651294,1.04380775283816,6.55782672897114,1,43.4324878,0,-1.05,0.5
-10,15,0,2,-3.14159265358979,3.14159265358979,0,0.17,-0.17,0.17,0.17,-0.392699081698724,0.392699081698724,-0.085,0.085,-0.085,0.085,-0.392699081698724,0.392699081698724,3.76363636363636,1,0,0.11,0,0,52.3264462809917,0.630186784388739,5,0,3.76363636363636,1,1.69999994377261,-0.476529717562124,0,0.000359013617064895,0.169999794299321,-0.0799065288713861,0.0925720490848515,0.170013161520273,-0.0939078104891877,0.0383969751923428,-0.0849977171517393,0.0849992690140443,-0.0615227855548646,0.0182267207702494,-0.0486818785860022,0.066786561079629,3.76363636363636,1,0,0.11,0,0,38.5873492523837,1.07810833581365,6.4455164862315,1,43.9945627,0,-1.1,0.5
-10,15,0,2,-3.14159265358979,3.14159265358979,0,0.17,-0.17,0.17,0.17,-0.392699081698724,0.392699081698724,-0.085,0.085,-0.085,0.085,-0.392699081698724,0.392699081698724,3.70952380952381,1,0,0.11,0,0,51.3955392433653,0.630186784388739,5,0,3.70952380952381,1,1.69999999897308,-1.09394271466767,0,0.000101209187468197,0.169999916603356,-0.108492375049717,0.0823605940941348,0.170028258530651,-0.141763307555263,0.0643970042764414,-0.084999924352958,0.0849999650567189,-0.0758348419706357,0.0820101099377585,-0.0659383013007682,0.0535595798773461,3.70952380952381,1,0,0.11,0,0,38.6087570581168,1.01984994611923,0.701053746581595,1,48.7026544,0,-1.15,0.5
-10,15,0,2,-3.14159265358979,3.14159265358979,0,0.17,-0.17,0.17,0.17,-0.392699081698724,0.392699081698724,-0.085,0.085,-0.085,0.085,-0.392699081698724,0.392699081698724,3.65954198473282,1,0,0.11,0,0,50.537560721721,0.630186784388739,5,0,3.65954198473282,1,1.6999999854409,-0.859476508899992,0,0.000528056686900975,0.169999934736607,-0.0841615029309418,0.0996992114960405,0.170033959909506,-0.123378909784408,0.0392141258752035,-0.0849997478463408,0.0849999967461711,-0.0732516359349095,0.0245749321236484,-0.0462045821523806,0.0359025674999705,3.65954198473282,1,0,0.11,0,0,37.249931219349,1.08604334875303,6.66577716556773,1,49.1568806,0,-1.2,0.5
-10,15,0,2,-3.14159265358979,3.14159265358979,0,0.17,-0.17,0.17,0.17,-0.392699081698724,0.392699081698724,-0.085,0.085,-0.085,0.085,-0.392699081698724,0.392699081698724,4.72394366197183,1,0,0.11,0,0,69.2256722151088,0.630186784388739,5,0,4.72394366197183,1,1.69999993373928,-1.38412227008807,0,1.41030340512539e-07,0.169999899412368,-0.0963139712629669,0.0770993188393459,0.170014123150905,-0.169020847741849,0.385781528477243,-0.0836956689659245,0.0756923487326428,-0.0755475210870855,0.0784564417357111,-0.204947738404353,0.184249680638376,4.72394366197183,1,0,0.11,0,0,54.7733269203531,0.938092083230028,5.73013266243694,1,15.6145382,-2,-0.6,0.75
-10,15,0,2,-3.14159265358979,3.14159265358979,0,0.17,-0.17,0.17,0.17,-0.392699081698724,0.392699081698724,-0.085,0.085,-0.085,0.085,-0.392699081698724,0.392699081698724,4.57105263157895,1,0,0.11,0,0,66.4838976812661,0.630186784388739,5,0,4.57105263157895,1,1.69999998253223,-1.28017821330358,0.921527213468548,1.00369189666854e-07,0.169999973521731,-0.109565054473595,0.0683119228029703,0.170013191265497,-0.320540187738821,0.391885592127412,-0.0849999039841048,0.0849999040251904,-0.0785041180940815,0.0842593405882772,-0.319305500616605,0.363273325072522,4.57105263157895,1,0,0.11,0,0,53.5803296906927,0.808983084949595,0.746297449263219,1,30.9379712,0,-0.65,0.75
-10,15,0,2,-3.14159265358979,3.14159265358979,0,0.17,-0.17,0.17,0.17,-0.392699081698724,0.392699081698724,-0.085,0.085,-0.085,0.085,-0.392699081698724,0.392699081698724,4.43703703703704,1,0,0.11,0,0,64.0974025974026,0.630186784388739,5,0,4.43703703703704,1,1.6999999541944,-1.2543340282295,0.362382809704285,2.66960637513497e-07,0.169999928532757,-0.0598068973228055,0.0484774196924198,0.170006892797406,-0.240385427603784,0.366903889351676,-0.0849997425287669,0.084999744595618,-0.0346600809259237,0.0567642892043619,-0.254301010457594,0.274333780500374,4.43703703703704,1,0,0.11,0,0,50.2970964988211,0.875341716210337,0.167656988329405,0,29.7662628,0,-0.7,0.75
-10,15,0,2,-3.14159265358979,3.14159265358979,0,0.17,-0.17,0.17,0.17,-0.392699081698724,0.392699081698724,-0.085,0.085,-0.085,0.085,-0.392699081698724,0.392699081698724,4.31860465116279,1,0,0.11,0,0,62.0010570824524,0.630186784388739,5,0,4.31860465116279,1,1.69999997755023,-1.16399881766286,0,3.11997987091724e-09,0.169999956220584,-0.0657421367698348,0.0778454588994697,0.170013330247103,-0.062512030056317,0.0406417839630656,-0.0849999893852766,0.0849998022309661,-0.0467486045264509,0.0412563550576451,-0.0208195026154816,0.0193139716017683,4.31860465116279,1,0,0.11,0,0,47.1496505811393,0.816677719252197,0.550079256779956,1,17.2585603,0,-0.75,0.75
-10,15,0,2,-3.14159265358979,3.14159265358979,0,0.17,-0.17,0.17,0.17,-0.392699081698724,0.392699081698724,-0.085,0.085,-0.085,0.085,-0.392699081698724,0.392699081698724,4.21318681318681,1,0,0.11,0,0,60.1447927072927,0.630186784388739,5,0,4.21318681318681,0.984305785700946,1.69999996563045,-1.1296432595996,0,2.80417111438219e-07,0.16999993881842,-0.0999001967560947,0.084991859530763,0.170014187661117,-0.0897772569895568,0.0310156039168669,-0.0849997102180003,0.0849997121883846,-0.0761771515610618,0.0826348574518049,-0.0320385439207635,0.0333980225449914,4.21318681318681,1,0,0.11,0,0,46.8135939245694,0.785574002404767,0.416120834885064,1,16.0451093,0,-0.8,0.75
-10,15,0,2,-3.14159265358979,3.14159265358979,0,0.17,-0.17,0.17,0.17,-0.392699081698724,0.392699081698724,-0.085,0.085,-0.085,0.085,-0.392699081698724,0.392699081698724,4.11875,1,0,0.11,0,0,58.4894719251337,0.630186784388739,5,0,4.11875,1,1.69999992377747,-1.1024792660282,0,7.66079328917629e-08,0.169999770797525,-0.0900613377989884,0.151721000727026,0.170032984170786,-0.15527075404585,0.177004679194988,-0.084998239642451,0.0849999390453988,-0.0750931381411436,0.0738601552025732,-0.0814901007298259,0.0794974294850077,4.11875,1,0,0.11,0,0,44.2962709125247,0.875854407165159,7.05971817668362,1,17.5590539,0,-0.85,0.75
-10,15,0,2,-3.14159265358979,3.14159265358979,0,0.17,-0.17,0.17,0.17,-0.392699081698724,0.392699081698724,-0.085,0.085,-0.085,0.085,-0.392699081698724,0.392699081698724,4.03366336633663,1,0,0.11,0,0,57.0040504050405,0.630186784388739,5,0,4.03366336633663,1,1.69999999942588,-0.465859916546486,0,1.06754190948248e-08,0.169999998358766,-0.075288992549961,0.0964968431120464,0.170027149436911,-0.0681339957192194,0.0267576105372957,-0.0849999827144225,0.0849999951511145,-0.053206999693281,0.0177134147576011,-0.0403974665953441,0.0393033918172102,4.03366336633663,1,0,0.11,0,0,42.3493894561073,0.783407197782888,6.5906237341067,1,16.4494502,0,-0.9,0.75
-10,15,0,2,-3.14159265358979,3.14159265358979,0,0.17,-0.17,0.17,0.17,-0.392699081698724,0.392699081698724,-0.085,0.085,-0.085,0.085,-0.392699081698724,0.392699081698724,3.95660377358491,1,0,0.11,0,0,55.6635821973459,0.630186784388739,5,0,3.95660377358491,1,1.69999997230365,-0.640129342305337,0,0.000216094938500149,0.169999929974864,-0.0895660711722686,0.0904672190468102,0.170045244222967,-0.0622082405518348,0.034625883326464,-0.0849993197507418,0.0849997871921485,-0.0574328083626725,0.0653800335287112,-0.0367723155993474,0.0192984931222562,3.95660377358491,1,0,0.11,0,0,41.8197705620844,0.830478038461393,6.69936324494568,1,19.3223767,0,-0.95,0.75
-10,15,0,2,-3.14159265358979,3.14159265358979,0,0.17,-0.17,0.17,0.17,-0.392699081698724,0.392699081698724,-0.085,0.085,-0.085,0.085,-0.392699081698724,0.392699081698724,3.88648648648649,1,0,0.11,0,0,54.4477886977887,0.630186784388739,5,0,3.88648648648649,1,1.69999988957186,-0.684096216111101,0,0.000283491480933512,0.169999752973143,-0.0892768228666814,0.0998821159987437,0.170072092814037,-0.0731763306972209,0.0523260181420924,-0.0849991314318749,0.0849988696701199,-0.0782958923844019,0.0571729503086327,-0.0435431116372979,0.0157976523232454,3.88648648648649,1,0,0.11,0,0,40.2564027385486,0.81774913530673,6.70940045642477,1,18.601902,0,-1,0.75
-10,15,0,2,-3.14159265358979,3.14159265358979,0,0.17,-0.17,0.17,0.17,-0.392699081698724,0.392699081698724,-0.085,0.085,-0.085,0.085,-0.392699081698724,0.392699081698724,3.82241379310345,1,0,0.11,0,0,53.340013434841,0.630186784388739,5,0,3.82241379310345,0.899794348000794,1.69999993997702,-1.09132134324276,0,0.000758471104218074,0.169999975433517,-0.12122095107496,0.09795581225875,0.170043288540949,-0.162570184447219,0.128772004063184,-0.0849977361289467,0.0849992641600269,-0.0715292406646882,0.0556531005756929,-0.0740703084928877,0.0624545455672002,3.82241379310345,1,0,0.11,0,0,39.8206438874083,0.768574951222837,7.04604171007752,1,20.3439543,0,-1.05,0.75
-10,15,0,2,-3.14159265358979,3.14159265358979,0,0.17,-0.17,0.17,0.17,-0.392699081698724,0.392699081698724,-0.085,0.085,-0.085,0.085,-0.392699081698724,0.392699081698724,3.76363636363636,1,0,0.11,0,0,52.3264462809917,0.630186784388739,5,0,3.76363636363636,1,1.69999990736862,-0.836075561371773,0,0.000571563468268917,0.169999812893814,-0.0739500043679497,0.0880670990843972,0.17002837174952,-0.0944805705159127,0.052563103219492,-0.0849992326626165,0.0849989960128856,-0.0623596471004974,0.0167387391311937,-0.0527918314234799,0.0179192923225602,3.76363636363636,1,0,0.11,0,0,38.5234738526289,0.863185943448325,6.74874190084943,1,22.232694,0,-1.1,0.75
-10,15,0,2,-3.14159265358979,3.14159265358979,0,0.17,-0.17,0.17,0.17,-0.392699081698724,0.392699081698724,-0.085,0.085,-0.085,0.085,-0.392699081698724,0.392699081698724,3.70952380952381,1,0,0.11,0,0,51.3955392433653,0.630186784388739,5,0,3.70952380952381,1,1.699999958336,-1.0618854360295,0,0.000322356859249532,0.169999672807214,-0.118203020309994,0.0926792973240605,0.170053405594245,-0.0794212275969947,0.0323099345638019,-0.0849964247335316,0.0849988668046555,-0.0794056037694302,0.0697197702680567,-0.0287032675902965,0.0187380188315554,3.70952380952381,1,0,0.11,0,0,38.1897579984035,0.727299073739377,3.00493095829543,0,27.4344212,0,-1.15,0.75
-10,15,0,2,-3.14159265358979,3.14159265358979,0,0.17,-0.17,0.17,0.17,-0.392699081698724,0.392699081698724,-0.085,0.085,-0.085,0.085,-0.392699081698724,0.392699081698724,3.65954198473282,1,0,0.11,0,0,50.537560721721,0.630186784388739,5,0,3.65954198473282,1,1.69999999924274,-0.859221397426392,0,0.000231840172514579,0.169999998581884,-0.0771691181095136,0.0918848940346253,0.170033496683785,-0.108175436495825,0.0642804083003662,-0.0849999935238425,0.0849999914512003,-0.0662616718413219,0.0203365183354885,-0.0716363661399518,0.0227346435653014,3.65954198473282,1,0,0.11,0,0,37.0676741982815,0.889408752671709,6.86727437778688,1,23.6598948,0,-1.2,0.75
-10,15,0,2,-3.14159265358979,3.14159265358979,0,0.17,-0.17,0.17,0.17,-0.392699081698724,0.392699081698724,-0.085,0.085,-0.085,0.085,-0.392699081698724,0.392699081698724,4.72394366197183,1,0,0.11,0,0,69.2256722151088,0.630186784388739,5,0,4.72394366197183,1,1.69999995400741,-1.33675324665007,0,1.26253563265125e-09,0.169999949390319,-0.070705512086197,0.101208130497176,0.170020008768805,-0.112550381666901,0.118119991974089,-0.0824932568824566,0.0834726470342821,-0.0572373280118308,0.0645645235988895,-0.0434360804024725,0.0343247076940761,4.72394366197183,1,0,0.11,0,0,54.7437888439249,0.749771612294361,6.82191830208911,1,1.7394024,-2,-0.6,1
-10,15,0,2,-3.14159265358979,3.14159265358979,0,0.17,-0.17,0.17,0.17,-0.392699081698724,0.392699081698724,-0.085,0.085,-0.085,0.085,-0.392699081698724,0.392699081698724,4.43703703703704,1,0,0.11,0,0,64.0974025974026,0.630186784388739,5,0,4.43703703703704,1,1.6999999705661,-1.13100232916607,0,1.15623344509034e-07,0.169999969796456,-0.086891599277236,0.101502180712062,0.170003990934464,-0.105276996780563,0.0597160077282419,-0.0849998827543036,0.0849998829112573,-0.0501463810516682,0.0368305793291186,-0.0322950689518562,0.0176496297619645,4.43703703703704,1,0,0.11,0,0,50.0481133825309,0.651472959092428,6.83990882894589,1,13.6839359,0,-0.7,1
-10,15,0,2,-3.14159265358979,3.14159265358979,0,0.17,-0.17,0.17,0.17,-0.392699081698724,0.392699081698724,-0.085,0.085,-0.085,0.085,-0.392699081698724,0.392699081698724,4.31860465116279,1,0,0.11,0,0,62.0010570824524,0.630186784388739,5,0,4.31860465116279,1,1.69999996616119,-0.91907844467712,0,1.64890660298974e-07,0.169999930289558,-0.0749642268056004,0.0994017903128472,0.170015535100221,-0.0835230034942191,0.0575673891963275,-0.0849994747656244,0.0849997149158458,-0.0525933720725757,0.0383312553839334,-0.0345912130184472,0.0124068564916334,4.31860465116279,1,0,0.11,0,0,47.4286430055146,0.585398450287914,6.95620097414214,1,15.5490865,0,-0.75,1
-10,15,0,2,-3.14159265358979,3.14159265358979,0,0.17,-0.17,0.17,0.17,-0.392699081698724,0.392699081698724,-0.085,0.085,-0.085,0.085,-0.392699081698724,0.392699081698724,3.88648648648649,1,0,0.11,0,0,54.4477886977887,0.630186784388739,5,0,3.88648648648649,1,1.69999999112838,-0.974311685901316,0,0.000587342869163962,0.169999986386705,-0.0744743268943664,0.0966397439544847,0.170034792751732,-0.112827840415343,0.0873206223006049,-0.0849999495349072,0.0849999342837586,-0.0645348913711386,0.0195042106153443,-0.0634072910255029,0.0206475479297028,3.88648648648649,1,0,0.11,0,0,40.2848838147992,0.594921994339615,7.03010717552378,1,18.8863254,0,-1,1
-10,15,0,2,-3.14159265358979,3.14159265358979,0,0.17,-0.17,0.17,0.17,-0.392699081698724,0.392699081698724,-0.085,0.085,-0.085,0.085,-0.392699081698724,0.392699081698724,3.76363636363636,1,0,0.11,0,0,52.3264462809917,0.630186784388739,5,0,3.76363636363636,1,1.69999999487934,-0.626610808841397,0,0.000728143197523768,0.169999992710716,-0.0789507318529732,0.0861967041628671,0.170057440303953,-0.0514614408796998,0.0737121175334795,-0.0849999697814827,0.0849999603366167,-0.0622826916338241,0.0154447704009088,-0.0334576059072625,0.0366200409289088,3.76363636363636,1,0,0.11,0,0,38.4667417259008,0.672843022095842,6.89551962790221,1,20.1611539,0,-1.1,1
-10,15,0,2,-3.14159265358979,3.14159265358979,0,0.17,-0.17,0.17,0.17,-0.392699081698724,0.392699081698724,-0.085,0.085,-0.085,0.085,-0.392699081698724,0.392699081698724,3.70952380952381,1,0,0.11,0,0,51.3955392433653,0.630186784388739,5,0,3.70952380952381,0.986678293347531,1.17212235771861,-0.637268537057759,0.0408345398600439,9.1142277849787e-08,0.169999999736938,-0.0203541356627682,0.0667733198432655,0.17004196230242,-0.105850566471843,0.0626787043726869,-0.0849998308026755,0.0849999628615227,-0.0849984240864809,0.0849934848878443,-0.0675469407045379,0.0188324435609677,3.70952380952381,1,0,0.11,0,0,36.9898713875985,0.297485088154713,6.26880978252985,1,21.1715112,0,-1.15,1
-10,15,0,2,-3.14159265358979,3.14159265358979,0,0.17,-0.17,0.17,0.17,-0.392699081698724,0.392699081698724,-0.085,0.085,-0.085,0.085,-0.392699081698724,0.392699081698724,3.65954198473282,1,0,0.11,0,0,50.537560721721,0.630186784388739,5,0,3.65954198473282,1,1.69999999625978,-0.574045044670705,0,0.000689509269172263,0.169999995015103,-0.0832924113938901,0.0861192681915425,0.170050667778842,-0.0442188338472154,0.0802525516039909,-0.0849999777016548,0.0849999698317273,-0.0650171431242153,0.0211340468927631,-0.0379823625664668,0.0458791565634271,3.65954198473282,1,0,0.11,0,0,36.9597654032851,0.715017137345685,6.84728285366125,1,23.5492355,0,-1.2,1
-10,15,0,2,-3.14159265358979,3.14159265358979,0,0.17,-0.17,0.17,0.17,-0.392699081698724,0.392699081698724,-0.085,0.085,-0.085,0.085,-0.392699081698724,0.392699081698724,4.72394366197183,1,0,0.11,0,0,69.2256722151088,0.630186784388739,5,0,4.72394366197183,0.300000065387134,1,0,1.38409390677702,1.40615660642078e-07,0.169999900813099,-0.0770910044141942,0.0963107759969026,0.170014123645844,-0.385785545611679,0.168968813593383,-0.0836955872070546,0.0756924531342335,-0.0784555812237909,0.0755493540030967,-0.184283351207505,0.204922218409043,4.72394366197183,1,0,0.11,0,0,54.7733141795455,0.938091884302528,5.73013132955245,1,7.6928636,-2,-0.6,1.25
-10,15,0,2,-3.14159265358979,3.14159265358979,0,0.17,-0.17,0.17,0.17,-0.392699081698724,0.392699081698724,-0.085,0.085,-0.085,0.085,-0.392699081698724,0.392699081698724,4.57105263157895,1,0,0.11,0,0,66.4838976812661,0.630186784388739,5,0,4.57105263157895,0.300000003003752,1,-0.910617772985507,1.40104589561077,1.85637468235568e-08,0.169999995260489,-0.0796383388862684,0.124082859929737,0.170014809142555,-0.391762896526599,0.332848417291336,-0.0849999822716797,0.0849999822946148,-0.0844451532680675,0.0801534119280524,-0.37184465347093,0.331617811518131,4.57105263157895,1,0,0.11,0,0,53.5792610795883,0.808964903419149,0.746282565037122,1,14.1026131,0,-0.65,1.25
-10,15,0,2,-3.14159265358979,3.14159265358979,0,0.17,-0.17,0.17,0.17,-0.392699081698724,0.392699081698724,-0.085,0.085,-0.085,0.085,-0.392699081698724,0.392699081698724,4.43703703703704,1,0,0.11,0,0,64.0974025974026,0.630186784388739,5,0,4.43703703703704,0.300000042650228,1,-0.409805468273787,1.28870499178872,2.67683162123659e-07,0.169999927458874,-0.0521417212355483,0.0562777984721477,0.170009381262808,-0.370837736781268,0.262806705795054,-0.084999748049546,0.0849997509798501,-0.0599057485028847,0.0356829541935506,-0.282483506381019,0.260047480824915,4.43703703703704,1,0,0.11,0,0,50.2970285352766,0.875334347210118,0.0838283808921272,0,14.262403,0,-0.7,1.25
-10,15,0,2,-3.14159265358979,3.14159265358979,0,0.17,-0.17,0.17,0.17,-0.392699081698724,0.392699081698724,-0.085,0.085,-0.085,0.085,-0.392699081698724,0.392699081698724,4.31860465116279,1,0,0.11,0,0,62.0010570824524,0.630186784388739,5,0,4.31860465116279,0.300000033437138,1,0,0.933313088888068,4.76455303304755e-08,0.169999921393973,-0.0840259305705875,0.0735186061579388,0.170012831919164,-0.0491324773683305,0.0861782227921373,-0.0849998338826812,0.0849996841734284,-0.0316812429565768,0.0465803934171026,-0.0151358470008775,0.02570723627151,4.31860465116279,1,0,0.11,0,0,47.1496270694592,0.816681297938051,6.83669592507158,1,16.5962889,0,-0.75,1.25
-10,15,0,2,-3.14159265358979,3.14159265358979,0,0.17,-0.17,0.17,0.17,-0.392699081698724,0.392699081698724,-0.085,0.085,-0.085,0.085,-0.392699081698724,0.392699081698724,4.21318681318681,1,0,0.11,0,0,60.1447927072927,0.630186784388739,5,0,4.21318681318681,0.300000033480193,1.01528350343803,0,1.10652488561744,2.71907905857368e-07,0.169999998910749,-0.0851564196060518,0.0991275024471682,0.170014160190106,-0.0300510405910311,0.0859330297506146,-0.0849997165196961,0.0849997182815592,-0.0824341563118157,0.075427746873599,-0.0317996021359223,0.0310828481476418,4.21318681318681,1,0,0.11,0,0,46.8135964639461,0.785576350187798,0.499345028948758,1,16.1687274,0,-0.8,1.25
-10,15,0,2,-3.14159265358979,3.14159265358979,0,0.17,-0.17,0.17,0.17,-0.392699081698724,0.392699081698724,-0.085,0.085,-0.085,0.085,-0.392699081698724,0.392699081698724,4.11875,1,0,0.11,0,0,58.4894719251337,0.630186784388739,5,0,4.11875,0.300000076229096,1,0,1.10255719859531,7.65768541058767e-08,0.169999770636318,-0.151702872765933,0.0900570051443822,0.17003298542733,-0.177035757498732,0.155260237724289,-0.0849982389188517,0.0849999390686367,-0.0738509227426788,0.0750804273396122,-0.0795218551407114,0.0814850401463817,4.11875,1,0,0.11,0,0,44.2962710986614,0.875854435472455,7.05971820634915,1,17.7143946,0,-0.85,1.25
-10,15,0,2,-3.14159265358979,3.14159265358979,0,0.17,-0.17,0.17,0.17,-0.392699081698724,0.392699081698724,-0.085,0.085,-0.085,0.085,-0.392699081698724,0.392699081698724,4.03366336633663,1,0,0.11,0,0,57.0040504050405,0.630186784388739,5,0,4.03366336633663,0.300000000005195,1,0,0.441822739954,9.7130608547042e-11,0.169999999984227,-0.0965931045610096,0.0790033794335523,0.170023471411673,-0.0348765532657279,0.0680401553123609,-0.0849999998569828,0.0849999999559639,-0.0181605528167554,0.0570672747092388,-0.0438260210766383,0.0406742066566537,4.03366336633663,1,0,0.11,0,0,42.3496333804091,0.783400579537022,6.59066169482617,1,12.0719823,-2,-0.9,1.25
-10,15,0,2,-3.14159265358979,3.14159265358979,0,0.17,-0.17,0.17,0.17,-0.392699081698724,0.392699081698724,-0.085,0.085,-0.085,0.085,-0.392699081698724,0.392699081698724,3.95660377358491,1,0,0.11,0,0,55.6635821973459,0.630186784388739,5,0,3.95660377358491,0.300000031470152,1,0,0.673991365635269,0.000214385554440389,0.169999920376117,-0.0889436326650984,0.0914193287579233,0.170045521139452,-0.0371104819959351,0.0655312853999848,-0.0849992275434524,0.0849997581571314,-0.0702199947517238,0.0578733870412172,-0.0182227607819381,0.0358363184858305,3.95660377358491,1,0,0.11,0,0,41.8197704325111,0.830477987559958,6.69936322418855,1,19.3528613,0,-0.95,1.25
-10,15,0,2,-3.14159265358979,3.14159265358979,0,0.17,-0.17,0.17,0.17,-0.392699081698724,0.392699081698724,-0.085,0.085,-0.085,0.085,-0.392699081698724,0.392699081698724,3.88648648648649,1,0,0.11,0,0,54.4477886977887,0.630186784388739,5,0,3.88648648648649,0.300000110420772,1,0,0.684092119057332,0.000283489055625092,0.16999975299286,-0.0998815348201746,0.0892762857690182,0.170072092526801,-0.0523244342099935,0.0731756433258194,-0.0849991314936798,0.0849988697510107,-0.0571715920014931,0.0782954254905893,-0.0157977500301617,0.0435433446364165,3.88648648648649,1,0,0.11,0,0,40.2564027771288,0.817749124923947,6.7094004628548,1,18.7076895,0,-1,1.25
-10,15,0,2,-3.14159265358979,3.14159265358979,0,0.17,-0.17,0.17,0.17,-0.392699081698724,0.392699081698724,-0.085,0.085,-0.085,0.085,-0.392699081698724,0.392699081698724,3.82241379310345,1,0,0.11,0,0,53.340013434841,0.630186784388739,5,0,3.82241379310345,0.300000060240586,1.1001827118744,0,1.09117470149501,0.00075856656844576,0.169999975439094,-0.0979425319362643,0.12121924723932,0.170043285416471,-0.128761992504178,0.162566203899049,-0.0849977279205248,0.0849992614809678,-0.0556395487687919,0.0715207886115889,-0.0624580623085575,0.0740568684908006,3.82241379310345,1,0,0.11,0,0,39.8206436050471,0.768574936054505,7.04604166011528,1,20.3944978,0,-1.05,1.25
-10,15,0,2,-3.14159265358979,3.14159265358979,0,0.17,-0.17,0.17,0.17,-0.392699081698724,0.392699081698724,-0.085,0.085,-0.085,0.085,-0.392699081698724,0.392699081698724,3.76363636363636,1,0,0.11,0,0,52.3264462809917,0.630186784388739,5,0,3.76363636363636,0.300000090898713,1,0,0.856128272712984,0.000572792030499629,0.169999816120771,-0.0886652399432732,0.0713499324896659,0.170032410461991,-0.0542914807980262,0.0980849159712268,-0.0849992462163624,0.0849990137727115,-0.0171391324563236,0.0624839207236919,-0.0184438670250653,0.0523019881938381,3.76363636363636,1,0,0.11,0,0,38.5234733352781,0.863185947484969,6.82721555219651,1,21.4637052,0,-1.1,1.25
-10,15,0,2,-3.14159265358979,3.14159265358979,0,0.17,-0.17,0.17,0.17,-0.392699081698724,0.392699081698724,-0.085,0.085,-0.085,0.085,-0.392699081698724,0.392699081698724,3.70952380952381,1,0,0.11,0,0,51.3955392433653,0.630186784388739,5,0,3.70952380952381,0.300000000025337,1,0,1.06890511412782,0.000312821824781958,0.169999999877479,-0.0931439687368895,0.117315089096379,0.170054152152178,-0.0340844204100716,0.0664900416617423,-0.0849999984140546,0.0849999995250482,-0.0702356348563478,0.0798270661901876,-0.0164208552041973,0.0217632196136767,3.70952380952381,1,0,0.11,0,0,38.1897630643871,0.727299621021582,1.92623804930022,0,27.0253814,0,-1.15,1.25
-10,15,0,2,-3.14159265358979,3.14159265358979,0,0.17,-0.17,0.17,0.17,-0.392699081698724,0.392699081698724,-0.085,0.085,-0.085,0.085,-0.392699081698724,0.392699081698724,3.65954198473282,1,0,0.11,0,0,50.537560721721,0.630186784388739,5,0,3.65954198473282,0.300000031184518,1,0,0.642787428613695,0.000213434895727279,0.169999941528791,-0.0927812232793357,0.0814837876720017,0.170034903846016,-0.0482973801800768,0.0647066042148064,-0.0849997333297534,0.0849996482297571,-0.0209394136112266,0.0668953368255825,-0.0221644956370297,0.0509374869214595,3.65954198473282,1,0,0.11,0,0,37.0676805021055,0.889408469212003,6.71120110143385,1,21.7345884,0,-1.2,1.25
-10,15,0,2,-3.14159265358979,3.14159265358979,0,0.17,-0.17,0.17,0.17,-0.392699081698724,0.392699081698724,-0.085,0.085,-0.085,0.085,-0.392699081698724,0.392699081698724,4.72394366197183,1,0,0.11,0,0,69.2256722151088,0.630186784388739,5,0,4.72394366197183,0.300000009257732,1,-0.00530376735592813,1.05920699504971,4.92239646817856e-11,0.169999997977249,-0.080536412511346,0.0678445896706469,0.170066602450396,-0.0688930668529562,0.102721323749809,-0.0825104842254133,0.079483613549248,-0.0257245541523354,0.0393054330335659,-0.0163312515702431,0.0270305446662047,4.72394366197183,1,0,0.11,0,0,54.729612025215,1.15166656407501,6.73595224925723,1,13.8454956,0,-0.6,1.5
-10,15,0,2,-3.14159265358979,3.14159265358979,0,0.17,-0.17,0.17,0.17,-0.392699081698724,0.392699081698724,-0.085,0.085,-0.085,0.085,-0.392699081698724,0.392699081698724,4.57105263157895,1,0,0.11,0,0,66.4838976812661,0.630186784388739,5,0,4.57105263157895,0.300000015382813,1.01652687835586,-0.762755441205379,1.67635741353086,1.95028275893045e-08,0.169999984323467,-0.1174012776713,0.0858204275001496,0.170006184493892,-0.379379595789162,0.388953229831746,-0.084999955966962,0.084999980499404,-0.0707550830890296,0.063660195945197,-0.244419374290399,0.261653252436206,4.57105263157895,1,0,0.11,0,0,54.1882637856694,1.11343258631621,0.167725578384216,0,14.4692085,0,-0.65,1.5
-10,15,0,2,-3.14159265358979,3.14159265358979,0,0.17,-0.17,0.17,0.17,-0.392699081698724,0.392699081698724,-0.085,0.085,-0.085,0.085,-0.392699081698724,0.392699081698724,4.43703703703704,1,0,0.11,0,0,64.0974025974026,0.630186784388739,5,0,4.43703703703704,0.300000003530039,1,0,1.82703382464005,1.29877262804194e-10,0.169999985710912,-0.063509408537931,0.0822764354389222,0.170098629602965,-0.167634380185802,0.27231615492735,-0.084999835969657,0.0849998849558158,-0.0425666572720259,0.0482881161147863,-0.0835752694525988,0.0786864946299374,4.43703703703704,1,0,0.11,0,0,50.5761229878881,1.12338863534912,5.47907999035455,0,5.9055621,-2,-0.7,1.5
-10,15,0,2,-3.14159265358979,3.14159265358979,0,0.17,-0.17,0.17,0.17,-0.392699081698724,0.392699081698724,-0.085,0.085,-0.085,0.085,-0.392699081698724,0.392699081698724,4.31860465116279,1,0,0.11,0,0,62.0010570824524,0.630186784388739,5,0,4.31860465116279,0.300000000030825,1,0,0.518611257989033,3.93252462207317e-11,0.169999999920779,-0.0943349947016983,0.0695519245519607,0.170001945084793,-0.0525703997992486,0.0847272479609846,-0.0849999993214467,0.0849999997150244,-0.0260810372255858,0.0450207177901856,-0.0476242101547485,0.0278039094460116,4.31860465116279,1,0,0.11,0,0,46.7788699696101,1.07808584042793,6.47107701246273,1,17.1090416,0,-0.75,1.5
-10,15,0,2,-3.14159265358979,3.14159265358979,0,0.17,-0.17,0.17,0.17,-0.392699081698724,0.392699081698724,-0.085,0.085,-0.085,0.085,-0.392699081698724,0.392699081698724,4.21318681318681,1,0,0.11,0,0,60.1447927072927,0.630186784388739,5,0,4.21318681318681,0.300000001153199,1,0,0.967808177777592,5.59999133308437e-09,0.169999998096004,-0.087537242705153,0.0818277792168357,0.170003979852973,-0.155266918984954,0.179197306006536,-0.0849999933798013,0.0849999949478961,-0.0447712190416281,0.0430477640107686,-0.0917598186829804,0.139928317184954,4.21318681318681,1,0,0.11,0,0,47.275931571389,1.08415167953493,3.36184402285433,1,18.4167727,0,-0.8,1.5
-10,15,0,2,-3.14159265358979,3.14159265358979,0,0.17,-0.17,0.17,0.17,-0.392699081698724,0.392699081698724,-0.085,0.085,-0.085,0.085,-0.392699081698724,0.392699081698724,4.11875,1,0,0.11,0,0,58.4894719251337,0.630186784388739,5,0,4.11875,0.300000067515809,1,0,0.507307890876082,1.92109340371703e-07,0.169999783630229,-0.0974813933091748,0.0640786925597878,0.170006022945699,-0.030744086453968,0.0914707473509479,-0.0849985124726585,0.0849990868716517,-0.0309665587189168,0.0523103450104403,-0.0520867994983146,0.0350552019102339,4.11875,1,0,0.11,0,0,44.0761729133388,1.08907784533245,6.47827916465844,1,16.8500385,0,-0.85,1.5
-10,15,0,2,-3.14159265358979,3.14159265358979,0,0.17,-0.17,0.17,0.17,-0.392699081698724,0.392699081698724,-0.085,0.085,-0.085,0.085,-0.392699081698724,0.392699081698724,4.03366336633663,1,0,0.11,0,0,57.0040504050405,0.630186784388739,5,0,4.03366336633663,0.300000052397679,1.00029959461956,0,0.969127656779856,9.6384507343518e-08,0.169999884915018,-0.102717547277712,0.119887004699,0.170002364000628,-0.124380855431476,0.100906964490055,-0.0849995838010793,0.0849996959721148,-0.0667986830508124,0.0746632796217077,-0.0593560741968945,0.0950634150390105,4.03366336633663,1,0,0.11,0,0,44.7781551212576,1.05065719948169,6.63276422733628,1,17.086972,0,-0.9,1.5
-10,15,0,2,-3.14159265358979,3.14159265358979,0,0.17,-0.17,0.17,0.17,-0.392699081698724,0.392699081698724,-0.085,0.085,-0.085,0.085,-0.392699081698724,0.392699081698724,3.95660377358491,1,0,0.11,0,0,55.6635821973459,0.630186784388739,5,0,3.95660377358491,0.30000000030965,1,0,1.04480525636444,1.23441189142988e-10,0.169999999868167,-0.100836142036986,0.0889720770567874,0.171387446096864,-0.0525469648784714,0.139398706439093,-0.0849999992548304,0.0849999647764462,-0.0427774299291554,0.0582593742888976,-0.0343871056539297,0.0430333857404191,3.95660377358491,1,0,0.11,0,0,41.9601922603523,1.06811705429923,6.87818053522638,1,21.1723904,0,-0.95,1.5
-10,15,0,2,-3.14159265358979,3.14159265358979,0,0.17,-0.17,0.17,0.17,-0.392699081698724,0.392699081698724,-0.085,0.085,-0.085,0.085,-0.392699081698724,0.392699081698724,3.88648648648649,1,0,0.11,0,0,54.4477886977887,0.630186784388739,5,0,3.88648648648649,0.300000000239568,1,0,0.543526626923831,1.32275141665115e-09,0.1699999997863,-0.094609402151345,0.0771134567122103,0.170023626062774,-0.0152481713480969,0.086476414911962,-0.0849999917345819,0.0849999951159282,-0.0150601526098939,0.0616552006457471,-0.0411898612660692,0.0315366729128988,3.88648648648649,1,0,0.11,0,0,40.1120092539973,1.06249723133361,6.52803287859171,1,18.6292948,0,-1,1.5
-10,15,0,2,-3.14159265358979,3.14159265358979,0,0.17,-0.17,0.17,0.17,-0.392699081698724,0.392699081698724,-0.085,0.085,-0.085,0.085,-0.392699081698724,0.392699081698724,3.82241379310345,1,0,0.11,0,0,53.340013434841,0.630186784388739,5,0,3.82241379310345,0.300000008516943,1,0,0.686893599515334,0.000264154340375584,0.169999982585177,-0.0781489993635162,0.119292290106919,0.170010127296508,-0.0299737741961733,0.0841820995021944,-0.0849996738741098,0.0849998968106774,-0.0749792138294462,0.0603386911601396,-0.0265056683990283,0.0284951709739077,3.82241379310345,1,0,0.11,0,0,40.149958674412,1.04380795325702,6.5578265834873,1,19.5905046,0,-1.05,1.5
-10,15,0,2,-3.14159265358979,3.14159265358979,0,0.17,-0.17,0.17,0.17,-0.392699081698724,0.392699081698724,-0.085,0.085,-0.085,0.085,-0.392699081698724,0.392699081698724,3.76363636363636,1,0,0.11,0,0,52.3264462809917,0.630186784388739,5,0,3.76363636363636,0.300000056384129,1,0,0.475687653679923,0.000359056808682348,0.169999793716307,-0.0926241718222239,0.0798015263683747,0.170013218645024,-0.0390306837344711,0.093803231188168,-0.0849977107991135,0.0849992669756823,-0.018179594887203,0.0615344541706232,-0.0670434132710159,0.0486484798290441,3.76363636363636,1,0,0.11,0,0,38.5873492856654,1.07810827410922,6.44551649179077,1,20.11769,0,-1.1,1.5
-10,15,0,2,-3.14159265358979,3.14159265358979,0,0.17,-0.17,0.17,0.17,-0.392699081698724,0.392699081698724,-0.085,0.085,-0.085,0.085,-0.392699081698724,0.392699081698724,3.70952380952381,1,0,0.11,0,0,51.3955392433653,0.630186784388739,5,0,3.70952380952381,0.300000001132103,1,0,1.08303499850428,0.000104652299620428,0.169999911883205,-0.0814755793269863,0.108295960237867,0.170028183983629,-0.0619444437870427,0.139300155984555,-0.0849999168538643,0.0849999615735948,-0.0818754887631659,0.0758385675442296,-0.0520001834983439,0.0656180134820721,3.70952380952381,1,0,0.11,0,0,38.6087571459703,1.01985195557428,0.701053748176831,1,21.8651525,0,-1.15,1.5
-10,15,0,2,-3.14159265358979,3.14159265358979,0,0.17,-0.17,0.17,0.17,-0.392699081698724,0.392699081698724,-0.085,0.085,-0.085,0.085,-0.392699081698724,0.392699081698724,3.65954198473282,1,0,0.11,0,0,50.537560721721,0.630186784388739,5,0,3.65954198473282,0.300000014460363,1,0,0.858091840603897,0.000527996821021159,0.169999935344805,-0.0996505229669781,0.0841300574314405,0.170033958795439,-0.0391415843640326,0.123126020647063,-0.0849997474839865,0.0849999967255772,-0.0245773381565651,0.073216179337767,-0.0357740458811702,0.046207582028284,3.65954198473282,1,0,0.11,0,0,37.2499312104935,1.08604336561878,6.66577716398305,1,22.2464131,0,-1.2,1.5
-10,15,0,2,-3.14159265358979,3.14159265358979,0,0.17,-0.17,0.17,0.17,-0.392699081698724,0.392699081698724,-0.085,0.085,-0.085,0.085,-0.392699081698724,0.392699081698724,4.72394366197183,1,0,0.11,0,0,69.2256722151088,0.630186784388739,5,0,4.72394366197183,0.300000097268008,1.4428331890673,0,3.10118769742717,2.52849242544352e-08,0.168699800794776,-0.16999959870979,0.169999534011367,0.169999774848862,-0.319383694684665,0.392698721015647,-0.0849995605845162,0.0849996289898526,-0.0849985696042033,0.084998837832246,-0.392664458614213,0.392664464447694,4.72394366197183,1,0,0.11,0,0,51.4403561200958,1.20000010842924,15.1155507983666,1,8.0056588,2,-0.6,1.75
-10,15,0,2,-3.14159265358979,3.14159265358979,0,0.17,-0.17,0.17,0.17,-0.392699081698724,0.392699081698724,-0.085,0.085,-0.085,0.085,-0.392699081698724,0.392699081698724,4.57105263157895,1,0,0.11,0,0,66.4838976812661,0.630186784388739,5,0,4.57105263157895,0.300000027021976,1.41961222145847,0,3.10731310883296,5.65935865647647e-09,0.169428388759865,-0.169999913039622,0.169999888196018,0.169999913039622,-0.312833154861904,0.392698936115966,-0.0849997915139018,0.0849998887771189,-0.0849990593144402,0.0849997637122647,-0.392679880962501,0.392679864092509,4.57105263157895,1,0,0.11,0,0,52.0788839936824,1.2000000551466,15.6360649323889,1,12.4140644,0,-0.65,1.75
-10,15,0,2,-3.14159265358979,3.14159265358979,0,0.17,-0.17,0.17,0.17,-0.392699081698724,0.392699081698724,-0.085,0.085,-0.085,0.085,-0.392699081698724,0.392699081698724,4.43703703703704,1,0,0.11,0,0,64.0974025974026,0.630186784388739,5,0,4.43703703703704,0.300000029375146,1.26920457011888,0,3.08869203920014,7.0418249554838e-09,0.169463877462281,-0.169999904169333,0.169999875082883,0.169999957244146,-0.288320589220397,0.392699012466477,-0.084999897192009,0.084999901573787,-0.0849981298020306,0.0849997105569757,-0.392692729750149,0.392692728812991,4.43703703703704,1,0,0.11,0,0,48.2170000191163,1.20000003604125,15.5098016728158,1,10.9149876,2,-0.7,1.75
-10,15,0,2,-3.14159265358979,3.14159265358979,0,0.17,-0.17,0.17,0.17,-0.392699081698724,0.392699081698724,-0.085,0.085,-0.085,0.085,-0.392699081698724,0.392699081698724,4.31860465116279,1,0,0.11,0,0,62.0010570824524,0.630186784388739,5,0,4.31860465116279,0.300000032713972,1.48059311220321,0,3.14133083853521,7.26105921522514e-09,0.168687934605116,-0.169999897900354,0.169999857698874,0.169999897900354,-0.302891685344934,0.392699006004686,-0.0849997681357396,0.0849997880470579,-0.0849993989830968,0.0849995718702803,-0.392691090552484,0.392691310552569,4.31860465116279,1,0,0.11,0,0,49.6922858593245,1.20000004954045,15.7358905221194,1,14.4716235,0,-0.75,1.75
-10,15,0,2,-3.14159265358979,3.14159265358979,0,0.17,-0.17,0.17,0.17,-0.392699081698724,0.392699081698724,-0.085,0.085,-0.085,0.085,-0.392699081698724,0.392699081698724,4.21318681318681,1,0,0.11,0,0,60.1447927072927,0.630186784388739,5,0,4.21318681318681,0.300000033627205,1.39026937150315,-0.287732119755274,3.12770976575068,8.70917015964299e-09,0.168413377109231,-0.169999888741515,0.169999830884807,0.169999888741516,-0.294511812077942,0.392699032408405,-0.0849995984032976,0.0849998010707075,-0.0849993544057716,0.084999484087093,-0.392696537529476,0.392697626543482,4.21318681318681,1,0,0.11,0,0,46.1140060603061,1.20000003844463,15.7402474019178,1,13.5206973,0,-0.8,1.75
-10,15,0,2,-3.14159265358979,3.14159265358979,0,0.17,-0.17,0.17,0.17,-0.392699081698724,0.392699081698724,-0.085,0.085,-0.085,0.085,-0.392699081698724,0.392699081698724,4.11875,1,0,0.11,0,0,58.4894719251337,0.630186784388739,5,0,4.11875,0.300000005921653,1.21190635306337,-0.0149355725419543,3.08743873586871,2.14078573662177e-09,0.169703815658074,-0.169999979226002,0.169999973208952,0.169999982988709,-0.322322964819833,0.392699074546739,-0.0849998901802074,0.084999818885825,-0.0849999287111852,0.084999978514816,-0.392698693577568,0.392698350229223,4.11875,1,0,0.11,0,0,41.8250964620099,1.20058313667937,15.5537077468099,1,15.0734556,0,-0.85,1.75
-10,15,0,2,-3.14159265358979,3.14159265358979,0,0.17,-0.17,0.17,0.17,-0.392699081698724,0.392699081698724,-0.085,0.085,-0.085,0.085,-0.392699081698724,0.392699081698724,4.03366336633663,1,0,0.11,0,0,57.0040504050405,0.630186784388739,5,0,4.03366336633663,0.300000126918007,1.33176957811069,-0.0596161469296312,3.14158609202622,4.84280120366655e-08,0.169078083539826,-0.169999314468298,0.169999215913026,0.169999314468307,-0.272092591653462,0.392698964434494,-0.0849954459579496,0.0849965763656858,-0.0849851985901127,0.0849993893869307,-0.392692693916916,0.392691113172865,4.03366336633663,1,0,0.11,0,0,44.9618997820533,1.20000040105948,15.7647661110824,1,14.5389046,0,-0.9,1.75
-10,15,0,2,-3.14159265358979,3.14159265358979,0,0.17,-0.17,0.17,0.17,-0.392699081698724,0.392699081698724,-0.085,0.085,-0.085,0.085,-0.392699081698724,0.392699081698724,3.95660377358491,1,0,0.11,0,0,55.6635821973459,0.630186784388739,5,0,3.95660377358491,0.300000025857021,1.19647629133946,0,3.12562268860017,1.28047501412798e-08,0.169515084003551,-0.169999822117569,0.169999819740368,0.169999840487581,-0.355451674040497,0.392699065271142,-0.0849994294895747,0.0849995518549577,-0.0849992659009667,0.0849999172734232,-0.392697143852838,0.392697542378515,3.95660377358491,1,0,0.11,0,0,40.0861317577355,1.22274449316104,15.680751540526,1,16.3555701,0,-0.95,1.75
-10,15,0,2,-3.14159265358979,3.14159265358979,0,0.17,-0.17,0.17,0.17,-0.392699081698724,0.392699081698724,-0.085,0.085,-0.085,0.085,-0.392699081698724,0.392699081698724,3.88648648648649,1,0,0.11,0,0,54.4477886977887,0.630186784388739,5,0,3.88648648648649,0.3000000048849,1.17287840382464,-0.0197807303969473,3.12431803075263,2.89466118733119e-09,0.169592269218792,-0.169999953337402,0.169999963747203,0.169999964838126,-0.326377374382629,0.392699078704012,-0.0849998651615674,0.0849997998300333,-0.0849997300532322,0.0849999791893809,-0.39269883036351,0.392698913265934,3.88648648648649,1,0,0.11,0,0,38.2540195017902,1.20000004397654,15.6016393262203,1,16.3706288,0,-1,1.75
-10,15,0,2,-3.14159265358979,3.14159265358979,0,0.17,-0.17,0.17,0.17,-0.392699081698724,0.392699081698724,-0.085,0.085,-0.085,0.085,-0.392699081698724,0.392699081698724,3.82241379310345,1,0,0.11,0,0,53.340013434841,0.630186784388739,5,0,3.82241379310345,0.300000123753559,1.21493155756998,0,3.08892241814373,7.9075588522061e-08,0.169539081658079,-0.169998594203546,0.169998994130708,0.169998994130729,-0.275918439505691,0.39269901266918,-0.0849973348705844,0.0849976457682256,-0.0849915253840306,0.0849994021435963,-0.392694972124804,0.392695793070249,3.82241379310345,1,0,0.11,0,0,39.0103031915341,1.20000142280054,15.7016470345925,1,17.180207,0,-1.05,1.75
-10,15,0,2,-3.14159265358979,3.14159265358979,0,0.17,-0.17,0.17,0.17,-0.392699081698724,0.392699081698724,-0.085,0.085,-0.085,0.085,-0.392699081698724,0.392699081698724,3.76363636363636,1,0,0.11,0,0,52.3264462809917,0.630186784388739,5,0,3.76363636363636,0.300000026573837,1.10455603608861,0,3.07664202102342,1.69508884000706e-08,0.169904422957024,-0.169999776427363,0.169999764304226,0.169999805643576,-0.319550412473995,0.392699070591223,-0.084999196016821,0.0849996245570525,-0.0849990159924095,0.0849999102877732,-0.392698468175866,0.392697592365253,3.76363636363636,1,0,0.11,0,0,36.9517517584326,1.20000036814225,15.6565940783877,1,17.2734146,0,-1.1,1.75
-10,15,0,2,-3.14159265358979,3.14159265358979,0,0.17,-0.17,0.17,0.17,-0.392699081698724,0.392699081698724,-0.085,0.085,-0.085,0.085,-0.392699081698724,0.392699081698724,3.70952380952381,1,0,0.11,0,0,51.3955392433653,0.630186784388739,5,0,3.70952380952381,0.300003186237708,1.17030148050487,0,3.07782042929834,2.10252409654324e-06,0.168835592379273,-0.169956274316235,0.169966326441629,0.169966326458339,-0.284061511413274,0.392697889499358,-0.0844123371884217,0.0846382187296704,-0.0813662095545967,0.0849881384811429,-0.392625168346386,0.3924488467864,3.70952380952381,1,0,0.11,0,0,38.2738436349497,1.20001553529947,15.7527082750161,1,18.5631232,0,-1.15,1.75
-10,15,0,2,-3.14159265358979,3.14159265358979,0,0.17,-0.17,0.17,0.17,-0.392699081698724,0.392699081698724,-0.085,0.085,-0.085,0.085,-0.392699081698724,0.392699081698724,3.65954198473282,1,0,0.11,0,0,50.537560721721,0.630186784388739,5,0,3.65954198473282,0.300003088430502,1.03569637833299,0,3.03736887977964,2.19439205110019e-06,0.169884461450837,-0.169943430868177,0.169966820258291,0.169966820281177,-0.282096060641157,0.392698109761124,-0.0840649746369867,0.0848336308805696,-0.0838071740287421,0.0849900595354589,-0.392621715124484,0.392650990278055,3.65954198473282,1,0,0.11,0,0,37.1723927936984,1.20000792863059,6.02584051603111,0,18.5583533,0,-1.2,1.75
