0,20,0,5,-3.14159265358979,3.14159265358979,-0.22,0.22,-0.22,0.22,0.22,-0.392699081698724,0.392699081698724,-0.11,0.11,-0.11,0.11,-0.392699081698724,0.392699081698724,20,2.5,0,0.11,0,0,256.704545454545,1.65759379743011,5,0,20,2.21652636684782,4.35622935601675,-2.79327061103066,0.00137028156916006,-0.0172936113432057,0.193653708093831,-0.203901735980942,0.20580506437679,0.206501171273134,-0.163139478254797,0.195049805701062,-0.0791736484019719,0.0791866699057407,-0.0896745125967091,0.0799893119086115,-0.0289162817148488,0.095531658585222,20,2.5,0,0.11,0,0,256.695977864839,3.5468657117307,8.14907866237584,1,194.527087,0,-0.6,0.5
0,20,0,5,-3.14159265358979,3.14159265358979,-0.22,0.22,-0.22,0.22,0.22,-0.392699081698724,0.392699081698724,-0.11,0.11,-0.11,0.11,-0.392699081698724,0.392699081698724,20,2.5,0,0.11,0,0,255.097402597403,1.65759379743011,5,0,20,2.48657856181834,4.29819430108444,-2.76554881826973,0.00857997630704701,-0.0205211169259324,0.172249658069614,-0.196830690808843,0.198816389854846,0.199584298390407,-0.186342732398612,0.197867219432398,-0.0799452895689077,0.0799453763233441,-0.0999087454217686,0.0799981091979229,-0.0351323759958644,0.105593526163948,20,2.5,0,0.11,0,0,255.096424925836,3.4958508670776,7.99069166662663,1,273.5409374,0,-0.7,0.5
0,20,0,5,-3.14159265358979,3.14159265358979,-0.22,0.22,-0.22,0.22,0.22,-0.392699081698724,0.392699081698724,-0.11,0.11,-0.11,0.11,-0.392699081698724,0.392699081698724,20,2.5,0,0.11,0,0,253.892045454545,1.65759379743011,5,0,20,2.49482080745336,4.2441866461753,-2.75856831843352,0,-0.00278743621927323,0.167790224258491,-0.174885332079259,0.195681634437489,0.195682554578089,-0.214069484578518,0.210983941425682,-0.0799658589519856,0.0799566993040187,-0.0891656788091489,0.0799963059705525,-0.0508045294336205,0.113729055708542,20,2.5,0,0.11,0,0,253.891569994971,3.44163785817533,7.58615775406662,1,366.8065546,0,-0.8,0.5
0,20,0,5,-3.14159265358979,3.14159265358979,-0.22,0.22,-0.22,0.22,0.22,-0.392699081698724,0.392699081698724,-0.11,0.11,-0.11,0.11,-0.392699081698724,0.392699081698724,20,2.5,0,0.11,0,0,252.954545454545,1.65759379743011,5,0,20,2.30554307263962,4.2212526419271,-2.5745813828711,0.418391970161712,-0.00490251528119189,0.133050625869194,-0.181371816217659,0.17675375500448,0.181429470777556,-0.262000440517542,0.173423507435765,-0.043607447219092,0.0570501099424641,-0.0966289057269205,0.0749132364333502,-0.103376638394826,0.181145339321528,20,2.5,0,0.11,0,0,247.624480537976,3.4205147181688,6.15067258110457,1,163.2435217,2,-0.9,0.5
0,20,0,5,-3.14159265358979,3.14159265358979,-0.22,0.22,-0.22,0.22,0.22,-0.392699081698724,0.392699081698724,-0.11,0.11,-0.11,0.11,-0.392699081698724,0.392699081698724,20,2.5,0,0.11,0,0,252.204545454545,1.65759379743011,5,0,20,2.49192712803227,4.19423774839843,-2.63016083862388,0.0169197507645175,-0.00574215060370367,0.126216392818437,-0.186231428882838,0.179760635880391,0.186287619376841,-0.270137249224104,0.19539518836394,-0.0609955899278664,0.0687542924502905,-0.0992930137587822,0.0786127278343109,-0.052123361889595,0.148004085272481,20,2.5,0,0.11,0,0,251.913841307831,3.39319552564253,6.11441362397648,1,687.8361842,0,-1,0.5
0,20,0,5,-3.14159265358979,3.14159265358979,-0.22,0.22,-0.22,0.22,0.22,-0.392699081698724,0.392699081698724,-0.11,0.11,-0.11,0.11,-0.392699081698724,0.392699081698724,20,2.5,0,0.11,0,0,251.590909090909,1.65759379743011,5,0,20,2.49826323132082,4.18356147833173,-2.64128232256835,0,-0.00703090108251214,0.151548046178843,-0.189328836248922,0.182968432501503,0.189409022379582,-0.291815022786539,0.194214819677498,-0.0779534567902726,0.0774525061527462,-0.0863324881106092,0.0794475836529937,-0.0699162756773221,0.129724743202437,20,2.5,0,0.11,0,0,251.574002232463,3.38356276412058,6.61216625336651,1,720.8040827,0,-1.1,0.5
0,20,0,5,-3.14159265358979,3.14159265358979,-0.22,0.22,-0.22,0.22,0.22,-0.392699081698724,0.392699081698724,-0.11,0.11,-0.11,0.11,-0.392699081698724,0.392699081698724,20,2.5,0,0.11,0,0,251.079545454545,1.65759379743011,5,0,20,2.48915181634607,4.17728807312809,-2.78219695688348,0,-0.0116346338506232,0.149125550799052,-0.184925202312626,0.182742084392906,0.185181063974874,-0.298949804915706,0.189856027548357,-0.0797039204234663,0.0794372875089831,-0.0992612084792337,0.0799633830338692,-0.281566680857993,0.283178470418894,20,2.5,0,0.11,0,0,251.077766873994,3.37732058001403,6.36880189143791,1,894.1041989,0,-1.2,0.5
0,20,0,5,-3.14159265358979,3.14159265358979,-0.22,0.22,-0.22,0.22,0.22,-0.392699081698724,0.392699081698724,-0.11,0.11,-0.11,0.11,-0.392699081698724,0.392699081698724,20,2.5,0,0.11,0,0,256.704545454545,1.65759379743011,5,0,20,2.47722267806101,4.70865496731208,-2.85135106242763,9.64692751983956e-06,-0.0209371148578814,0.173980108943551,-0.201280706717389,0.194825631580131,0.201580801221801,-0.178221512178748,0.220894846745115,-0.0797377729990341,0.0798910468442507,-0.099904616685424,0.079990437314813,-0.0608947958827971,0.094283443081101,20,2.5,0,0.11,0,0,256.703730105528,3.40031908200737,7.9048450222972,1,196.4233411,0,-0.6,1
0,20,0,5,-3.14159265358979,3.14159265358979,-0.22,0.22,-0.22,0.22,0.22,-0.392699081698724,0.392699081698724,-0.11,0.11,-0.11,0.11,-0.392699081698724,0.392699081698724,20,2.5,0,0.11,0,0,255.097402597403,1.65759379743011,5,0,20,2.5,4.70186149299482,-2.78797352962903,0.000127919175807626,-0.013488447287015,0.166769044508926,-0.193168261626807,0.199262633243963,0.199548881856283,-0.193488508605599,0.20496052044257,-0.079976478132814,0.0799759405842626,-0.0985539125743617,0.079998033591873,-0.0464903539571728,0.105343922403874,20,2.5,0,0.11,0,0,255.097138415475,3.3981759948513,7.90917611799579,1,276.5330141,0,-0.7,1
0,20,0,5,-3.14159265358979,3.14159265358979,-0.22,0.22,-0.22,0.22,0.22,-0.392699081698724,0.392699081698724,-0.11,0.11,-0.11,0.11,-0.392699081698724,0.392699081698724,20,2.5,0,0.11,0,0,253.892045454545,1.65759379743011,5,0,20,2.49469215893208,4.72125893281109,-2.76689370231263,0.00180110061885138,-0.00404345382343695,0.156961789048788,-0.188312149042416,0.191482317381846,0.191491659178435,-0.216464340820796,0.212722311052751,-0.0799662550663917,0.0799493540247071,-0.0833876963756481,0.0799955150126799,-0.0617749417274039,0.121523866778731,20,2.5,0,0.11,0,0,253.891562938219,3.42103287541399,7.42301437024189,1,369.8863602,0,-0.8,1
0,20,0,5,-3.14159265358979,3.14159265358979,-0.22,0.22,-0.22,0.22,0.22,-0.392699081698724,0.392699081698724,-0.11,0.11,-0.11,0.11,-0.392699081698724,0.392699081698724,20,2.5,0,0.11,0,0,252.954545454545,1.65759379743011,5,0,20,2.49087953853491,4.70531012418532,-2.70822553832914,0,-0.0141825357963203,0.144215689038812,-0.189234544491338,0.18782469148531,0.189410303204323,-0.244921784522436,0.199185543873247,-0.0768574376231266,0.0697005919155339,-0.0997723649429717,0.0797635338092643,-0.0426030006178072,0.136708473664228,20,2.5,0,0.11,0,0,239.645084086128,3.40503147994318,6.80282819341268,1,480.2913231,0,-0.9,1
0,20,0,5,-3.14159265358979,3.14159265358979,-0.22,0.22,-0.22,0.22,0.22,-0.392699081698724,0.392699081698724,-0.11,0.11,-0.11,0.11,-0.392699081698724,0.392699081698724,20,2.5,0,0.11,0,0,252.204545454545,1.65759379743011,5,0,20,2.49113324088653,4.68168877562356,-2.65820265775258,0.0101033166158391,-0.0172629963939101,0.139913944794976,-0.170535450339726,0.187951300563505,0.1885475666121,-0.271342693459746,0.187850609726259,-0.0763142259089315,0.0798276438637036,-0.0914898781596459,0.078705195647862,-0.0499765208614677,0.154086205318986,20,2.5,0,0.11,0,0,242.204302359225,3.38170740153893,6.50581135786914,1,591.1379856,0,-1,1
0,20,0,5,-3.14159265358979,3.14159265358979,-0.22,0.22,-0.22,0.22,0.22,-0.392699081698724,0.392699081698724,-0.11,0.11,-0.11,0.11,-0.392699081698724,0.392699081698724,20,2.5,0,0.11,0,0,256.704545454545,1.65759379743011,5,0,20,0.288963067503468,2.5,-0.0160015150001555,2.92217632262778,-0.0304701505593176,0.19153831113876,-0.180959583857894,0.205390277498077,0.207480646373763,-0.202137850098232,0.242436857988659,-0.0797264573499491,0.0797043561813753,-0.0857141531673895,0.0853281342467539,-0.122167107803469,0.0279024699941694,20,2.5,0,0.11,0,0,256.703708156395,2.39912893572976,8.47529703119528,1,306.3704868,0,-0.6,3
0,20,0,5,-3.14159265358979,3.14159265358979,-0.22,0.22,-0.22,0.22,0.22,-0.392699081698724,0.392699081698724,-0.11,0.11,-0.11,0.11,-0.392699081698724,0.392699081698724,20,2.5,0,0.11,0,0,255.097402597403,1.65759379743011,5,0,20,0.288222100548243,2.50083909921593,0,2.88143624224763,-0.0268368739353829,0.166341242432565,-0.188581105380025,0.177936188737556,0.190870792523959,-0.212861907876246,0.274616594212903,-0.0820969320499912,0.0797205996296296,-0.0790876388156512,0.087267488566969,-0.145864885692044,0.0482249059981694,20,2.5,0,0.11,0,0,255.096977700321,2.39537539195072,7.99070898184569,1,417.3104821,0,-0.7,3
0,20,0,5,-3.14159265358979,3.14159265358979,-0.22,0.22,-0.22,0.22,0.22,-0.392699081698724,0.392699081698724,-0.11,0.11,-0.11,0.11,-0.392699081698724,0.392699081698724,20,2.5,0,0.11,0,0,251.590909090909,1.65759379743011,5,0,20,2.49905158553208,4.67996787610002,-2.68601111347332,0,-0.00457649247862649,0.140149224655529,-0.186129167469956,0.171196472209195,0.186154631404634,-0.295330158341209,0.190290555918767,-0.0794903879485203,0.0793449753657886,-0.0998730436298952,0.0891108612200604,-0.0784290787882915,0.183938567776065,20,2.5,0,0.11,0,0,251.587252814168,3.37901490210389,6.2043346121724,1,729.6790664,0,-1.1,1
0,20,0,5,-3.14159265358979,3.14159265358979,-0.22,0.22,-0.22,0.22,0.22,-0.392699081698724,0.392699081698724,-0.11,0.11,-0.11,0.11,-0.392699081698724,0.392699081698724,20,2.5,0,0.11,0,0,253.892045454545,1.65759379743011,5,0,20,0.297328749490674,2.50271387853307,0,2.86478009429204,-0.0267857454571468,0.15243819835423,-0.170728131972995,0.193042391706771,0.194400433704036,-0.221477214993079,0.30549871560432,-0.0864697145876005,0.0798465726635865,-0.0799663233515256,0.0990818469706557,-0.137879618383332,0.0689786771632097,20,2.5,0,0.11,0,0,253.891782380622,2.39756082769056,7.66773575703726,1,549.363507,0,-0.8,3
0,20,0,5,-3.14159265358979,3.14159265358979,-0.22,0.22,-0.22,0.22,0.22,-0.392699081698724,0.392699081698724,-0.11,0.11,-0.11,0.11,-0.392699081698724,0.392699081698724,20,2.5,0,0.11,0,0,251.079545454545,1.65759379743011,5,0,20,2.4989486788119,4.66611787505562,-2.64950077718744,0.00915042218853751,-0.0178925377848636,0.145037053236837,-0.173986637123382,0.171282081159362,0.178627008170118,-0.302445064183983,0.181984933224274,-0.0798914427795671,0.0865050168475056,-0.0883354793054634,0.0887209555916471,-0.224115960681958,0.256808418203311,20,2.5,0,0.11,0,0,251.079162613438,3.36524753340096,5.96057849456293,1,879.835666,0,-1.2,1
0,20,0,5,-3.14159265358979,3.14159265358979,-0.22,0.22,-0.22,0.22,0.22,-0.392699081698724,0.392699081698724,-0.11,0.11,-0.11,0.11,-0.392699081698724,0.392699081698724,20,2.5,0,0.11,0,0,252.954545454545,1.65759379743011,5,0,20,0.296446439153593,2.51302048396197,-0.00119172557519346,2.84419277037438,-0.007441695076111,0.126435312871359,-0.180310310347686,0.180290684658782,0.1804349038933,-0.21052522033114,0.300408847694471,-0.0622332268290078,0.0727698991451584,-0.0796127794452134,0.0997594511564458,-0.228433321511544,0.191824582059258,20,2.5,0,0.11,0,0,252.899320946751,2.39997901708106,5.95537110616542,1,718.3631798,0,-0.9,3
0,20,0,5,-3.14159265358979,3.14159265358979,-0.22,0.22,-0.22,0.22,0.22,-0.392699081698724,0.392699081698724,-0.11,0.11,-0.11,0.11,-0.392699081698724,0.392699081698724,20,2.5,0,0.11,0,0,256.704545454545,1.65759379743011,5,0,20,2.49545488208848,4.7109277862834,-2.85256183728051,0.0118337551227152,-0.0350379254218033,0.193950017681226,-0.205551822646934,0.179401254144158,0.208516685210898,-0.190817781333556,0.208321668161807,-0.0798831900214153,0.0859692202847056,-0.0855851634398032,0.0864985640263858,-0.0291491560392581,0.120451892913691,20,2.5,0,0.11,0,0,255.309086609606,2.89875749783441,8.34820187961568,1,197.4050696,0,-0.6,1.5
0,20,0,5,-3.14159265358979,3.14159265358979,-0.22,0.22,-0.22,0.22,0.22,-0.392699081698724,0.392699081698724,-0.11,0.11,-0.11,0.11,-0.392699081698724,0.392699081698724,20,2.5,0,0.11,0,0,252.204545454545,1.65759379743011,5,0,20,0.297082031591903,2.51715703436331,-0.010809380510974,2.82877488422914,-0.00650363056558652,0.126351796564191,-0.174197515767279,0.17421469635468,0.174335214658234,-0.20349852264148,0.295290652630578,-0.077726414548218,0.0777318867624955,-0.079910390071045,0.0998712387544658,-0.199004619490389,0.142828430641669,20,2.5,0,0.11,0,0,251.186853282343,2.39999524017427,6.01547803977133,1,889.5320837,0,-1,3
0,20,0,5,-3.14159265358979,3.14159265358979,-0.22,0.22,-0.22,0.22,0.22,-0.392699081698724,0.392699081698724,-0.11,0.11,-0.11,0.11,-0.392699081698724,0.392699081698724,20,2.5,0,0.11,0,0,255.097402597403,1.65759379743011,5,0,20,2.49856160793878,4.7078254701817,-2.8742894091458,0,-0.030729157203966,0.170539512679234,-0.200728140818575,0.174171603697611,0.202492278438058,-0.216995976956428,0.228880749947634,-0.0866642440814487,0.07999799176701,-0.087361198570157,0.0866597451318298,-0.0722217205940554,0.122861712651694,20,2.5,0,0.11,0,0,255.09738692461,2.90257454331578,7.90918382291371,1,276.0393814,0,-0.7,1.5
0,20,0,5,-3.14159265358979,3.14159265358979,-0.22,0.22,-0.22,0.22,0.22,-0.392699081698724,0.392699081698724,-0.11,0.11,-0.11,0.11,-0.392699081698724,0.392699081698724,20,2.5,0,0.11,0,0,253.892045454545,1.65759379743011,5,0,20,2.4392217452938,4.2332539467632,-1.1955502308434,0.11757870748447,0.0154190248822848,0.136050888891231,-0.060384014785376,0.150965492514501,0.152506744530112,-0.230352153783921,0.202608289046682,-0.0392579050757174,0.0335244926112032,-0.0603501583189796,0.0333186613782796,-0.0940192040596669,0.162034992913746,20,2.5,0,0.11,0,0,253.555008244875,2.4241771166735,5.45805158310253,1,76.6002355,2,-0.8,1.5
0,20,0,5,-3.14159265358979,3.14159265358979,-0.22,0.22,-0.22,0.22,0.22,-0.392699081698724,0.392699081698724,-0.11,0.11,-0.11,0.11,-0.392699081698724,0.392699081698724,20,2.5,0,0.11,0,0,252.954545454545,1.65759379743011,5,0,20,2.5,4.69998383384053,-2.76969754425158,0,-0.00180401636490522,0.126794977081334,-0.189842492897041,0.189842880139285,0.189844209970085,-0.285532962195371,0.200242823060428,-0.0737622541731061,0.0740647296034229,-0.0906570591732734,0.0768470884004422,-0.0622181020330734,0.175927193230305,20,2.5,0,0.11,0,0,242.077812180464,2.89998385230683,6.63761743075467,1,475.6993007,0,-0.9,1.5
0,20,0,5,-3.14159265358979,3.14159265358979,-0.22,0.22,-0.22,0.22,0.22,-0.392699081698724,0.392699081698724,-0.11,0.11,-0.11,0.11,-0.392699081698724,0.392699081698724,20,2.5,0,0.11,0,0,251.590909090909,1.65759379743011,5,0,20,0.29769606347424,2.5021649299943,-0.000276880947303037,2.83018154402579,-0.00209337196349085,0.127249580827286,-0.174902449638768,0.174889175173638,0.174908918955324,-0.207940880043307,0.294300142054721,-0.0664485490433629,0.0699574768619522,-0.0796053248587579,0.0995763730167887,-0.29125872966911,0.291273883072194,20,2.5,0,0.11,0,0,247.569094953605,2.39996817328796,6.10524375755793,1,1070.623864,0,-1.1,3
0,20,0,5,-3.14159265358979,3.14159265358979,-0.22,0.22,-0.22,0.22,0.22,-0.392699081698724,0.392699081698724,-0.11,0.11,-0.11,0.11,-0.392699081698724,0.392699081698724,20,2.5,0,0.11,0,0,252.204545454545,1.65759379743011,5,0,20,2.44575821634538,3.58026498238955,-0.786904937222205,0.0222285535757488,0.0377915256001353,0.12562397533032,-0.0384412810275886,0.101388119563966,0.135716944532887,-0.16759309443944,0.0913144077497571,-0.0294730394566314,0.035504287042202,-0.0435952858887875,0.030317611920086,-0.0602342835657551,0.108519232724304,20,2.5,0,0.11,0,0,251.509937956687,1.7757046006871,4.80229331373609,1,158.2582622,2,-1,1.5
0,20,0,5,-3.14159265358979,3.14159265358979,-0.22,0.22,-0.22,0.22,0.22,-0.392699081698724,0.392699081698724,-0.11,0.11,-0.11,0.11,-0.392699081698724,0.392699081698724,20,2.5,0,0.11,0,0,251.590909090909,1.65759379743011,5,0,20,2.38505226471046,3.3517770889194,-0.706088293849988,0.000594557039370815,0.0460180409058563,0.125587570779648,-0.0339239193621141,0.0804996664516017,0.125589043602164,-0.142920852124895,0.0556262719217915,-0.0208178092153727,0.0337087378964797,-0.0380492707679624,0.0274572298984782,-0.0509550143544596,0.0772476760829618,20,2.5,0,0.11,0,0,250.547808048727,1.54410349012548,4.63402583028176,1,154.4789072,2,-1.1,1.5
0,20,0,5,-3.14159265358979,3.14159265358979,-0.22,0.22,-0.22,0.22,0.22,-0.392699081698724,0.392699081698724,-0.11,0.11,-0.11,0.11,-0.392699081698724,0.392699081698724,20,2.5,0,0.11,0,0,251.079545454545,1.65759379743011,5,0,20,2.49982947256446,4.70088635841455,-2.74008981362702,0,-0.00380023078884435,0.140201217089975,-0.172988300316,0.185060305743493,0.185096452142618,-0.31652548567289,0.197498442306462,-0.0647819314756272,0.067825787202378,-0.0799861708752565,0.0874169770451643,-0.290913191504031,0.290903310857914,20,2.5,0,0.11,0,0,243.482308329108,2.90078921881054,6.09695536303782,1,872.6523501,0,-1.2,1.5
0,20,0,5,-3.14159265358979,3.14159265358979,-0.22,0.22,-0.22,0.22,0.22,-0.392699081698724,0.392699081698724,-0.11,0.11,-0.11,0.11,-0.392699081698724,0.392699081698724,20,2.5,0,0.11,0,0,251.079545454545,1.65759379743011,5,0,20,0.37074132491511,2.68902347769784,-0.177926204089604,1.57653613319459,0.00468542973797483,0.12180945555381,-0.165664338350167,0.124596424474854,0.166313560299744,-0.140765637068321,0.293292327176519,-0.0261836096324509,0.0471425225710916,-0.0813822243270622,0.0745773084559292,-0.165341669644299,0.133192960248448,20,2.5,0,0.11,0,0,250.217912018506,2.32923969642723,6.18424758159558,1,503.8988444,2,-1.2,3
0,20,0,5,-3.14159265358979,3.14159265358979,-0.22,0.22,-0.22,0.22,0.22,-0.392699081698724,0.392699081698724,-0.11,0.11,-0.11,0.11,-0.392699081698724,0.392699081698724,20,2.5,0,0.11,0,0,256.704545454545,1.65759379743011,5,0,20,2.5,4.71110672683892,-2.9457175315651,0.00185545767301409,-0.0317998758993263,0.192091808995836,-0.205743969448209,0.181065493352384,0.208030497319651,-0.236056637772851,0.215027936531078,-0.0799471005855653,0.0799404670602887,-0.085427708553877,0.0864794162668862,-0.047176872854389,0.119135860843741,20,2.5,0,0.11,0,0,256.704378421918,2.39912025821342,8.47531916059667,1,198.3199741,0,-0.6,2
0,20,0,5,-3.14159265358979,3.14159265358979,-0.22,0.22,-0.22,0.22,0.22,-0.392699081698724,0.392699081698724,-0.11,0.11,-0.11,0.11,-0.392699081698724,0.392699081698724,20,2.5,0,0.11,0,0,255.097402597403,1.65759379743011,5,0,20,2.5,4.71177824691298,-2.88175290440846,0,-0.0268342988461362,0.166330802906187,-0.177938376557724,0.188580746628294,0.19087164622811,-0.275129516536382,0.211061780061276,-0.0820947561717772,0.0797205847182733,-0.0872671548151304,0.0790882445212544,-0.0497585415386141,0.143423172223672,20,2.5,0,0.11,0,0,255.096977708986,2.39537499352459,7.9907089821171,1,277.7250564,0,-0.7,2
0,20,0,5,-3.14159265358979,3.14159265358979,-0.22,0.22,-0.22,0.22,0.22,-0.392699081698724,0.392699081698724,-0.11,0.11,-0.11,0.11,-0.392699081698724,0.392699081698724,20,2.5,0,0.11,0,0,256.704545454545,1.65759379743011,5,0,20,0.289072218504337,2.50289224895769,0,2.85524703260417,-0.0350338579806985,0.193992086940455,-0.179401271673556,0.20555185405355,0.208516032740563,-0.204359308783975,0.190524648230314,-0.0798835329775174,0.0859647762998442,-0.0864989658063679,0.0855851844109784,-0.117431404057,0.0293380408490157,20,2.5,0,0.11,0,0,255.308991919767,2.89875780188279,8.34819878340824,1,304.3479319,0,-0.6,3.5
0,20,0,5,-3.14159265358979,3.14159265358979,-0.22,0.22,-0.22,0.22,0.22,-0.392699081698724,0.392699081698724,-0.11,0.11,-0.11,0.11,-0.392699081698724,0.392699081698724,20,2.5,0,0.11,0,0,253.892045454545,1.65759379743011,5,0,20,2.49487250112917,4.70251114504467,-2.8267854373434,0,-0.0264095844191652,0.151961690156215,-0.192243675547423,0.170781210611652,0.193513747941017,-0.30594984376184,0.206721790417039,-0.0858215483171776,0.0792474338663446,-0.0990902151846123,0.0798266413897614,-0.0707198472925679,0.148881679631473,20,2.5,0,0.11,0,0,253.890722158561,2.39762675331594,7.66770373747943,1,368.1749972,0,-0.8,2
0,20,0,5,-3.14159265358979,3.14159265358979,-0.22,0.22,-0.22,0.22,0.22,-0.392699081698724,0.392699081698724,-0.11,0.11,-0.11,0.11,-0.392699081698724,0.392699081698724,20,2.5,0,0.11,0,0,255.097402597403,1.65759379743011,5,0,20,0.292173014204684,2.5,0,2.86758057757084,-0.0307227203950607,0.170418690866621,-0.174169416292333,0.20071766875645,0.202481319052292,-0.226040284040486,0.217949629784158,-0.086654512963773,0.0799899487233623,-0.0866320431569581,0.0873582865770595,-0.117182702194758,0.0646358433388378,20,2.5,0,0.11,0,0,255.097324364662,2.90257641871317,7.90918188326965,1,416.001087,0,-0.7,3.5
0,20,0,5,-3.14159265358979,3.14159265358979,-0.22,0.22,-0.22,0.22,0.22,-0.392699081698724,0.392699081698724,-0.11,0.11,-0.11,0.11,-0.392699081698724,0.392699081698724,20,2.5,0,0.11,0,0,252.954545454545,1.65759379743011,5,0,20,2.49001352541247,4.70355358880446,-2.84561525128789,0.00373324253184202,-0.00749551695344065,0.12628462812671,-0.180296346412543,0.180310437720755,0.180442706982627,-0.300554943615313,0.211476895549024,-0.0621824238782745,0.0727869949926507,-0.0997594558476221,0.0796128358061703,-0.193394328704651,0.225739446446311,20,2.5,0,0.11,0,0,252.899320763476,2.39997914114197,5.95537110184959,1,483.3095067,0,-0.9,2
0,20,0,5,-3.14159265358979,3.14159265358979,-0.22,0.22,-0.22,0.22,0.22,-0.392699081698724,0.392699081698724,-0.11,0.11,-0.11,0.11,-0.392699081698724,0.392699081698724,20,2.5,0,0.11,0,0,253.892045454545,1.65759379743011,5,0,20,0.766731821183141,2.56076787980732,-0.117551129472037,1.19555896757461,0.01541929564299,0.136050569413201,-0.150965731933352,0.0603864768195285,0.152507250711764,-0.202613860713186,0.230351751823362,-0.0392575644589876,0.0335255659180317,-0.0333176623893466,0.0603506511400004,-0.16204037311646,0.094019651632513,20,2.5,0,0.11,0,0,253.555013828431,2.42419109517136,5.45805170329474,1,123.1176596,2,-0.8,3.5
0,20,0,5,-3.14159265358979,3.14159265358979,-0.22,0.22,-0.22,0.22,0.22,-0.392699081698724,0.392699081698724,-0.11,0.11,-0.11,0.11,-0.392699081698724,0.392699081698724,20,2.5,0,0.11,0,0,252.954545454545,1.65759379743011,5,0,20,0.300016166103914,2.5,0,2.76961622904907,-0.00177313337858009,0.126689269010958,-0.189842857598594,0.189842470892049,0.189844071033128,-0.200026817660991,0.285537733259442,-0.0737589190700661,0.0740568435883716,-0.0768538404552732,0.090657011996614,-0.175343016608153,0.0613706071748003,20,2.5,0,0.11,0,0,242.077590440853,2.89998385619217,6.63761135079759,1,700.9363841,0,-0.9,3.5
0,20,0,5,-3.14159265358979,3.14159265358979,-0.22,0.22,-0.22,0.22,0.22,-0.392699081698724,0.392699081698724,-0.11,0.11,-0.11,0.11,-0.392699081698724,0.392699081698724,20,2.5,0,0.11,0,0,252.204545454545,1.65759379743011,5,0,20,2.48569831112239,4.70283904705042,-2.82267013323314,0.0251672044597895,-0.00461641789999873,0.126613676943051,-0.17102379375688,0.171188414094722,0.171226770437795,-0.294097453997635,0.202248954483662,-0.0624042347454999,0.0709892565116804,-0.0997114435886125,0.0795612209290771,-0.14372968301526,0.194982587789654,20,2.5,0,0.11,0,0,250.917816686891,2.39997669843678,6.00903509217798,1,596.8508675,0,-1,2
0,20,0,5,-3.14159265358979,3.14159265358979,-0.22,0.22,-0.22,0.22,0.22,-0.392699081698724,0.392699081698724,-0.11,0.11,-0.11,0.11,-0.392699081698724,0.392699081698724,20,2.5,0,0.11,0,0,252.204545454545,1.65759379743011,5,0,20,1.41928187742001,2.55436400025273,-0.0222848913522088,0.787181770840871,0.0377759177146035,0.125613272074164,-0.101358745843038,0.0383925287127644,0.135736820419082,-0.0910875381729792,0.167583064679953,-0.0294625175523396,0.0354994060300491,-0.0303646621092727,0.0436018328352059,-0.108516188328726,0.0602038535596359,20,2.5,0,0.11,0,0,251.509720494679,1.77612576618778,4.80228916154889,1,235.9321531,2,-1,3.5
0,20,0,5,-3.14159265358979,3.14159265358979,-0.22,0.22,-0.22,0.22,0.22,-0.392699081698724,0.392699081698724,-0.11,0.11,-0.11,0.11,-0.392699081698724,0.392699081698724,20,2.5,0,0.11,0,0,251.590909090909,1.65759379743011,5,0,20,2.49818566537564,4.70230399297942,-2.8300085049655,6.2332023805595e-05,-0.00209800539599122,0.127118501114093,-0.174888408653082,0.174901756035189,0.174908262750951,-0.294289793850623,0.208009082296426,-0.0664772835326379,0.0699656929903383,-0.099576383140298,0.0796053289523336,-0.291274000842791,0.291258976347343,20,2.5,0,0.11,0,0,247.572099710754,2.39996819180927,6.10531785717376,1,731.9641951,0,-1.1,2
0,20,0,5,-3.14159265358979,3.14159265358979,-0.22,0.22,-0.22,0.22,0.22,-0.392699081698724,0.392699081698724,-0.11,0.11,-0.11,0.11,-0.392699081698724,0.392699081698724,20,2.5,0,0.11,0,0,251.590909090909,1.65759379743011,5,0,20,1.64818527256676,2.61495775051621,-0.000590566883543098,0.706111461147398,0.0460172286622602,0.125587469138884,-0.0804974149814914,0.0339258216272037,0.125588942192238,-0.0556239598018683,0.142920755380958,-0.0208164977826845,0.0337085372811315,-0.0274591472181472,0.0380479229833937,-0.0772468798578923,0.050954621177281,20,2.5,0,0.11,0,0,250.547753269988,1.54414214789374,4.63402481711749,1,210.1698486,2,-1.1,3.5
0,20,0,5,-3.14159265358979,3.14159265358979,-0.22,0.22,-0.22,0.22,0.22,-0.392699081698724,0.392699081698724,-0.11,0.11,-0.11,0.11,-0.392699081698724,0.392699081698724,20,2.5,0,0.11,0,0,251.079545454545,1.65759379743011,5,0,20,0.299113678777801,2.50016912540837,0,2.73999643495621,-0.00382656446684149,0.140199285825284,-0.185060431376901,0.172988896266222,0.185097065964523,-0.197504664908658,0.316524828522816,-0.064781237076539,0.0678236451865198,-0.08741273061021,0.0799861298637279,-0.290902947829438,0.290913351953701,20,2.5,0,0.11,0,0,243.482418121439,2.90078933897645,6.09695811230921,1,1281.0292079,0,-1.2,3.5
0,20,0,5,-3.14159265358979,3.14159265358979,-0.22,0.22,-0.22,0.22,0.22,-0.392699081698724,0.392699081698724,-0.11,0.11,-0.11,0.11,-0.392699081698724,0.392699081698724,20,2.5,0,0.11,0,0,251.079545454545,1.65759379743011,5,0,20,2.31083940818795,4.62918763483982,-1.57635288218886,0.177912932213661,0.00469133376418157,0.121809860601432,-0.124578409575649,0.16565944001456,0.16630823069677,-0.293296519962831,0.140721939722365,-0.0261788013902763,0.0471392607930155,-0.0745732624112732,0.0813813013151538,-0.133123158538341,0.16538560730314,20,2.5,0,0.11,0,0,250.217946081292,2.32916831816158,6.18424842347258,1,340.8074069,2,-1.2,2
0,20,0,5,-3.14159265358979,3.14159265358979,-0.22,0.22,-0.22,0.22,0.22,-0.392699081698724,0.392699081698724,-0.11,0.11,-0.11,0.11,-0.392699081698724,0.392699081698724,20,2.5,0,0.11,0,0,256.704545454545,1.65759379743011,5,0,20,2.49569196525599,4.72974469896663,-2.99024561636429,0.153464316902578,-0.0285436923191785,0.179282954552565,-0.179334183972694,0.174859334093924,0.188891751337162,-0.296020720641416,0.226990242555809,-0.078751011867045,0.0787789958500951,-0.0797279868699006,0.0798491502970526,-0.207603347512226,0.248523090047592,20,2.5,0,0.11,0,0,256.700752861327,1.82925669257161,8.47519945954858,1,197.4931064,0,-0.6,2.5
0,20,0,5,-3.14159265358979,3.14159265358979,-0.22,0.22,-0.22,0.22,0.22,-0.392699081698724,0.392699081698724,-0.11,0.11,-0.11,0.11,-0.392699081698724,0.392699081698724,20,2.5,0,0.11,0,0,255.097402597403,1.65759379743011,5,0,20,2.49141920447724,4.71503252082762,-3.01094558721783,0.140972457931253,-0.0245799387306601,0.165850556517266,-0.200447017681026,0.185523602227268,0.201930271932464,-0.309048300555168,0.226083620683606,-0.0794344296834407,0.0787678739872163,-0.086487831274183,0.0797403602374788,-0.283487146858186,0.280281251826962,20,2.5,0,0.11,0,0,255.095843372039,1.89197641298204,8.15374841828434,1,278.265422,0,-0.7,2.5
0,20,0,5,-3.14159265358979,3.14159265358979,-0.22,0.22,-0.22,0.22,0.22,-0.392699081698724,0.392699081698724,-0.11,0.11,-0.11,0.11,-0.392699081698724,0.392699081698724,20,2.5,0,0.11,0,0,253.892045454545,1.65759379743011,5,0,20,2.32201918985954,4.53784108189402,-0.836649853835831,0.189241121837212,-0.00880086039769813,0.150134936354932,-0.0890712409855761,0.166695384971331,0.169754439448262,-0.221695313893084,0.228861402931545,-0.0663374665443694,0.0584053045003435,-0.0697065746337498,0.0496830781495147,-0.132847891044568,0.20360201587685,20,2.5,0,0.11,0,0,253.767823189504,1.71841321357876,5.05497350610417,1,81.6587452,2,-0.8,2.5
0,20,0,5,-3.14159265358979,3.14159265358979,-0.22,0.22,-0.22,0.22,0.22,-0.392699081698724,0.392699081698724,-0.11,0.11,-0.11,0.11,-0.392699081698724,0.392699081698724,20,2.5,0,0.11,0,0,252.954545454545,1.65759379743011,5,0,20,2.49545596532495,4.70750617468085,-2.89365246711309,0.01268072922749,-0.00746368269986856,0.126881283574671,-0.193200487994193,0.193240148903566,0.193330486132163,-0.293699137579348,0.205758773414442,-0.0686434880040941,0.0741263680483262,-0.0857744470679857,0.0796761086210722,-0.206549290408237,0.244117578194361,20,2.5,0,0.11,0,0,252.945596983494,1.87204041298272,6.03805618605759,1,477.7214261,0,-0.9,2.5
0,20,0,5,-3.14159265358979,3.14159265358979,-0.22,0.22,-0.22,0.22,0.22,-0.392699081698724,0.392699081698724,-0.11,0.11,-0.11,0.11,-0.392699081698724,0.392699081698724,20,2.5,0,0.11,0,0,256.704545454545,1.65759379743011,5,0,20,0.291339509987041,2.5,-1.99339655471537e-05,2.80793226225714,-0.0165398467560205,0.172155670411318,-0.189265396377767,0.20122888202773,0.201538074987278,-0.198918616686844,0.170850436544733,-0.0791617217752522,0.0794920461386291,-0.0799531807392215,0.0998789411223345,-0.0920896883866479,0.0363862797359862,20,2.5,0,0.11,0,0,256.700561579403,3.40035656712451,7.90474745181019,1,307.523887,0,-0.6,4
0,20,0,5,-3.14159265358979,3.14159265358979,-0.22,0.22,-0.22,0.22,0.22,-0.392699081698724,0.392699081698724,-0.11,0.11,-0.11,0.11,-0.392699081698724,0.392699081698724,20,2.5,0,0.11,0,0,255.097402597403,1.65759379743011,5,0,20,0.298139079988297,2.5,-0.000238737584560914,2.78878438679205,-0.0134855469459774,0.166775424473691,-0.199260748528964,0.193169596274978,0.199546857385508,-0.204383512213494,0.193580411381477,-0.0799764751250069,0.0799759380588347,-0.0799980335831104,0.098554407316044,-0.100250815651759,0.0395150918096335,20,2.5,0,0.11,0,0,255.097138386555,3.39817510546896,7.90917611709911,1,417.4526962,0,-0.7,4
0,20,0,5,-3.14159265358979,3.14159265358979,-0.22,0.22,-0.22,0.22,0.22,-0.392699081698724,0.392699081698724,-0.11,0.11,-0.11,0.11,-0.392699081698724,0.392699081698724,20,2.5,0,0.11,0,0,252.204545454545,1.65759379743011,5,0,20,2.45079826509098,4.70225677888126,-3.00855102388382,0.0706448551497058,-0.00556886986089889,0.127682719411623,-0.191024767092631,0.191021088785426,0.191075990088572,-0.294931053879622,0.253459356554646,-0.0647727532255768,0.0724789194627631,-0.086509699288166,0.0797016884232284,-0.290941653577061,0.290918001651647,20,2.5,0,0.11,0,0,252.19419957046,1.88204727431377,6.03960219036053,1,598.1986629,0,-1,2.5
0,20,0,5,-3.14159265358979,3.14159265358979,-0.22,0.22,-0.22,0.22,0.22,-0.392699081698724,0.392699081698724,-0.11,0.11,-0.11,0.11,-0.392699081698724,0.392699081698724,20,2.5,0,0.11,0,0,253.892045454545,1.65759379743011,5,0,20,0.278741879119578,2.50572382642474,-0.00532788777855806,2.76710432516789,-0.00404255579506022,0.156945689435927,-0.191482713655858,0.18831155385182,0.19149204633495,-0.213760902036978,0.216604333530152,-0.0799662567242702,0.0799493550831022,-0.0799955149838491,0.0833879318947421,-0.122461571014895,0.0627401546238125,20,2.5,0,0.11,0,0,253.891562935169,3.42103188748152,7.42301437015274,1,549.2383248,0,-0.8,4
0,20,0,5,-3.14159265358979,3.14159265358979,-0.22,0.22,-0.22,0.22,0.22,-0.392699081698724,0.392699081698724,-0.11,0.11,-0.11,0.11,-0.392699081698724,0.392699081698724,20,2.5,0,0.11,0,0,251.590909090909,1.65759379743011,5,0,20,2.49999336127221,4.70885115456889,-2.86455678703172,0,-0.00450697787220038,0.126441964998614,-0.176701740357583,0.176741623552876,0.176770791483875,-0.299082360700905,0.201429874693645,-0.059388465840429,0.0706442676590617,-0.0961354933372708,0.0796888407317152,-0.292344952116811,0.292344496153786,20,2.5,0,0.11,0,0,251.583138491237,1.87807292550954,5.95932920968919,1,731.415351,0,-1.1,2.5
0,20,0,5,-3.14159265358979,3.14159265358979,-0.22,0.22,-0.22,0.22,0.22,-0.392699081698724,0.392699081698724,-0.11,0.11,-0.11,0.11,-0.392699081698724,0.392699081698724,20,2.5,0,0.11,0,0,252.954545454545,1.65759379743011,5,0,20,0.294690679867082,2.51136495487722,-2.24807465609329e-05,2.70794096992622,-0.0141735515660938,0.144301071464387,-0.187829316140417,0.189234269477727,0.189409446455673,-0.19802508819291,0.244837110278822,-0.0768592144256897,0.0696859482059736,-0.0797636731796437,0.0997723089280775,-0.135972653019551,0.0435915823715842,20,2.5,0,0.11,0,0,239.646486837855,3.40503028325475,6.80286801346169,1,708.7477514,0,-0.9,4
0,20,0,5,-3.14159265358979,3.14159265358979,-0.22,0.22,-0.22,0.22,0.22,-0.392699081698724,0.392699081698724,-0.11,0.11,-0.11,0.11,-0.392699081698724,0.392699081698724,20,2.5,0,0.11,0,0,251.079545454545,1.65759379743011,5,0,20,2.49918235690325,4.70088968376821,-3.01300640372926,0.0101103099777489,-0.01466615202688,0.130876868339096,-0.173412175324375,0.183746072030461,0.183904433983802,-0.302058160683069,0.216282643509004,-0.0805140261609236,0.0803735529204065,-0.0998621447365723,0.0800382855735998,-0.29268301809282,0.292683010773644,20,2.5,0,0.11,0,0,251.079401006358,1.89446164492962,5.87893231624644,1,1257.9894887,0,-1.2,2.5
0,20,0,5,-3.14159265358979,3.14159265358979,-0.22,0.22,-0.22,0.22,0.22,-0.392699081698724,0.392699081698724,-0.11,0.11,-0.11,0.11,-0.392699081698724,0.392699081698724,20,2.5,0,0.11,0,0,252.204545454545,1.65759379743011,5,0,20,0.318662933399479,2.50802280296876,-0.000402073121832835,2.65436068780403,-0.0173073169147751,0.138875275030446,-0.187950851559879,0.170535854572785,0.188550379009643,-0.175336549279112,0.273889059731622,-0.0764410575026038,0.079904044104536,-0.0787054017947002,0.0914905683288177,-0.145858225697972,0.0487925435892926,20,2.5,0,0.11,0,0,242.205259902874,3.38135625760138,6.50583707829725,1,885.3082001,0,-1,4
0,20,0,5,-3.14159265358979,3.14159265358979,-0.22,0.22,-0.22,0.22,0.22,-0.392699081698724,0.392699081698724,-0.11,0.11,-0.11,0.11,-0.392699081698724,0.392699081698724,20,2.5,0,0.11,0,0,251.590909090909,1.65759379743011,5,0,20,0.32003564396398,2.5023401216491,0,2.68494802519236,-0.00457063730757862,0.140154111442917,-0.171196471796198,0.186129168025886,0.186154538241565,-0.192585622946893,0.296829945322971,-0.0794901640283354,0.0793453911615645,-0.0891174744587374,0.0998730417604864,-0.186393699618378,0.0817765993531257,20,2.5,0,0.11,0,0,251.587251845286,3.37901149301297,6.20433458827904,1,1081.6195747,0,-1.1,4
0,20,0,5,-3.14159265358979,3.14159265358979,-0.22,0.22,-0.22,0.22,0.22,-0.392699081698724,0.392699081698724,-0.11,0.11,-0.11,0.11,-0.392699081698724,0.392699081698724,20,2.5,0,0.11,0,0,251.079545454545,1.65759379743011,5,0,20,0.33396194015612,2.50034708270297,0,2.64982818863739,-0.017642323410702,0.144862508227271,-0.171222016500743,0.174038384322044,0.178585186623914,-0.1811593257946,0.301273778824383,-0.0788534328808733,0.0858274552975609,-0.0886862878105543,0.0882701764192143,-0.253248879604386,0.216790178620508,20,2.5,0,0.11,0,0,251.07770817723,3.36515290754993,5.96054396648384,1,1308.6461093,0,-1.2,4
0,20,0,5,-3.14159265358979,3.14159265358979,-0.22,0.22,-0.22,0.22,0.22,-0.392699081698724,0.392699081698724,-0.11,0.11,-0.11,0.11,-0.392699081698724,0.392699081698724,20,2.5,0,0.11,0,0,256.704545454545,1.65759379743011,5,0,20,0.643801715977572,2.7985432291358,-0.000206902656805784,2.81676122363999,-0.0230441009307483,0.196475611507828,-0.205827441707472,0.203899132766097,0.206935545152023,-0.202086350274602,0.167125954218962,-0.080333619625362,0.0798357725271654,-0.0799978584581909,0.0896985244340307,-0.0893907124023768,0.0385184013026238,20,2.5,0,0.11,0,0,256.702949641994,3.54686007568881,8.14929998863472,1,322.9516464,0,-0.6,4.5
0,20,0,5,-3.14159265358979,3.14159265358979,-0.22,0.22,-0.22,0.22,0.22,-0.392699081698724,0.392699081698724,-0.11,0.11,-0.11,0.11,-0.392699081698724,0.392699081698724,20,2.5,0,0.11,0,0,255.097402597403,1.65759379743011,5,0,20,0.701805950010765,2.51494176348186,-0.00991465713404175,2.76313944515321,-0.0205220048852719,0.172260066929475,-0.198816389878913,0.196830690782631,0.199584366125505,-0.188678830694546,0.185809188275092,-0.0799452939803358,0.0799453803136686,-0.0799981091997773,0.0999087454217295,-0.107169685479512,0.0318446692284819,20,2.5,0,0.11,0,0,255.096425021335,3.49585015737883,7.99069166961808,1,437.0988187,0,-0.7,4.5
0,20,0,5,-3.14159265358979,3.14159265358979,-0.22,0.22,-0.22,0.22,0.22,-0.392699081698724,0.392699081698724,-0.11,0.11,-0.11,0.11,-0.392699081698724,0.392699081698724,20,2.5,0,0.11,0,0,253.892045454545,1.65759379743011,5,0,20,0.755840216750167,2.50240387905404,0,2.72513971447746,-0.00273066393670682,0.172351658663581,-0.195702657671823,0.174749643940097,0.195703422564704,-0.194167521744609,0.216696406039225,-0.0798236527019049,0.0797718778122267,-0.0799814953992891,0.0890865669635393,-0.125036525790994,0.0454221891370189,20,2.5,0,0.11,0,0,253.889662069395,3.4416535023101,7.58610074616989,1,577.6061139,0,-0.8,4.5
0,20,0,5,-3.14159265358979,3.14159265358979,-0.22,0.22,-0.22,0.22,0.22,-0.392699081698724,0.392699081698724,-0.11,0.11,-0.11,0.11,-0.392699081698724,0.392699081698724,20,2.5,0,0.11,0,0,252.954545454545,1.65759379743011,5,0,20,0.778735163074605,2.69442526406347,-0.418422558256272,2.57465503210238,-0.00489588144170811,0.133050211417369,-0.176753845698206,0.181368106341666,0.18142560744265,-0.173553457354355,0.261950999716648,-0.0436844703134175,0.0570512992019193,-0.0749106971331933,0.0966276223451635,-0.18110664177402,0.103327651410061,20,2.5,0,0.11,0,0,247.623273650711,3.42052691952213,6.15064260358217,1,264.1707436,2,-0.9,4.5
0,20,0,5,-3.14159265358979,3.14159265358979,-0.22,0.22,-0.22,0.22,0.22,-0.392699081698724,0.392699081698724,-0.11,0.11,-0.11,0.11,-0.392699081698724,0.392699081698724,20,2.5,0,0.11,0,0,252.204545454545,1.65759379743011,5,0,20,0.805102366881088,2.51055662166873,0,2.66741844127372,-0.00297221520024169,0.125718620144848,-0.184325933073414,0.18738082174862,0.187386497615226,-0.195935476525684,0.274375364722523,-0.0738754174178027,0.0743740544600763,-0.0797480200561807,0.0997617460762853,-0.162473140520667,0.0542186001204629,20,2.5,0,0.11,0,0,252.148711094243,3.39389640798584,6.12011434694765,1,984.4098857,0,-1,4.5
0,20,0,5,-3.14159265358979,3.14159265358979,-0.22,0.22,-0.22,0.22,0.22,-0.392699081698724,0.392699081698724,-0.11,0.11,-0.11,0.11,-0.392699081698724,0.392699081698724,20,2.5,0,0.11,0,0,251.590909090909,1.65759379743011,5,0,20,0.816208502114422,2.50880291514615,0,2.68722041690697,-0.010195965246647,0.15190668752573,-0.182953059301005,0.189503743686072,0.189685798634991,-0.195142456292266,0.295482523290122,-0.0794489200488838,0.0794075241669864,-0.079811067372693,0.0865455700408711,-0.179495564590472,0.0916801831660724,20,2.5,0,0.11,0,0,251.586489417523,3.38383113682335,6.53085872234279,1,1133.4072867,0,-1.1,4.5
0,20,0,5,-3.14159265358979,3.14159265358979,-0.22,0.22,-0.22,0.22,0.22,-0.392699081698724,0.392699081698724,-0.11,0.11,-0.11,0.11,-0.392699081698724,0.392699081698724,20,2.5,0,0.11,0,0,251.079545454545,1.65759379743011,5,0,20,0.822715697512251,2.51072520713853,0,2.7819413044424,-0.0116342276606375,0.149133362816695,-0.182742012998062,0.184925141778258,0.185181027300755,-0.189172827785992,0.2989413004638,-0.0797039276679426,0.0794373104365999,-0.079963382866834,0.099261299149334,-0.283187208285082,0.281573606997512,20,2.5,0,0.11,0,0,251.077766749397,3.37731681079862,6.36880188827738,1,1375.1278082,0,-1.2,4.5
