-10,15,0,2.8,-3.14159265358979,3.14159265358979,0,0.15,-0.15,0.15,0.15,-0.392699081698724,0.392699081698724,-0.075,0.075,-0.075,0.075,-0.392699081698724,0.392699081698724,4.72394366197183,1,0,0.11,0,0,69.2256722151088,1.65759379743011,5,0,4.72394366197183,1,2.49999997844679,-2.91250708729313,0,2.51384062146017e-09,0.149795215280011,-0.148350645888275,0.149999838390165,0.149999992735005,-0.248681728527391,0.233123011263133,-0.0585714472955831,0.047355437186292,-0.0749992590808081,0.0749991876158176,-0.0380018608683298,0.0533544337523826,4.72394366197183,1,0,0.11,0,0,57.2927016333121,1.70177704474137,9.73975927766306,1,2.088116,2,-0.6,0.5
-10,15,0,2.8,-3.14159265358979,3.14159265358979,0,0.15,-0.15,0.15,0.15,-0.392699081698724,0.392699081698724,-0.075,0.075,-0.075,0.075,-0.392699081698724,0.392699081698724,4.57105263157895,1,0,0.11,0,0,66.4838976812661,1.65759379743011,5,0,4.57105263157895,1,2.48963446084745,-1.13929817783698,0,0.00550017246839671,0.12779409666847,-0.0681062993972243,0.102180282363595,0.130269622288244,-0.188770977744198,0.166609188749795,-0.0452099761998445,0.0384483930987561,-0.0262151599792166,0.0299503164727606,-0.0647693949759506,0.0744535778270213,4.57105263157895,1,0,0.11,0,0,59.4575423791314,1.87528358301917,5.15298700619139,1,0.8896385,2,-0.65,0.5
-10,15,0,2.8,-3.14159265358979,3.14159265358979,0,0.15,-0.15,0.15,0.15,-0.392699081698724,0.392699081698724,-0.075,0.075,-0.075,0.075,-0.392699081698724,0.392699081698724,4.43703703703704,1,0,0.11,0,0,64.0974025974026,1.65759379743011,5,0,4.43703703703704,1,2.49999990382287,-2.90229840324991,0,1.49445112840415e-08,0.149930148235496,-0.149989569441054,0.149999076346216,0.149999970174616,-0.286961636229316,0.237178475131492,-0.072034597396149,0.0720268401114818,-0.0749970587382787,0.0749946282621303,-0.0560374638688852,0.0645389456098062,4.43703703703704,1,0,0.11,0,0,57.7725223230159,1.70049656782803,9.8213287949127,1,3.1309311,2,-0.7,0.5
-10,15,0,2.8,-3.14159265358979,3.14159265358979,0,0.15,-0.15,0.15,0.15,-0.392699081698724,0.392699081698724,-0.075,0.075,-0.075,0.075,-0.392699081698724,0.392699081698724,4.31860465116279,1,0,0.11,0,0,62.0010570824524,1.65759379743011,5,0,4.31860465116279,1,2.49999999622392,-2.89713947281101,0,6.55984310838948e-10,0.149921676290466,-0.14999966183604,0.149999960664889,0.149999998824974,-0.305033876361408,0.239308302917925,-0.0749998690360101,0.0749998690360148,-0.0749998333170884,0.0749997557449159,-0.0621857391855421,0.0708520858712533,4.31860465116279,1,0,0.11,0,0,54.1096784697525,1.7001760201164,9.85569143556205,1,3.1415858,2,-0.75,0.5
-10,15,0,2.8,-3.14159265358979,3.14159265358979,0,0.15,-0.15,0.15,0.15,-0.392699081698724,0.392699081698724,-0.075,0.075,-0.075,0.075,-0.392699081698724,0.392699081698724,4.21318681318681,1,0,0.11,0,0,60.1447927072927,1.65759379743011,5,0,4.21318681318681,1,2.49999998123857,-2.89318188602473,0,3.5998613978242e-09,0.1499280799401,-0.149998145848054,0.149999790365684,0.149999994039652,-0.323016777335431,0.242900828626287,-0.0749992235463137,0.0749992235419557,-0.0749990468296957,0.0749986157822129,-0.0717463417095035,0.0792442120335275,4.21318681318681,1,0,0.11,0,0,50.8845714256493,1.7000266942603,9.88614530555473,1,2.9316394,2,-0.8,0.5
-10,15,0,2.8,-3.14159265358979,3.14159265358979,0,0.15,-0.15,0.15,0.15,-0.392699081698724,0.392699081698724,-0.075,0.075,-0.075,0.075,-0.392699081698724,0.392699081698724,4.11875,1,0,0.11,0,0,58.4894719251337,1.65759379743011,5,0,4.11875,1,2.49999999623569,-2.88968169164748,0,7.89251626001171e-10,0.14993162184186,-0.149999594861154,0.149999955331997,0.149999998769378,-0.339883023420919,0.244366491678808,-0.0749998176066259,0.0749998176067435,-0.0749997831245885,0.0749996874805464,-0.0788283125900982,0.0893992184731706,4.11875,1,0,0.11,0,0,54.883810868811,1.7000047348381,10.1077685016727,1,3.9855678,2,-0.85,0.5
-10,15,0,2.8,-3.14159265358979,3.14159265358979,0,0.15,-0.15,0.15,0.15,-0.392699081698724,0.392699081698724,-0.075,0.075,-0.075,0.075,-0.392699081698724,0.392699081698724,4.03366336633663,1,0,0.11,0,0,57.0040504050405,1.65759379743011,5,0,4.03366336633663,1,2.49999999443453,-2.95762463371045,0.193484967237068,2.16015864001795e-09,0.148977922923418,-0.149990842238058,0.149999972344073,0.149999997963224,-0.371049409169998,0.24615547475928,-0.0749993547094962,0.0749993254228457,-0.0749999974342248,0.0749997468282191,-0.171720186872016,0.243663867943107,4.03366336633663,1,0,0.11,0,0,46.8867270209378,2.09356344656387,11.2528144850251,1,3.655961,2,-0.9,0.5
-10,15,0,2.8,-3.14159265358979,3.14159265358979,0,0.15,-0.15,0.15,0.15,-0.392699081698724,0.392699081698724,-0.075,0.075,-0.075,0.075,-0.392699081698724,0.392699081698724,3.95660377358491,1,0,0.11,0,0,55.6635821973459,1.65759379743011,5,0,3.95660377358491,0.592380092640609,1.51612380117513,-3.14159245510937,0.733237478286528,5.92524423706423e-10,0.149559486981815,-0.149999984360969,0.149999970863589,0.149999999349876,-0.392699047901232,0.392698893597431,-0.050709023967308,0.031750473081243,-0.0749981747489055,0.074998175087262,-0.392698842724483,0.39269884272769,3.95660377358491,1,0,0.11,0,0,45.5152995873422,1.25981470329273,4.14378873326428,0,3.8612675,2,-0.95,0.5
-10,15,0,2.8,-3.14159265358979,3.14159265358979,0,0.15,-0.15,0.15,0.15,-0.392699081698724,0.392699081698724,-0.075,0.075,-0.075,0.075,-0.392699081698724,0.392699081698724,3.88648648648649,1,0,0.11,0,0,54.4477886977887,1.65759379743011,5,0,3.88648648648649,1,2.49999998629976,-2.84552099254221,0,4.84174889193932e-09,0.146514579358137,-0.113546383081834,0.149999980228066,0.149999992871546,-0.377269706716418,0.264806343146738,-0.0749980058702367,0.0749980058408362,-0.0749999828599519,0.0749999800367564,-0.106568875299882,0.169511235166529,3.88648648648649,1,0,0.11,0,0,47.0597432401574,1.70113343324915,10.1962777020341,1,3.6347848,2,-1,0.5
-10,15,0,2.8,-3.14159265358979,3.14159265358979,0,0.15,-0.15,0.15,0.15,-0.392699081698724,0.392699081698724,-0.075,0.075,-0.075,0.075,-0.392699081698724,0.392699081698724,3.82241379310345,1,0,0.11,0,0,53.340013434841,1.65759379743011,5,0,3.82241379310345,1,2.49999999503489,-3.11792314201214,0.336596323310565,1.11766923605791e-08,0.145890651581269,-0.141781325681731,0.149999977458528,0.149999997406267,-0.392699070818335,0.305463811898576,-0.0749999424592623,0.074999894973672,-0.0749986622312773,0.0749993238698196,-0.38211888648893,0.38124913201252,3.82241379310345,1,0,0.11,0,0,38.6055657554581,1.97064217095372,10.2090273886656,1,4.2166393,2,-1.05,0.5
-10,15,0,2.8,-3.14159265358979,3.14159265358979,0,0.15,-0.15,0.15,0.15,-0.392699081698724,0.392699081698724,-0.075,0.075,-0.075,0.075,-0.392699081698724,0.392699081698724,3.76363636363636,1,0,0.11,0,0,52.3264462809917,1.65759379743011,5,0,3.76363636363636,1,1.96134189273575,-1.06999140811771,0.00292104665275178,0.0149515286801267,0.115250140627193,-0.0422051135128781,0.10609514035741,0.118714394896626,-0.204769667939951,0.121350391809208,-0.0325283746281738,0.0299131530290327,-0.0301092050550614,0.0389270535301975,-0.102582148622359,0.0992933752750719,3.76363636363636,1,0,0.11,0,0,44.2563271476436,1.46869435998133,4.14698176605698,1,2.1211722,2,-1.1,0.5
-10,15,0,2.8,-3.14159265358979,3.14159265358979,0,0.15,-0.15,0.15,0.15,-0.392699081698724,0.392699081698724,-0.075,0.075,-0.075,0.075,-0.392699081698724,0.392699081698724,3.70952380952381,1,0,0.11,0,0,51.3955392433653,1.65759379743011,5,0,3.70952380952381,1,2.42724617097992,-2.95417043468358,0.120044275443671,1.7263486694983e-09,0.14995601104843,-0.149999983484423,0.149999993289148,0.149999995088815,-0.392699070019306,0.294115161156954,-0.0740807753937065,0.0728013202851584,-0.0749999923047047,0.0749999874082809,-0.224920479990882,0.290361694613327,3.70952380952381,1,0,0.11,0,0,41.9272343340786,1.96588039225336,5.17878987052415,0,6.4750844,2,-1.15,0.5
-10,15,0,2.8,-3.14159265358979,3.14159265358979,0,0.15,-0.15,0.15,0.15,-0.392699081698724,0.392699081698724,-0.075,0.075,-0.075,0.075,-0.392699081698724,0.392699081698724,3.65954198473282,1,0,0.11,0,0,50.537560721721,1.65759379743011,5,0,3.65954198473282,0.839691753723443,1.56198048734757,-3.14159259656421,0,3.50224127061961e-09,0.149932125419314,-0.149999862020932,0.149997608294302,0.14999998590284,-0.392699060082096,0.392699031735156,-0.0749999846289923,0.0749999846288892,-0.0749996263768524,0.0749994743882112,-0.323764605430097,0.343284574333308,3.65954198473282,1,0,0.11,0,0,40.7778707150728,1.34866647191857,4.16840456198522,0,5.0950688,2,-1.2,0.5
-10,15,0,2.8,-3.14159265358979,3.14159265358979,0,0.15,-0.15,0.15,0.15,-0.392699081698724,0.392699081698724,-0.075,0.075,-0.075,0.075,-0.392699081698724,0.392699081698724,4.72394366197183,1,0,0.11,0,0,69.2256722151088,1.65759379743011,5,0,4.72394366197183,1,2.49999998539575,-2.95236520599669,0,1.91794958468828e-09,0.149954611307085,-0.14877101662654,0.149999857954176,0.149999997179423,-0.263703514989636,0.235110491806469,-0.0598458596874124,0.0496486894802369,-0.0749992879522533,0.0749992878268487,-0.0453209502216916,0.0532191719697307,4.72394366197183,1,0,0.11,0,0,57.4428124811173,1.45057830641577,4.59542499848938,0,3.534277,2,-0.6,0.75
-10,15,0,2.8,-3.14159265358979,3.14159265358979,0,0.15,-0.15,0.15,0.15,-0.392699081698724,0.392699081698724,-0.075,0.075,-0.075,0.075,-0.392699081698724,0.392699081698724,4.57105263157895,1,0,0.11,0,0,66.4838976812661,1.65759379743011,5,0,4.57105263157895,0.779865696002606,2.49999999126868,-3.02383084290711,0.310964986444274,1.46561045464567e-09,0.149150148975987,-0.149999993180668,0.149999982994848,0.149999999029448,-0.294709435272074,0.259301712645682,-0.0723539406401108,0.063929011285161,-0.0749990913641345,0.0749990913997286,-0.121689241221601,0.171559253401347,4.57105263157895,1,0,0.11,0,0,56.8715018781288,1.83191045189633,4.92886349610449,0,3.2118039,2,-0.65,0.75
-10,15,0,2.8,-3.14159265358979,3.14159265358979,0,0.15,-0.15,0.15,0.15,-0.392699081698724,0.392699081698724,-0.075,0.075,-0.075,0.075,-0.392699081698724,0.392699081698724,4.43703703703704,1,0,0.11,0,0,64.0974025974026,1.65759379743011,5,0,4.43703703703704,0.970600024659006,2.49999999032516,-3.01601208504487,0.335646888224378,2.14005007242696e-09,0.148510055859919,-0.149999991883357,0.149999979226334,0.14999999892662,-0.31949965741381,0.260476196922474,-0.0749998037966553,0.0749996095550443,-0.0749993483303998,0.0749993483526017,-0.152118093492823,0.206585722961837,4.43703703703704,1,0,0.11,0,0,52.2900504057352,1.77740249812979,4.88040470453528,0,4.5607267,2,-0.7,0.75
-10,15,0,2.8,-3.14159265358979,3.14159265358979,0,0.15,-0.15,0.15,0.15,-0.392699081698724,0.392699081698724,-0.075,0.075,-0.075,0.075,-0.392699081698724,0.392699081698724,4.31860465116279,1,0,0.11,0,0,62.0010570824524,1.65759379743011,5,0,4.31860465116279,0.929354883569669,1.93333623381582,-3.08999033460596,0.823578658610077,2.91644251539754e-09,0.149968708674508,-0.14999997567544,0.149999944657847,0.149999998694276,-0.392698975183367,0.27940991151816,-0.0749997054756506,0.0749994125234033,-0.0749951212934242,0.0749951261048364,-0.332977050553285,0.325310171647027,4.31860465116279,1,0,0.11,0,0,49.3564419075526,1.20000005286831,4.40682517031719,0,3.479545,2,-0.75,0.75
-10,15,0,2.8,-3.14159265358979,3.14159265358979,0,0.15,-0.15,0.15,0.15,-0.392699081698724,0.392699081698724,-0.075,0.075,-0.075,0.075,-0.392699081698724,0.392699081698724,4.21318681318681,1,0,0.11,0,0,60.1447927072927,1.65759379743011,5,0,4.21318681318681,1,2.49999988472515,-3.03996389946655,0.492176958926077,1.38695321415845e-08,0.148959080216409,-0.149999941636803,0.149999889243823,0.149999992353602,-0.387050651284162,0.259297482538433,-0.0697688879632381,0.0616422201475796,-0.0749984584158314,0.0749984582210632,-0.279080705983847,0.312847505058973,4.21318681318681,1,0,0.11,0,0,45.277558897503,1.61001217556013,4.65712034374317,0,2.5216813,2,-0.8,0.75
-10,15,0,2.8,-3.14159265358979,3.14159265358979,0,0.15,-0.15,0.15,0.15,-0.392699081698724,0.392699081698724,-0.075,0.075,-0.075,0.075,-0.392699081698724,0.392699081698724,4.11875,1,0,0.11,0,0,58.4894719251337,1.65759379743011,5,0,4.11875,0.936232723825375,2.49999949210391,-3.00575000045876,0.309027602907052,5.12061342034655e-08,0.149188744982907,-0.14999976016522,0.149999422429167,0.149999954592349,-0.380518028159902,0.249139255162157,-0.0749851391485355,0.0749743984965556,-0.0749593337958579,0.0749589455464014,-0.201128715954432,0.269968807819154,4.11875,1,0,0.11,0,0,50.5602381354189,1.90415425749247,4.83482277169943,0,4.3375373,2,-0.85,0.75
-10,15,0,2.8,-3.14159265358979,3.14159265358979,0,0.15,-0.15,0.15,0.15,-0.392699081698724,0.392699081698724,-0.075,0.075,-0.075,0.075,-0.392699081698724,0.392699081698724,4.03366336633663,1,0,0.11,0,0,57.0040504050405,1.65759379743011,5,0,4.03366336633663,1,2.34354658521181,-1.20376154284278,0,0.00878429727236141,0.117669228961506,-0.064197352222869,0.11979625176243,0.122439318002024,-0.196371864938225,0.0979107757207216,-0.037924532587505,0.034375035908355,-0.0404407462958265,0.0450863525637673,-0.113265395581201,0.0864041717577582,4.03366336633663,1,0,0.11,0,0,48.6021217552026,1.51624658201645,4.19193300138622,1,1.1505498,2,-0.9,0.75
-10,15,0,2.8,-3.14159265358979,3.14159265358979,0,0.15,-0.15,0.15,0.15,-0.392699081698724,0.392699081698724,-0.075,0.075,-0.075,0.075,-0.392699081698724,0.392699081698724,3.95660377358491,1,0,0.11,0,0,55.6635821973459,1.65759379743011,5,0,3.95660377358491,0.758603920592062,1.64166470866685,-3.12880486898457,0,3.80843555477186e-09,0.149826055047474,-0.14999978030877,0.149997978246176,0.149999996708089,-0.392698963207203,0.292239706307593,-0.052071603003824,0.0315667881431302,-0.0749894646582749,0.0749894822821329,-0.23039503276715,0.333297418041605,3.95660377358491,1,0,0.11,0,0,45.5549727008497,1.20000014178225,3.60643533881727,0,4.900114,2,-0.95,0.75
-10,15,0,2.8,-3.14159265358979,3.14159265358979,0,0.15,-0.15,0.15,0.15,-0.392699081698724,0.392699081698724,-0.075,0.075,-0.075,0.075,-0.392699081698724,0.392699081698724,3.88648648648649,1,0,0.11,0,0,54.4477886977887,1.65759379743011,5,0,3.88648648648649,1,2.49999997973966,-2.99160095796447,0.169151909481098,3.33892877481568e-09,0.147534959297717,-0.149999985838359,0.149999968854993,0.14999999765097,-0.392699066875765,0.276299117720715,-0.0534918597419094,0.0326200485337765,-0.0749996693522414,0.0749996690831596,-0.206843858306305,0.202474935837127,3.88648648648649,1,0,0.11,0,0,42.0297212310921,1.81572595143655,4.90346747696075,0,3.6174022,2,-1,0.75
-10,15,0,2.8,-3.14159265358979,3.14159265358979,0,0.15,-0.15,0.15,0.15,-0.392699081698724,0.392699081698724,-0.075,0.075,-0.075,0.075,-0.392699081698724,0.392699081698724,3.82241379310345,1,0,0.11,0,0,53.340013434841,1.65759379743011,5,0,3.82241379310345,1,2.49999998977178,-3.09909567203808,0.113050130643557,5.15563874349593e-09,0.149984888382051,-0.104880693226037,0.149999983451154,0.149999997366302,-0.392699061022679,0.290052278519831,-0.0705558958772908,0.064347919773364,-0.0749999089797346,0.0749999089866858,-0.392697914997424,0.39269791522297,3.82241379310345,1,0,0.11,0,0,38.445704178023,1.81843783303499,4.48533215410269,0,4.037395,2,-1.05,0.75
-10,15,0,2.8,-3.14159265358979,3.14159265358979,0,0.15,-0.15,0.15,0.15,-0.392699081698724,0.392699081698724,-0.075,0.075,-0.075,0.075,-0.392699081698724,0.392699081698724,3.76363636363636,1,0,0.11,0,0,52.3264462809917,1.65759379743011,5,0,3.76363636363636,1,2.49999994899624,-2.98720560735584,0.156812299735149,1.61633699891592e-09,0.149362125493686,-0.149999980066441,0.149999970434284,0.149999980066441,-0.392699068003639,0.297502553537086,-0.0749999852215667,0.074999985221557,-0.0749999953849165,0.074999709245929,-0.247730409605169,0.295442425253033,3.76363636363636,1,0,0.11,0,0,44.1352794086487,1.82845742348072,4.85488073495135,0,4.6747239,2,-1.1,0.75
-10,15,0,2.8,-3.14159265358979,3.14159265358979,0,0.15,-0.15,0.15,0.15,-0.392699081698724,0.392699081698724,-0.075,0.075,-0.075,0.075,-0.392699081698724,0.392699081698724,3.70952380952381,1,0,0.11,0,0,51.3955392433653,1.65759379743011,5,0,3.70952380952381,0.906507800404968,1.72762149595303,-3.14159210184312,0,1.72558566825737e-08,0.149991695530878,-0.149997858843699,0.149992770077164,0.149999930713602,-0.392698897870501,0.39269862004563,-0.0749999274300908,0.074999927429515,-0.0749964007086665,0.0749916749144387,-0.281281493619441,0.281488142790469,3.70952380952381,1,0,0.11,0,0,42.6479390884481,1.21590661536091,3.99626984791755,0,5.1901272,2,-1.15,0.75
-10,15,0,2.8,-3.14159265358979,3.14159265358979,0,0.15,-0.15,0.15,0.15,-0.392699081698724,0.392699081698724,-0.075,0.075,-0.075,0.075,-0.392699081698724,0.392699081698724,3.65954198473282,1,0,0.11,0,0,50.537560721721,1.65759379743011,5,0,3.65954198473282,0.99720399367158,1.8152892960311,-3.14159259596973,0,4.21791757069378e-09,0.149999913518813,-0.149999736550664,0.149998798413733,0.149999978955848,-0.392699060421789,0.392699031098657,-0.0749999815372891,0.074999981537161,-0.0749991890300818,0.074998555136379,-0.320916347544509,0.340153409885658,3.65954198473282,1,0,0.11,0,0,40.789102642898,1.33681050227175,4.16955271460735,0,5.1662396,2,-1.2,0.75
-10,15,0,2.8,-3.14159265358979,3.14159265358979,0,0.15,-0.15,0.15,0.15,-0.392699081698724,0.392699081698724,-0.075,0.075,-0.075,0.075,-0.392699081698724,0.392699081698724,4.72394366197183,1,0,0.11,0,0,69.2256722151088,1.65759379743011,5,0,4.72394366197183,1,2.49999989315258,-1.14136037892723,0,7.11141035048347e-09,0.144414454928162,-0.0988695486151652,0.149999425441908,0.149999940794813,-0.139595952743215,0.102479834241771,-0.0407238913211354,0.0185402611899032,-0.0749963296555148,0.0749959788605595,-0.0514142651147522,0.0441261683010087,4.72394366197183,1,0,0.11,0,0,55.199939424702,1.44194960825593,4.23199535589382,1,1.5554753,2,-0.6,1
-10,15,0,2.8,-3.14159265358979,3.14159265358979,0,0.15,-0.15,0.15,0.15,-0.392699081698724,0.392699081698724,-0.075,0.075,-0.075,0.075,-0.392699081698724,0.392699081698724,4.57105263157895,1,0,0.11,0,0,66.4838976812661,1.65759379743011,5,0,4.57105263157895,1,2.49999992294291,-1.00830277310377,0,8.20191122908877e-09,0.148277961471953,-0.0959842935009435,0.149999078187905,0.14999969573851,-0.134197990128524,0.0972546264499346,-0.063286936189478,0.0584074648614537,-0.0749993737634774,0.0749992882379614,-0.0454061603843455,0.0437737637220234,4.57105263157895,1,0,0.11,0,0,59.4257573018675,1.56102170265539,4.41448482813873,1,3.041337,2,-0.65,1
-10,15,0,2.8,-3.14159265358979,3.14159265358979,0,0.15,-0.15,0.15,0.15,-0.392699081698724,0.392699081698724,-0.075,0.075,-0.075,0.075,-0.392699081698724,0.392699081698724,4.43703703703704,1,0,0.11,0,0,64.0974025974026,1.65759379743011,5,0,4.43703703703704,1,2.49999998323898,-1.04182877209923,0,1.90465446507049e-09,0.148098358165555,-0.0901311689795231,0.14999979315103,0.149999928366494,-0.138746001855126,0.0981968670625946,-0.067108064037369,0.0637281564341747,-0.0749998490019347,0.074999828409797,-0.0544930223829362,0.0478778373020824,4.43703703703704,1,0,0.11,0,0,55.2351158449586,1.55730213746999,4.41880926759669,1,3.4335841,2,-0.7,1
-10,15,0,2.8,-3.14159265358979,3.14159265358979,0,0.15,-0.15,0.15,0.15,-0.392699081698724,0.392699081698724,-0.075,0.075,-0.075,0.075,-0.392699081698724,0.392699081698724,4.31860465116279,1,0,0.11,0,0,62.0010570824524,1.65759379743011,5,0,4.31860465116279,1,2.21847472161801,-3.10534538952767,0.808387425828389,3.15433861163819e-09,0.149710669979629,-0.149999976862143,0.149999947283805,0.14999999870711,-0.392698974334913,0.282546150333132,-0.0749997408704906,0.0749994832256946,-0.0749967738840219,0.0749967740548549,-0.3370080410513,0.330820977126027,4.31860465116279,1,0,0.11,0,0,49.2998341943976,1.20000003759624,4.40177091021407,0,4.2017316,2,-0.75,1
-10,15,0,2.8,-3.14159265358979,3.14159265358979,0,0.15,-0.15,0.15,0.15,-0.392699081698724,0.392699081698724,-0.075,0.075,-0.075,0.075,-0.392699081698724,0.392699081698724,4.21318681318681,1,0,0.11,0,0,60.1447927072927,1.65759379743011,5,0,4.21318681318681,1,2.29209445316052,-3.10213749381518,0.791670793446806,3.03432320561903e-08,0.149561895801963,-0.149999859039067,0.14999949899263,0.149999991053259,-0.392698081260028,0.295951461031383,-0.0749985167889445,0.0749970441468857,-0.0749995108381635,0.0749994909076418,-0.35044167654844,0.326433740124576,4.21318681318681,1,0,0.11,0,0,45.8521980903959,1.20000025381768,4.36687600860914,0,2.6014535,2,-0.8,1
-10,15,0,2.8,-3.14159265358979,3.14159265358979,0,0.15,-0.15,0.15,0.15,-0.392699081698724,0.392699081698724,-0.075,0.075,-0.075,0.075,-0.392699081698724,0.392699081698724,4.11875,1,0,0.11,0,0,58.4894719251337,1.65759379743011,5,0,4.11875,1,2.49999994773064,-3.11154692570396,0.127153824078638,1.46877386698148e-08,0.149974112845106,-0.0946909678516224,0.149999173722054,0.149999990482794,-0.392698928703345,0.385392391878668,-0.0453565896566759,0.0517828667027633,-0.0574194829188874,0.0646428370873423,-0.378433475207045,0.356025389645976,4.11875,1,0,0.11,0,0,41.4903012880504,1.60567262907025,3.96751006066982,0,5.7946689,0,-0.85,1
-10,15,0,2.8,-3.14159265358979,3.14159265358979,0,0.15,-0.15,0.15,0.15,-0.392699081698724,0.392699081698724,-0.075,0.075,-0.075,0.075,-0.392699081698724,0.392699081698724,4.03366336633663,1,0,0.11,0,0,57.0040504050405,1.65759379743011,5,0,4.03366336633663,1,2.09422352741667,-3.14049084401873,0.953381657537369,1.39877426616426e-08,0.149986353546203,-0.14999974792003,0.149999053471831,0.149999984744315,-0.392696784752329,0.335263105102165,-0.0666546193985732,0.0415765231924915,-0.0749991168252424,0.074999073024467,-0.392598485682081,0.392598373523625,4.03366336633663,1,0,0.11,0,0,48.2441437257275,1.29306206102574,4.16105739634399,0,5.3464294,0,-0.9,1
-10,15,0,2.8,-3.14159265358979,3.14159265358979,0,0.15,-0.15,0.15,0.15,-0.392699081698724,0.392699081698724,-0.075,0.075,-0.075,0.075,-0.392699081698724,0.392699081698724,3.95660377358491,1,0,0.11,0,0,55.6635821973459,1.65759379743011,5,0,3.95660377358491,1,1.95281142270044,-3.14159226626868,0.694807926432585,3.33084743134792e-09,0.149995144026234,-0.14999991634657,0.149999829256625,0.1499999969621,-0.392699006672553,0.392698715831492,-0.052781467583123,0.031555828996364,-0.0749674759632794,0.0749673723652671,-0.392698534856913,0.392698534880532,3.95660377358491,1,0,0.11,0,0,45.5657778479087,1.20000015563315,4.14838435823668,0,5.4976772,2,-0.95,1
-10,15,0,2.8,-3.14159265358979,3.14159265358979,0,0.15,-0.15,0.15,0.15,-0.392699081698724,0.392699081698724,-0.075,0.075,-0.075,0.075,-0.392699081698724,0.392699081698724,3.88648648648649,1,0,0.11,0,0,54.4477886977887,1.65759379743011,5,0,3.88648648648649,1,1.95303222821672,-3.1415921937488,0.555618620154789,8.10770378535596e-09,0.14970859789688,-0.149999937426482,0.149999784629566,0.149999997176531,-0.392699040016113,0.36474577392577,-0.0615847577764195,0.0543937212422194,-0.0749711310712716,0.0749717115319154,-0.392698894381312,0.392698894382767,3.88648648648649,1,0,0.11,0,0,43.0930842260207,1.2000000318272,4.12975390499365,0,5.1765376,2,-1,1
-10,15,0,2.8,-3.14159265358979,3.14159265358979,0,0.15,-0.15,0.15,0.15,-0.392699081698724,0.392699081698724,-0.075,0.075,-0.075,0.075,-0.392699081698724,0.392699081698724,3.82241379310345,1,0,0.11,0,0,53.340013434841,1.65759379743011,5,0,3.82241379310345,1,2.49999998327371,-2.94990265514974,0.0263511136590577,2.96749337449298e-09,0.14999992533405,-0.0763305147460316,0.149999990023501,0.149999997839656,-0.392699060182464,0.287157917441861,-0.0721512767875899,0.0586930841663858,-0.0749999456120174,0.0749999681049806,-0.392698927263971,0.392698927267927,3.82241379310345,1,0,0.11,0,0,38.2258169563431,1.65229642640879,4.16236673524624,0,6.8507498,0,-1.05,1
-10,15,0,2.8,-3.14159265358979,3.14159265358979,0,0.15,-0.15,0.15,0.15,-0.392699081698724,0.392699081698724,-0.075,0.075,-0.075,0.075,-0.392699081698724,0.392699081698724,3.76363636363636,1,0,0.11,0,0,52.3264462809917,1.65759379743011,5,0,3.76363636363636,1,2.43725342339536,-2.95340870412237,0,3.32801790811126e-09,0.149385784754026,-0.0781354853015855,0.149999993497161,0.149999998171489,-0.392699061746594,0.340182030825754,-0.0530508636334757,0.0641176988992576,-0.0749999821493129,0.0749999830885486,-0.392698864904866,0.392698864907611,3.76363636363636,1,0,0.11,0,0,36.2240116624805,1.57701952630871,3.98464128287286,0,5.7736608,2,-1.1,1
-10,15,0,2.8,-3.14159265358979,3.14159265358979,0,0.15,-0.15,0.15,0.15,-0.392699081698724,0.392699081698724,-0.075,0.075,-0.075,0.075,-0.392699081698724,0.392699081698724,3.70952380952381,1,0,0.11,0,0,51.3955392433653,1.65759379743011,5,0,3.70952380952381,0.900496463446044,1.97448817809483,-3.14152489728363,0,2.16701601550026e-06,0.149995641964124,-0.149906499335308,0.14887692510339,0.149995651030496,-0.392668846428296,0.392649708557925,-0.074990785229039,0.0749909141734679,-0.0747745617421318,0.0748571430615469,-0.348781380216121,0.265000473009589,3.70952380952381,1,0,0.11,0,0,42.6361653409984,1.27818165325555,3.99516660417504,0,4.0290342,-2,-1.15,1
-10,15,0,2.8,-3.14159265358979,3.14159265358979,0,0.15,-0.15,0.15,0.15,-0.392699081698724,0.392699081698724,-0.075,0.075,-0.075,0.075,-0.392699081698724,0.392699081698724,3.65954198473282,1,0,0.11,0,0,50.537560721721,1.65759379743011,5,0,3.65954198473282,1,2.06095454016945,-3.14159261394428,0,3.39199130842989e-09,0.149704725266178,-0.149999720913442,0.14999808239716,0.149999987589135,-0.392699067318425,0.39269904683929,-0.0749999849653513,0.0749999849652514,-0.0749998326031629,0.074979695287354,-0.320197023779638,0.33937851157575,3.65954198473282,1,0,0.11,0,0,40.7901379776279,1.33082588457208,4.16965854882418,0,5.8755735,2,-1.2,1
-10,15,0,2.8,-3.14159265358979,3.14159265358979,0,0.15,-0.15,0.15,0.15,-0.392699081698724,0.392699081698724,-0.075,0.075,-0.075,0.075,-0.392699081698724,0.392699081698724,4.72394366197183,1,0,0.11,0,0,69.2256722151088,1.65759379743011,5,0,4.72394366197183,1,2.49999987523045,-0.98991114964818,0,6.98988587335708e-09,0.144343016215425,-0.0989524044857261,0.149999002034529,0.149999903029621,-0.128018190158009,0.0970451160605201,-0.0380649559320998,0.0186424961082031,-0.0749938757547058,0.0749925538212099,-0.0491415043075793,0.042224972346806,4.72394366197183,1,0,0.11,0,0,54.7649615241255,1.28625672717835,4.01609717843587,1,1.7493169,2,-0.6,1.25
-10,15,0,2.8,-3.14159265358979,3.14159265358979,0,0.15,-0.15,0.15,0.15,-0.392699081698724,0.392699081698724,-0.075,0.075,-0.075,0.075,-0.392699081698724,0.392699081698724,4.57105263157895,1,0,0.11,0,0,66.4838976812661,1.65759379743011,5,0,4.57105263157895,1,2.49999985731977,-0.871039285974363,0,8.18399015743545e-09,0.148799175829253,-0.0940790653474968,0.14999842141551,0.149999564886047,-0.1178063026585,0.0838630004467022,-0.0637875899801912,0.0590744459940188,-0.0749989201132536,0.0749987727190924,-0.0414413752505819,0.0389894978581754,4.57105263157895,1,0,0.11,0,0,58.979774149679,1.43695674232642,4.19879820732238,1,3.0221044,2,-0.65,1.25
-10,15,0,2.8,-3.14159265358979,3.14159265358979,0,0.15,-0.15,0.15,0.15,-0.392699081698724,0.392699081698724,-0.075,0.075,-0.075,0.075,-0.392699081698724,0.392699081698724,4.43703703703704,1,0,0.11,0,0,64.0974025974026,1.65759379743011,5,0,4.43703703703704,1,2.49999984460151,-0.880647244713813,0,9.48824309862575e-09,0.14854447100489,-0.0885252031126136,0.149998305663275,0.149999486343893,-0.127930300960544,0.0868764061941035,-0.0676347161342372,0.0644168733260097,-0.0749987535935248,0.0749985835288736,-0.0455211181866886,0.0438910588786538,4.43703703703704,1,0,0.11,0,0,54.8213245960273,1.43246854031916,4.20296821902876,1,2.8267123,2,-0.7,1.25
-10,15,0,2.8,-3.14159265358979,3.14159265358979,0,0.15,-0.15,0.15,0.15,-0.392699081698724,0.392699081698724,-0.075,0.075,-0.075,0.075,-0.392699081698724,0.392699081698724,4.31860465116279,1,0,0.11,0,0,62.0010570824524,1.65759379743011,5,0,4.31860465116279,1,2.49999983180198,-0.926109014764887,0,1.0889815840401e-08,0.148332309069656,-0.083638393210773,0.14999815353006,0.149999401200775,-0.130934257833484,0.0963609332962627,-0.0713841340174618,0.0698620958823225,-0.0749985460228393,0.0749983476092377,-0.0559886295890536,0.0471941840646967,4.31860465116279,1,0,0.11,0,0,51.2105855148125,1.4286023265082,4.20658381014531,1,2.4754669,2,-0.75,1.25
-10,15,0,2.8,-3.14159265358979,3.14159265358979,0,0.15,-0.15,0.15,0.15,-0.392699081698724,0.392699081698724,-0.075,0.075,-0.075,0.075,-0.392699081698724,0.392699081698724,4.21318681318681,1,0,0.11,0,0,60.1447927072927,1.65759379743011,5,0,4.21318681318681,1,2.49999999147057,-0.953731882828729,0.0034150776994772,5.32171136275624e-10,0.14380131943701,-0.0906658110651585,0.149999919042777,0.149999996359878,-0.137215567604299,0.099184803986586,-0.0716255439080574,0.0645810547450991,-0.0749999736733001,0.0749999701694731,-0.0648475568997055,0.0514834109329255,4.21318681318681,1,0,0.11,0,0,48.0655529963069,1.40793996218625,4.21145797681927,1,2.1180807,2,-0.8,1.25
-10,15,0,2.8,-3.14159265358979,3.14159265358979,0,0.15,-0.15,0.15,0.15,-0.392699081698724,0.392699081698724,-0.075,0.075,-0.075,0.075,-0.392699081698724,0.392699081698724,4.11875,1,0,0.11,0,0,58.4894719251337,1.65759379743011,5,0,4.11875,1,2.49999989349326,-0.772146710356096,0.0441965051363336,4.71564883825323e-09,0.14086510151919,-0.0574117643956421,0.149999964667108,0.149999997460726,-0.158225538643322,0.0763495265865451,-0.041553549985322,0.0441401173771621,-0.0749998737233556,0.0749998891174584,-0.0809585793065286,0.0866882124526572,4.11875,1,0,0.11,0,0,41.0765496280849,1.20814991157301,3.63698616498668,1,3.0213261,2,-0.85,1.25
-10,15,0,2.8,-3.14159265358979,3.14159265358979,0,0.15,-0.15,0.15,0.15,-0.392699081698724,0.392699081698724,-0.075,0.075,-0.075,0.075,-0.392699081698724,0.392699081698724,4.03366336633663,1,0,0.11,0,0,57.0040504050405,1.65759379743011,5,0,4.03366336633663,1,2.49999995777366,-0.976104675011145,0,3.20705672692649e-09,0.135169871110955,-0.0940354314869524,0.149999500280266,0.149999500280266,-0.150970199369298,0.101533892204034,-0.0749998430358871,0.07499984303522,-0.0749995288005601,0.0749994645419396,-0.0785115601930974,0.0623925021568714,4.03366336633663,1,0,0.11,0,0,48.8729633439055,1.41404281392664,4.21529308841185,1,3.9109635,2,-0.9,1.25
-10,15,0,2.8,-3.14159265358979,3.14159265358979,0,0.15,-0.15,0.15,0.15,-0.392699081698724,0.392699081698724,-0.075,0.075,-0.075,0.075,-0.392699081698724,0.392699081698724,3.95660377358491,1,0,0.11,0,0,55.6635821973459,1.65759379743011,5,0,3.95660377358491,1,2.49999995483977,-0.993739899984179,0.00971093442639407,3.57419774422267e-09,0.137360611847316,-0.104967539094642,0.149999450753255,0.149999450753255,-0.15725355853057,0.10822962825626,-0.0749998217625306,0.0749998217616792,-0.0749994535590917,0.0749993790575678,-0.0846638281719035,0.0737404753695296,3.95660377358491,1,0,0.11,0,0,46.3258725647406,1.40987750996933,4.21758464808159,1,3.7374033,-2,-0.95,1.25
-10,15,0,2.8,-3.14159265358979,3.14159265358979,0,0.15,-0.15,0.15,0.15,-0.392699081698724,0.392699081698724,-0.075,0.075,-0.075,0.075,-0.392699081698724,0.392699081698724,3.88648648648649,1,0,0.11,0,0,54.4477886977887,1.65759379743011,5,0,3.88648648648649,1,2.49999999226304,-1.01155037795715,0.00791336056804026,7.57131415952741e-10,0.140090024103242,-0.1149243301007,0.149999991281296,0.149999991281296,-0.167661881643871,0.114573410262989,-0.0749997730514724,0.0749997730499477,-0.0749999742777688,0.0749999742777631,-0.0962215774349486,0.0791131655376992,3.88648648648649,1,0,0.11,0,0,44.0314980296298,1.40623933715262,4.21968522783952,1,3.8587494,2,-1,1.25
-10,15,0,2.8,-3.14159265358979,3.14159265358979,0,0.15,-0.15,0.15,0.15,-0.392699081698724,0.392699081698724,-0.075,0.075,-0.075,0.075,-0.392699081698724,0.392699081698724,3.82241379310345,1,0,0.11,0,0,53.340013434841,1.65759379743011,5,0,3.82241379310345,1,2.49999999604619,-2.97351399356989,0,4.09280734811685e-10,0.14992313079106,-0.086749046909335,0.149999998347198,0.149999999681182,-0.39269907441839,0.349919309421445,-0.0695724291092048,0.0463638190569814,-0.0749999911187247,0.0749999953712687,-0.392699034512646,0.392699034513313,3.82241379310345,1,0,0.11,0,0,38.0078820792874,1.47345673267757,3.99082761832518,0,5.5028707,2,-1.05,1.25
-10,15,0,2.8,-3.14159265358979,3.14159265358979,0,0.15,-0.15,0.15,0.15,-0.392699081698724,0.392699081698724,-0.075,0.075,-0.075,0.075,-0.392699081698724,0.392699081698724,3.76363636363636,1,0,0.11,0,0,52.3264462809917,1.65759379743011,5,0,3.76363636363636,1,2.36686502580074,-0.913760135356342,0.0397921941777259,7.59423275419989e-09,0.149764973103868,-0.068256772593155,0.149999985252849,0.149999996921117,-0.249640151889473,0.0999577386365182,-0.0749053005782739,0.0748142308162871,-0.0749999669744681,0.0749999817624345,-0.130431912302077,0.11776232499924,3.76363636363636,1,0,0.11,0,0,35.6277929170156,1.20000002338366,3.62875668599233,1,4.8677524,2,-1.1,1.25
-10,15,0,2.8,-3.14159265358979,3.14159265358979,0,0.15,-0.15,0.15,0.15,-0.392699081698724,0.392699081698724,-0.075,0.075,-0.075,0.075,-0.392699081698724,0.392699081698724,3.70952380952381,1,0,0.11,0,0,51.3955392433653,1.65759379743011,5,0,3.70952380952381,1,2.26040527878664,-0.828150975884953,0.0978611280901405,6.89853582654201e-10,0.149941033367476,-0.0655490704958571,0.149999999547124,0.149999999944282,-0.248369451495898,0.0799490321062622,-0.0749999984310874,0.0749999984306137,-0.0749999994036943,0.0749999996400405,-0.159816981881343,0.144882106751334,3.70952380952381,1,0,0.11,0,0,34.1247846713554,1.20000000025617,3.48831132196077,1,3.5740031,2,-1.15,1.25
-10,15,0,2.8,-3.14159265358979,3.14159265358979,0,0.15,-0.15,0.15,0.15,-0.392699081698724,0.392699081698724,-0.075,0.075,-0.075,0.075,-0.392699081698724,0.392699081698724,4.72394366197183,1,0,0.11,0,0,69.2256722151088,1.65759379743011,5,0,4.72394366197183,0.300000138634384,1.26887415446715,-0.0406854259837955,0.932587859536485,7.12202818978589e-09,0.149458928518103,-0.149998266011641,0.112084305117754,0.149999914787109,-0.0835261151337951,0.116418534924449,-0.0485595036400663,0.0214262626339193,-0.0749907284397368,0.0749909101838931,-0.0356643856812246,0.040476840196724,4.72394366197183,1,0,0.11,0,0,54.6779840619335,1.30662062719472,4.00971883120846,1,1.6295194,2,-0.6,1.5
-10,15,0,2.8,-3.14159265358979,3.14159265358979,0,0.15,-0.15,0.15,0.15,-0.392699081698724,0.392699081698724,-0.075,0.075,-0.075,0.075,-0.392699081698724,0.392699081698724,4.57105263157895,1,0,0.11,0,0,66.4838976812661,1.65759379743011,5,0,4.57105263157895,0.300000032329785,1.21291881431803,0,0.840985018574538,1.63560133777981e-09,0.149031206242119,-0.149999623257637,0.0949447532775887,0.149999906723011,-0.0802152585475363,0.115434007960755,-0.0639733653735982,0.059163352827729,-0.0749997068952114,0.074999742073577,-0.0371496505584158,0.0380021058439107,4.57105263157895,1,0,0.11,0,0,58.9009800100993,1.41449944086555,4.19318881500469,1,3.7807543,2,-0.65,1.5
-10,15,0,2.8,-3.14159265358979,3.14159265358979,0,0.15,-0.15,0.15,0.15,-0.392699081698724,0.392699081698724,-0.075,0.075,-0.075,0.075,-0.392699081698724,0.392699081698724,4.43703703703704,1,0,0.11,0,0,64.0974025974026,1.65759379743011,5,0,4.43703703703704,0.300000035212531,1.16046397363219,-0.0849144510611354,0.884589466247257,1.89562328231235e-09,0.14877324914952,-0.149999604288053,0.0878515754607256,0.149999889810672,-0.0846428151558867,0.117592335918805,-0.0677221548446931,0.0646226927365401,-0.0749996688164295,0.0749997085630147,-0.0396461606080434,0.0466179822665894,4.43703703703704,1,0,0.11,0,0,54.7482628408002,1.40985184789705,4.19736681779468,1,3.2317171,2,-0.7,1.5
-10,15,0,2.8,-3.14159265358979,3.14159265358979,0,0.15,-0.15,0.15,0.15,-0.392699081698724,0.392699081698724,-0.075,0.075,-0.075,0.075,-0.392699081698724,0.392699081698724,4.31860465116279,1,0,0.11,0,0,62.0010570824524,1.65759379743011,5,0,4.31860465116279,0.300000190568814,1.11442858388638,0,0.898162687503779,1.08753281755635e-08,0.148548276628369,-0.149997876377116,0.0830409847063604,0.149999357140156,-0.0936166457017349,0.125060468489887,-0.0714095701995343,0.0701430366950372,-0.0749980971478984,0.0749983256454165,-0.0452101881735147,0.0551775227102691,4.31860465116279,1,0,0.11,0,0,51.1424628994262,1.40584821581952,4.20098802388144,1,3.3042581,2,-0.75,1.5
-10,15,0,2.8,-3.14159265358979,3.14159265358979,0,0.15,-0.15,0.15,0.15,-0.392699081698724,0.392699081698724,-0.075,0.075,-0.075,0.075,-0.392699081698724,0.392699081698724,4.21318681318681,1,0,0.11,0,0,60.1447927072927,1.65759379743011,5,0,4.21318681318681,0.300000205416086,1.07514327254423,0,0.907625279823359,1.24684303131531e-08,0.147348587651406,-0.149997686898918,0.0812768573388842,0.149999003357113,-0.0958274839213697,0.131740242211496,-0.0749983249516135,0.0749983244658463,-0.0749977909572522,0.0749980562702383,-0.0495031967974418,0.0615387587510276,4.21318681318681,1,0,0.11,0,0,47.9825278528398,1.4020375289478,4.20418339282025,1,2.8914565,2,-0.8,1.5
-10,15,0,2.8,-3.14159265358979,3.14159265358979,0,0.15,-0.15,0.15,0.15,-0.392699081698724,0.392699081698724,-0.075,0.075,-0.075,0.075,-0.392699081698724,0.392699081698724,4.11875,1,0,0.11,0,0,58.4894719251337,1.65759379743011,5,0,4.11875,0.300000022944164,1.047317839826,-0.0902261326393449,0.839660458804233,5.23068745125949e-09,0.148422604673043,-0.149999814785007,0.0295388626403211,0.149999997577511,-0.0515803023510404,0.165235248445653,-0.0749999112921238,0.074999911147323,-0.0480847312044173,0.0421069455928006,-0.0947150870427668,0.0838146654332045,4.11875,1,0,0.11,0,0,41.435910429789,1.30015279637101,3.8155567520764,1,3.7332559,2,-0.85,1.5
-10,15,0,2.8,-3.14159265358979,3.14159265358979,0,0.15,-0.15,0.15,0.15,-0.392699081698724,0.392699081698724,-0.075,0.075,-0.075,0.075,-0.392699081698724,0.392699081698724,4.03366336633663,1,0,0.11,0,0,57.0040504050405,1.65759379743011,5,0,4.03366336633663,0.300000047908134,1.05077437234965,-0.0147532631512687,0.939871916756411,3.19696399566666e-09,0.135228312306926,-0.149999437154404,0.09408283753434,0.149999437154404,-0.0909199730209918,0.14815807010756,-0.0749998336532974,0.0749998336525642,-0.0749993961199849,0.0749994685990639,-0.0604770161750651,0.0787078061708583,4.03366336633663,1,0,0.11,0,0,48.8080163480457,1.39076784098827,4.20969141001895,1,3.9197399,-2,-0.9,1.5
-10,15,0,2.8,-3.14159265358979,3.14159265358979,0,0.15,-0.15,0.15,0.15,-0.392699081698724,0.392699081698724,-0.075,0.075,-0.075,0.075,-0.392699081698724,0.392699081698724,3.95660377358491,1,0,0.11,0,0,55.6635821973459,1.65759379743011,5,0,3.95660377358491,1,2.38818221703844,-3.05200989735681,0,1.09629538502564e-08,0.148246927294436,-0.0752765396299418,0.149999991086014,0.149999999623056,-0.392698942432503,0.39269881833364,-0.0749999314403827,0.0749999314422756,-0.0749996750591365,0.0749996751213291,-0.381409541173977,0.381481498222067,3.95660377358491,1,0,0.11,0,0,36.0940765435301,1.20000000335763,3.5718096579535,0,3.389527,2,-0.95,1.5
-10,15,0,2.8,-3.14159265358979,3.14159265358979,0,0.15,-0.15,0.15,0.15,-0.392699081698724,0.392699081698724,-0.075,0.075,-0.075,0.075,-0.392699081698724,0.392699081698724,3.88648648648649,1,0,0.11,0,0,54.4477886977887,1.65759379743011,5,0,3.88648648648649,0.300000068199719,1.01165846310905,-0.00287857740618266,0.98239997209236,4.9324868802636e-09,0.140329711430241,-0.149999161336918,0.115153996415153,0.149999161336918,-0.108643859905702,0.163430517916006,-0.0749997270942926,0.0749997270924885,-0.0749990012046061,0.0749991211237618,-0.0806451026271838,0.0893251694189022,3.88648648648649,1,0,0.11,0,0,43.9725003583859,1.38285921339409,4.03081253285204,1,2.843003,2,-1,1.5
-10,15,0,2.8,-3.14159265358979,3.14159265358979,0,0.15,-0.15,0.15,0.15,-0.392699081698724,0.392699081698724,-0.075,0.075,-0.075,0.075,-0.392699081698724,0.392699081698724,3.82241379310345,1,0,0.11,0,0,53.340013434841,1.65759379743011,5,0,3.82241379310345,0.300000042033979,1.00366040725407,0,2.97490637808503,8.08232212322221e-09,0.14993453239979,-0.149999035173922,0.12250479356537,0.149999988913257,-0.353337438846762,0.39269885520772,-0.0749999498979672,0.0749999343209817,-0.0748903957398071,0.0748869077255924,-0.39269762587839,0.39269762508857,3.82241379310345,1,0,0.11,0,0,38.1828539653249,1.42214761455748,4.00919966635911,0,6.7302521,0,-1.05,1.5
-10,15,0,2.8,-3.14159265358979,3.14159265358979,0,0.15,-0.15,0.15,0.15,-0.392699081698724,0.392699081698724,-0.075,0.075,-0.075,0.075,-0.392699081698724,0.392699081698724,3.76363636363636,1,0,0.11,0,0,52.3264462809917,1.65759379743011,5,0,3.76363636363636,0.300000006676452,1.00836231401404,-0.0776503194382607,0.840472543398801,7.24305670210657e-10,0.149711318291229,-0.149999930476898,0.053066130920987,0.149999997845858,-0.10414693192081,0.215473160005609,-0.0749999968264451,0.0749999968264428,-0.0483014426103956,0.0749998636364862,-0.107481603919239,0.116110600918308,3.76363636363636,1,0,0.11,0,0,36.0223944484243,1.2000000153497,3.81570548601828,1,5.5658623,2,-1.1,1.5
-10,15,0,2.8,-3.14159265358979,3.14159265358979,0,0.15,-0.15,0.15,0.15,-0.392699081698724,0.392699081698724,-0.075,0.075,-0.075,0.075,-0.392699081698724,0.392699081698724,3.70952380952381,1,0,0.11,0,0,51.3955392433653,1.65759379743011,5,0,3.70952380952381,0.300000006502045,1,0,0.841649518027146,2.15887891950358e-09,0.148593068522537,-0.149999919339491,0.0307762545679117,0.149999999053362,-0.0968524175236625,0.251605919837841,-0.0692231497499855,0.0460839843237611,-0.0749945226071474,0.0749945276743219,-0.151550971743415,0.177309545900535,3.70952380952381,1,0,0.11,0,0,34.3430622462227,1.21285026737366,3.80317615245207,1,7.3335003,2,-1.15,1.5
-10,15,0,2.8,-3.14159265358979,3.14159265358979,0,0.15,-0.15,0.15,0.15,-0.392699081698724,0.392699081698724,-0.075,0.075,-0.075,0.075,-0.392699081698724,0.392699081698724,3.65954198473282,1,0,0.11,0,0,50.537560721721,1.65759379743011,5,0,3.65954198473282,1,2.49999959769287,-0.882205375229535,0,5.58755097924586e-09,0.136266133841826,-0.0738504016311533,0.149999954209789,0.149999954209789,-0.197252302076097,0.101769094128299,-0.0749996445120973,0.0749996445080061,-0.0749997659533716,0.0749997659606129,-0.132432180822934,0.0979412355202749,3.65954198473282,1,0,0.11,0,0,40.8750810680574,1.33635992854226,3.81500756635202,1,5.1345606,2,-1.2,1.5
-10,15,0,2.8,-3.14159265358979,3.14159265358979,0,0.15,-0.15,0.15,0.15,-0.392699081698724,0.392699081698724,-0.075,0.075,-0.075,0.075,-0.392699081698724,0.392699081698724,4.72394366197183,1,0,0.11,0,0,69.2256722151088,1.65759379743011,5,0,4.72394366197183,0.30000059316013,1.27402201721476,0,1.05808604657488,3.64481038313847e-08,0.149475301756714,-0.149995500730351,0.113501098376654,0.149999730551059,-0.0993911115880849,0.13176181291102,-0.050612891194044,0.0240062958878707,-0.0749764522104454,0.0749769919386386,-0.0413416373171787,0.0460239903720613,4.72394366197183,1,0,0.11,0,0,55.0920414847233,1.4506125849148,4.22372318049545,1,1.4723076,2,-0.6,1.75
-10,15,0,2.8,-3.14159265358979,3.14159265358979,0,0.15,-0.15,0.15,0.15,-0.392699081698724,0.392699081698724,-0.075,0.075,-0.075,0.075,-0.392699081698724,0.392699081698724,4.57105263157895,1,0,0.11,0,0,66.4838976812661,1.65759379743011,5,0,4.57105263157895,0.300000087323749,1.21943253353035,0,0.969346511722127,8.18531643442731e-09,0.148447445917344,-0.149998954366699,0.0975753263380052,0.149999672355042,-0.0997257731234154,0.132168259415969,-0.06346900182735,0.0584994518518166,-0.0749991917010873,0.0749992887904421,-0.0429863687930098,0.043114570066619,4.57105263157895,1,0,0.11,0,0,59.3311397004746,1.5344695039455,4.22381208820045,1,3.6780404,2,-0.65,1.75
-10,15,0,2.8,-3.14159265358979,3.14159265358979,0,0.15,-0.15,0.15,0.15,-0.392699081698724,0.392699081698724,-0.075,0.075,-0.075,0.075,-0.392699081698724,0.392699081698724,4.43703703703704,1,0,0.11,0,0,64.0974025974026,1.65759379743011,5,0,4.43703703703704,0.30000001899875,1.16639856763528,0,1.02855578665284,1.89996775724265e-09,0.148240277595096,-0.149999768393783,0.0897005389718872,0.149999922824765,-0.102255667453938,0.133848028623489,-0.0672251886726557,0.0638911782860292,-0.074999807567603,0.0749998306610416,-0.0455409837911378,0.0486471427607558,4.43703703703704,1,0,0.11,0,0,55.1474058678968,1.53058155373443,4.22796778320542,1,2.6579447,2,-0.7,1.75
-10,15,0,2.8,-3.14159265358979,3.14159265358979,0,0.15,-0.15,0.15,0.15,-0.392699081698724,0.392699081698724,-0.075,0.075,-0.075,0.075,-0.392699081698724,0.392699081698724,4.31860465116279,1,0,0.11,0,0,62.0010570824524,1.65759379743011,5,0,4.31860465116279,0.300000102706621,1.11987001165018,0,1.03714603714221,1.09125765684821e-08,0.148081674158904,-0.149998708554671,0.0846277836175424,0.149999550872025,-0.0962333272885019,0.14536430168508,-0.0708806578803223,0.0693952158424513,-0.0749988512352637,0.0749989891420618,-0.0513434689490016,0.0589408968401784,4.31860465116279,1,0,0.11,0,0,51.514812248393,1.52722993412425,4.23157386326085,1,3.1434679,2,-0.75,1.75
-10,15,0,2.8,-3.14159265358979,3.14159265358979,0,0.15,-0.15,0.15,0.15,-0.392699081698724,0.392699081698724,-0.075,0.075,-0.075,0.075,-0.392699081698724,0.392699081698724,4.21318681318681,1,0,0.11,0,0,60.1447927072927,1.65759379743011,5,0,4.21318681318681,0.300000110451725,1.07873904437992,0,1.06337547951581,1.24236010914991e-08,0.147956553051916,-0.149998557208419,0.0801441545173871,0.149999482300554,-0.107641316360188,0.151376411104579,-0.0747272537425583,0.0747161689584794,-0.0749986321219732,0.0749987963548517,-0.0549291882145455,0.0665580091854549,4.21318681318681,1,0,0.11,0,0,48.3312113519122,1.5243062432848,4.23473470892945,1,2.9340721,2,-0.8,1.75
-10,15,0,2.8,-3.14159265358979,3.14159265358979,0,0.15,-0.15,0.15,0.15,-0.392699081698724,0.392699081698724,-0.075,0.075,-0.075,0.075,-0.392699081698724,0.392699081698724,4.11875,1,0,0.11,0,0,58.4894719251337,1.65759379743011,5,0,4.11875,0.300001464985462,1,-0.064931379027453,2.9950177569326,1.80283875003589e-07,0.149995217464307,-0.149985185579408,0.0963927748787961,0.14999923308555,-0.262745008425034,0.392695971077769,-0.0749993412847901,0.0749993412493903,-0.0640143632790697,0.0660520475056751,-0.351453868957736,0.275472536686543,4.11875,1,0,0.11,0,0,41.9108558237562,1.65120199346645,4.15615986918916,0,6.0045157,0,-0.85,1.75
-10,15,0,2.8,-3.14159265358979,3.14159265358979,0,0.15,-0.15,0.15,0.15,-0.392699081698724,0.392699081698724,-0.075,0.075,-0.075,0.075,-0.392699081698724,0.392699081698724,4.03366336633663,1,0,0.11,0,0,57.0040504050405,1.65759379743011,5,0,4.03366336633663,0.300000240321949,1.32493648081826,-0.304943413151774,3.0364756026196,1.11919970137358e-08,0.149999942602905,-0.149999763302819,0.149999861748639,0.149999986743722,-0.27722336698897,0.392698976775534,-0.0651381513581812,0.0367447093638725,-0.0749958989792752,0.0749999139014143,-0.231603572034154,0.211565011370655,4.03366336633663,1,0,0.11,0,0,47.9984070482529,1.65374809661754,4.49985066077371,0,5.4281057,0,-0.9,1.75
-10,15,0,2.8,-3.14159265358979,3.14159265358979,0,0.15,-0.15,0.15,0.15,-0.392699081698724,0.392699081698724,-0.075,0.075,-0.075,0.075,-0.392699081698724,0.392699081698724,3.95660377358491,1,0,0.11,0,0,55.6635821973459,1.65759379743011,5,0,3.95660377358491,0.707371850978989,1.53352373697141,-0.750782978241689,3.14156622601287,2.84771441349307e-09,0.148898814701885,-0.149999869095451,0.149999928149057,0.149999996750055,-0.370566329525285,0.392698490697628,-0.0478826200766675,0.0320437740777279,-0.0749982059261289,0.0749976077638565,-0.392695650194902,0.392695649951774,3.95660377358491,1,0,0.11,0,0,45.4698437436248,1.29308737517092,4.13965035749251,0,5.3242947,2,-0.95,1.75
-10,15,0,2.8,-3.14159265358979,3.14159265358979,0,0.15,-0.15,0.15,0.15,-0.392699081698724,0.392699081698724,-0.075,0.075,-0.075,0.075,-0.392699081698724,0.392699081698724,3.88648648648649,1,0,0.11,0,0,54.4477886977887,1.65759379743011,5,0,3.88648648648649,0.839937650715343,1.51505028426447,-0.470520847640803,3.141581677324,1.01284012486603e-07,0.149305374668507,-0.14999482724019,0.14999316361833,0.149999903147867,-0.35526187863963,0.392698093260355,-0.0597856956042555,0.0541923903929029,-0.0749978271196924,0.0749977426864057,-0.392694634610961,0.392694634083828,3.88648648648649,1,0,0.11,0,0,43.094940631272,1.20000714245636,4.1299318104969,0,3.9265108,2,-1,1.75
-10,15,0,2.8,-3.14159265358979,3.14159265358979,0,0.15,-0.15,0.15,0.15,-0.392699081698724,0.392699081698724,-0.075,0.075,-0.075,0.075,-0.392699081698724,0.392699081698724,3.82241379310345,1,0,0.11,0,0,53.340013434841,1.65759379743011,5,0,3.82241379310345,0.300000251478264,1,0,2.94390086258934,4.85201968539701e-08,0.149125751341732,-0.149995866313133,0.122935754085784,0.149999888952632,-0.292367330442961,0.39269847304651,-0.0749997517025745,0.0749997352826082,-0.0749975166572705,0.0749975536793917,-0.392694773806821,0.392694773979149,3.82241379310345,1,0,0.11,0,0,38.2870847389048,1.63101157431621,4.16903811601408,0,6.6507808,0,-1.05,1.75
-10,15,0,2.8,-3.14159265358979,3.14159265358979,0,0.15,-0.15,0.15,0.15,-0.392699081698724,0.392699081698724,-0.075,0.075,-0.075,0.075,-0.392699081698724,0.392699081698724,3.76363636363636,1,0,0.11,0,0,52.3264462809917,1.65759379743011,5,0,3.76363636363636,0.300001271529268,1,0,2.93593486026053,2.57333406438851e-07,0.149419560732337,-0.149977645064961,0.0970612923597046,0.149999455580029,-0.304704035038175,0.392696297550006,-0.0749986254148805,0.0749984089367125,-0.0741424831755461,0.0742875185356671,-0.392679185971929,0.392679187168923,3.76363636363636,1,0,0.11,0,0,36.5577334338201,1.62312471865575,4.17028959170985,0,6.5961954,0,-1.1,1.75
-10,15,0,2.8,-3.14159265358979,3.14159265358979,0,0.15,-0.15,0.15,0.15,-0.392699081698724,0.392699081698724,-0.075,0.075,-0.075,0.075,-0.392699081698724,0.392699081698724,3.70952380952381,1,0,0.11,0,0,51.3955392433653,1.65759379743011,5,0,3.70952380952381,0.638126214626638,1.37765797781532,-0.191085549356628,3.14158483738908,8.47621991121981e-08,0.149611100087749,-0.149984934259841,0.14999833540405,0.149999670919381,-0.392661727021227,0.392698223440581,-0.0749996446012213,0.0749996446290391,-0.0749945014147516,0.0749951774620541,-0.392694355151674,0.392694345779084,3.70952380952381,1,0,0.11,0,0,42.57418697239,1.3889037278608,4.1706935015545,0,6.4330848,0,-1.15,1.75
-10,15,0,2.8,-3.14159265358979,3.14159265358979,0,0.15,-0.15,0.15,0.15,-0.392699081698724,0.392699081698724,-0.075,0.075,-0.075,0.075,-0.392699081698724,0.392699081698724,3.65954198473282,1,0,0.11,0,0,50.537560721721,1.65759379743011,5,0,3.65954198473282,0.693822468868599,1.35908764277046,0,3.14159233050426,1.77081870656954e-08,0.149927275563266,-0.149990203360219,0.149999329387802,0.149999929241973,-0.392698799048701,0.392698956879602,-0.0749999220833014,0.0749999220727254,-0.0749981197244134,0.074998285832742,-0.344950070162469,0.325363655120491,3.65954198473282,1,0,0.11,0,0,40.7675881637961,1.34858794174569,4.1673534567436,0,6.3190576,0,-1.2,1.75
-10,15,0,2.8,-3.14159265358979,3.14159265358979,0,0.15,-0.15,0.15,0.15,-0.392699081698724,0.392699081698724,-0.075,0.075,-0.075,0.075,-0.392699081698724,0.392699081698724,4.72394366197183,1,0,0.11,0,0,69.2256722151088,1.65759379743011,5,0,4.72394366197183,0.30000000281161,1.21946975724716,0,2.96165223181036,3.69434546244209e-10,0.149957175540404,-0.149999972046617,0.149561134527527,0.149999999487174,-0.235597300678907,0.266514590722029,-0.0621429683281154,0.0531602421616192,-0.0749998599321633,0.0749998599409973,-0.0531320785509312,0.0461054312762522,4.72394366197183,1,0,0.11,0,0,57.4766450133722,1.40038501465233,4.40654278435853,0,2.8058666,2,-0.6,2
-10,15,0,2.8,-3.14159265358979,3.14159265358979,0,0.15,-0.15,0.15,0.15,-0.392699081698724,0.392699081698724,-0.075,0.075,-0.075,0.075,-0.392699081698724,0.392699081698724,4.57105263157895,1,0,0.11,0,0,66.4838976812661,1.65759379743011,5,0,4.57105263157895,0.300007500165525,1.78499752785509,-0.228724509602174,3.02004015932419,7.2262615253738e-07,0.149854633334348,-0.149990343428083,0.149994919641752,0.149999308601282,-0.214120514177158,0.29579871903091,-0.0659206729826968,0.0384856514343711,-0.0747940174073335,0.0747436490685467,-0.150885776164942,0.143163622057006,4.57105263157895,1,0,0.11,0,0,57.1633068523001,1.7893823671683,4.77721921551366,0,4.6033516,0,-0.65,2
-10,15,0,2.8,-3.14159265358979,3.14159265358979,0,0.15,-0.15,0.15,0.15,-0.392699081698724,0.392699081698724,-0.075,0.075,-0.075,0.075,-0.392699081698724,0.392699081698724,4.43703703703704,1,0,0.11,0,0,64.0974025974026,1.65759379743011,5,0,4.43703703703704,0.300000061935269,1.63694511916013,-0.319286527834923,3.00676082319492,7.61562747433154e-09,0.149996150222572,-0.149999908380598,0.149999953666952,0.149999993794302,-0.262916774638604,0.320343022733716,-0.0749986611772764,0.0749973279360401,-0.0749988111117115,0.0749984148363671,-0.202940667703615,0.146742775911321,4.43703703703704,1,0,0.11,0,0,52.5805516299895,1.77328781506183,4.73224964669906,0,3.8819061,2,-0.7,2
-10,15,0,2.8,-3.14159265358979,3.14159265358979,0,0.15,-0.15,0.15,0.15,-0.392699081698724,0.392699081698724,-0.075,0.075,-0.075,0.075,-0.392699081698724,0.392699081698724,4.31860465116279,1,0,0.11,0,0,62.0010570824524,1.65759379743011,5,0,4.31860465116279,0.300000059476122,1.51418261869404,-0.331412782016062,2.98981728367258,1.09243620475048e-08,0.149971089631177,-0.149999884366729,0.149999945293567,0.149999993263278,-0.260240543079323,0.343238003780402,-0.07499859967695,0.074997209418611,-0.0749989337849954,0.0749985782747158,-0.22802689373957,0.17366497143788,4.31860465116279,1,0,0.11,0,0,48.6431173624959,1.76257619135682,4.86431173624959,0,3.6456374,2,-0.75,2
-10,15,0,2.8,-3.14159265358979,3.14159265358979,0,0.15,-0.15,0.15,0.15,-0.392699081698724,0.392699081698724,-0.075,0.075,-0.075,0.075,-0.392699081698724,0.392699081698724,4.21318681318681,1,0,0.11,0,0,60.1447927072927,1.65759379743011,5,0,4.21318681318681,0.300000268410434,1.41389980055385,-0.326967165379624,2.97493425988489,9.4203207646949e-08,0.149975070590916,-0.149999202254736,0.149999661554157,0.149999964548021,-0.254388841511253,0.366707365646935,-0.0749929383607611,0.0749860259265669,-0.0749952141770879,0.0749936079139254,-0.255019923812713,0.206394326170486,4.21318681318681,1,0,0.11,0,0,45.2223203316675,1.75708537476195,4.82371416871121,0,3.5786115,2,-0.8,2
-10,15,0,2.8,-3.14159265358979,3.14159265358979,0,0.15,-0.15,0.15,0.15,-0.392699081698724,0.392699081698724,-0.075,0.075,-0.075,0.075,-0.392699081698724,0.392699081698724,4.11875,1,0,0.11,0,0,58.4894719251337,1.65759379743011,5,0,4.11875,0.300000101267919,1.39253320519238,-0.31661956381295,3.01011922953783,1.00385979493195e-08,0.149970120562483,-0.149999878660587,0.149999940469512,0.149999990465868,-0.244475187570962,0.386003650934182,-0.0749965735486779,0.0749964180541089,-0.0749976632834943,0.0749968870235109,-0.27458340447883,0.203502608177628,4.11875,1,0,0.11,0,0,50.8165482352829,1.8683787542537,4.85933242499893,0,3.6266668,2,-0.85,2
-10,15,0,2.8,-3.14159265358979,3.14159265358979,0,0.15,-0.15,0.15,0.15,-0.392699081698724,0.392699081698724,-0.075,0.075,-0.075,0.075,-0.392699081698724,0.392699081698724,4.03366336633663,1,0,0.11,0,0,57.0040504050405,1.65759379743011,5,0,4.03366336633663,0.300000015799707,1.31858604844037,-0.259971441364184,3.00186904701795,2.79808352010404e-09,0.149998402971871,-0.149999943407991,0.148648776995889,0.149999997340555,-0.250681914871067,0.392699040720578,-0.0749990816261993,0.0749990678944224,-0.0749994217137425,0.074999994823875,-0.261915737227343,0.198233354393122,4.03366336633663,1,0,0.11,0,0,47.6396437661566,1.85423041542035,4.82351393132336,0,4.7526695,2,-0.9,2
-10,15,0,2.8,-3.14159265358979,3.14159265358979,0,0.15,-0.15,0.15,0.15,-0.392699081698724,0.392699081698724,-0.075,0.075,-0.075,0.075,-0.392699081698724,0.392699081698724,3.95660377358491,1,0,0.11,0,0,55.6635821973459,1.65759379743011,5,0,3.95660377358491,1,1.65729951364693,-0.700722171861105,3.14159182424485,2.96600547046577e-09,0.148660245611862,-0.149999833522512,0.149999876811898,0.149999996800779,-0.392698351356564,0.392698931491445,-0.0457687253661643,0.0318264148014317,-0.0749965962479351,0.0749998735122922,-0.392697983637862,0.392697983027932,3.95660377358491,1,0,0.11,0,0,45.4573400961495,1.20000039230024,4.13851200458695,0,5.2920179,2,-0.95,2
-10,15,0,2.8,-3.14159265358979,3.14159265358979,0,0.15,-0.15,0.15,0.15,-0.392699081698724,0.392699081698724,-0.075,0.075,-0.075,0.075,-0.392699081698724,0.392699081698724,3.88648648648649,1,0,0.11,0,0,54.4477886977887,1.65759379743011,5,0,3.88648648648649,0.300000020880177,1.23414901779509,-0.183863547672655,2.99625385581191,3.36495702525886e-09,0.149996277264503,-0.149999944197919,0.149999878137639,0.149999996614291,-0.278761376839799,0.392699062613836,-0.0749990276587589,0.0749990053818228,-0.0749994624531912,0.0749999910782677,-0.216889441024665,0.211770592726225,3.88648648648649,1,0,0.11,0,0,42.3682625092346,1.78453935731563,4.7664295322889,0,4.7765719,2,-1,2
-10,15,0,2.8,-3.14159265358979,3.14159265358979,0,0.15,-0.15,0.15,0.15,-0.392699081698724,0.392699081698724,-0.075,0.075,-0.075,0.075,-0.392699081698724,0.392699081698724,3.82241379310345,1,0,0.11,0,0,53.340013434841,1.65759379743011,5,0,3.82241379310345,0.300000238473397,1.21672999150917,-0.170785989997653,2.99464913330455,6.78675077306003e-09,0.14633174794782,-0.149999849524632,0.149999876233305,0.149999876233307,-0.288476085845186,0.392699013355144,-0.0749999087283909,0.0749999087281542,-0.0749996980778305,0.0749999792956866,-0.255541504803639,0.228297492948026,3.82241379310345,1,0,0.11,0,0,46.4263741712761,1.80374964298795,4.87476928798399,0,6.2340906,2,-1.05,2
-10,15,0,2.8,-3.14159265358979,3.14159265358979,0,0.15,-0.15,0.15,0.15,-0.392699081698724,0.392699081698724,-0.075,0.075,-0.075,0.075,-0.392699081698724,0.392699081698724,3.76363636363636,1,0,0.11,0,0,52.3264462809917,1.65759379743011,5,0,3.76363636363636,0.709766165294844,1.45882512084567,-0.268907859544003,3.1415922358643,2.83406471951655e-09,0.149488136004594,-0.149999909616821,0.149999957067295,0.149999989012137,-0.324841106722229,0.392699049539261,-0.0749999887413785,0.0749999887413704,-0.0749998693740122,0.0749999049246979,-0.392698907383529,0.392698907383105,3.76363636363636,1,0,0.11,0,0,44.5053542919247,1.50630307002591,4.35163464187708,0,5.0746269,2,-1.1,2
-10,15,0,2.8,-3.14159265358979,3.14159265358979,0,0.15,-0.15,0.15,0.15,-0.392699081698724,0.392699081698724,-0.075,0.075,-0.075,0.075,-0.392699081698724,0.392699081698724,3.70952380952381,1,0,0.11,0,0,51.3955392433653,1.65759379743011,5,0,3.70952380952381,0.70958251720145,1.37063681139065,-0.216306365760485,3.13478173900317,0.000235913480494608,0.148651803986256,-0.13888370814359,0.141703610661424,0.149327498923222,-0.384101380241163,0.391825990255933,-0.0740509059963845,0.0738229281262626,-0.0537781974670595,0.0724937031473172,-0.374308550062836,0.389237867708323,3.70952380952381,1,0,0.11,0,0,42.4389803522749,1.52511224069071,4.33820688045477,0,2.3208826,2,-1.15,2
-10,15,0,2.8,-3.14159265358979,3.14159265358979,0,0.15,-0.15,0.15,0.15,-0.392699081698724,0.392699081698724,-0.075,0.075,-0.075,0.075,-0.392699081698724,0.392699081698724,3.65954198473282,1,0,0.11,0,0,50.537560721721,1.65759379743011,5,0,3.65954198473282,1,1.49811433403533,0,3.14159260883087,3.73495605724909e-09,0.149199460386195,-0.0999311735276327,0.1343949164433,0.149999989405995,-0.392699042535849,0.392699066264836,-0.0749999821857248,0.0749999821855144,-0.0749984307266418,0.0749998250564552,-0.340131543732318,0.323099936257136,3.65954198473282,1,0,0.11,0,0,40.7812896713231,1.20923052739482,3.98750387897382,0,5.3688718,2,-1.2,2
-10,15,0,2.8,-3.14159265358979,3.14159265358979,0,0.15,-0.15,0.15,0.15,-0.392699081698724,0.392699081698724,-0.075,0.075,-0.075,0.075,-0.392699081698724,0.392699081698724,4.72394366197183,1,0,0.11,0,0,69.2256722151088,1.65759379743011,5,0,4.72394366197183,0.30000001925144,1.21490014711452,0,2.92249322280415,2.35955157068947e-09,0.149876183650627,-0.149999844031298,0.149381915425387,0.149999994565108,-0.233588082422887,0.251407838688724,-0.0616302034703985,0.0522950710435382,-0.0749992163088594,0.0749993997242202,-0.0534536437693671,0.0387661943662576,4.72394366197183,1,0,0.11,0,0,57.3192326840414,1.65153124528644,4.96766683261692,0,2.0613457,2,-0.6,2.25
-10,15,0,2.8,-3.14159265358979,3.14159265358979,0,0.15,-0.15,0.15,0.15,-0.392699081698724,0.392699081698724,-0.075,0.075,-0.075,0.075,-0.392699081698724,0.392699081698724,4.57105263157895,1,0,0.11,0,0,66.4838976812661,1.65759379743011,5,0,4.57105263157895,0.300000091376118,1.18183449184409,0,2.91547345021338,1.28373295542619e-08,0.1499193185199,-0.149999171571339,0.149991849177059,0.149999974430923,-0.233812451909853,0.270772415474021,-0.0677510943313876,0.0674920890925918,-0.0749955086728554,0.0749970558424966,-0.0582232597778721,0.0462152103063718,4.57105263157895,1,0,0.11,0,0,62.0064975080764,1.65079844346727,4.99004670422139,0,3.3504047,2,-0.65,2.25
-10,15,0,2.8,-3.14159265358979,3.14159265358979,0,0.15,-0.15,0.15,0.15,-0.392699081698724,0.392699081698724,-0.075,0.075,-0.075,0.075,-0.392699081698724,0.392699081698724,4.43703703703704,1,0,0.11,0,0,64.0974025974026,1.65759379743011,5,0,4.43703703703704,0.300000089169906,1.1512341185888,0,2.90984009452371,1.41371622045384e-08,0.14992636860961,-0.149998828868857,0.149988931872073,0.149999975045072,-0.238420176706363,0.289960937945923,-0.0719544032385887,0.0719394476746476,-0.0749982962517526,0.0749986477964311,-0.0641704628070597,0.0554675628767685,4.43703703703704,1,0,0.11,0,0,57.8084797861756,1.65031884251718,5.01006824813522,0,3.2175544,2,-0.7,2.25
-10,15,0,2.8,-3.14159265358979,3.14159265358979,0,0.15,-0.15,0.15,0.15,-0.392699081698724,0.392699081698724,-0.075,0.075,-0.075,0.075,-0.392699081698724,0.392699081698724,4.31860465116279,1,0,0.11,0,0,62.0010570824524,1.65759379743011,5,0,4.31860465116279,0.300000017698544,1.156014939646,0,2.90467070234379,3.11588277959996e-09,0.149915901033519,-0.149999751241542,0.149998242384919,0.149999994950338,-0.24082751212787,0.308586277312035,-0.0749993410621757,0.0749993410630617,-0.0749996140459244,0.0749996620071308,-0.070604628079156,0.0637903751010364,4.31860465116279,1,0,0.11,0,0,54.1452244227771,1.65007152655545,5.22114664076779,0,2.9236574,2,-0.75,2.25
-10,15,0,2.8,-3.14159265358979,3.14159265358979,0,0.15,-0.15,0.15,0.15,-0.392699081698724,0.392699081698724,-0.075,0.075,-0.075,0.075,-0.392699081698724,0.392699081698724,4.21318681318681,1,0,0.11,0,0,60.1447927072927,1.65759379743011,5,0,4.21318681318681,0.300000017739589,1.16147852210984,0,2.90067583513541,3.43171537913752e-09,0.149919380387062,-0.149999735566534,0.149998069348427,0.149999994781059,-0.243318161575337,0.32620986329316,-0.0749992174713671,0.0749992174665391,-0.0749995637589649,0.0749996163265881,-0.0789948254950756,0.0709355019198989,4.21318681318681,1,0,0.11,0,0,50.9198131039828,1.64999996015617,5.23746649069538,0,2.8878476,2,-0.8,2.25
-10,15,0,2.8,-3.14159265358979,3.14159265358979,0,0.15,-0.15,0.15,0.15,-0.392699081698724,0.392699081698724,-0.075,0.075,-0.075,0.075,-0.392699081698724,0.392699081698724,4.11875,1,0,0.11,0,0,58.4894719251337,1.65759379743011,5,0,4.11875,0.300000007691025,1.38524938957722,-0.212677529419883,2.97107409050011,1.19176647149708e-09,0.149981944462256,-0.149999988168107,0.149999993175123,0.149999997292756,-0.251387746144968,0.355852233431825,-0.0749992221649542,0.0749992190704262,-0.0749995962367593,0.0749994617433766,-0.229091864607229,0.16166844572326,4.11875,1,0,0.11,0,0,50.5180148354479,2.05429104267078,5.54645704547522,0,4.3536331,2,-0.85,2.25
-10,15,0,2.8,-3.14159265358979,3.14159265358979,0,0.15,-0.15,0.15,0.15,-0.392699081698724,0.392699081698724,-0.075,0.075,-0.075,0.075,-0.392699081698724,0.392699081698724,4.03366336633663,1,0,0.11,0,0,57.0040504050405,1.65759379743011,5,0,4.03366336633663,0.300000006980882,1.31129082150766,-0.195673064505365,2.96266459735483,1.89142155331507e-09,0.149999136232923,-0.149999974047992,0.149999988719811,0.149999997690913,-0.245419430085979,0.376067211200226,-0.0749993450009904,0.0749993411887841,-0.0749996837144124,0.0749999971578519,-0.251113091257559,0.174601711483622,4.03366336633663,1,0,0.11,0,0,47.2279061879152,2.05687104640853,5.49024409434515,0,3.0948032,2,-0.9,2.25
-10,15,0,2.8,-3.14159265358979,3.14159265358979,0,0.15,-0.15,0.15,0.15,-0.392699081698724,0.392699081698724,-0.075,0.075,-0.075,0.075,-0.392699081698724,0.392699081698724,3.95660377358491,1,0,0.11,0,0,55.6635821973459,1.65759379743011,5,0,3.95660377358491,0.300000176905469,1.26128886926724,-0.180909286041001,2.95412643538273,6.29325573656319e-08,0.149988769057198,-0.14999920397474,0.149896130382262,0.149999939411318,-0.258816145518274,0.392685263667806,-0.0749843613257393,0.0749804401917048,-0.0749928471265491,0.074999910033864,-0.26859715175092,0.184105315956433,3.95660377358491,1,0,0.11,0,0,44.3686063287072,2.05127336360587,5.44439773491844,0,2.5927733,2,-0.95,2.25
-10,15,0,2.8,-3.14159265358979,3.14159265358979,0,0.15,-0.15,0.15,0.15,-0.392699081698724,0.392699081698724,-0.075,0.075,-0.075,0.075,-0.392699081698724,0.392699081698724,3.88648648648649,1,0,0.11,0,0,54.4477886977887,1.65759379743011,5,0,3.88648648648649,0.300000007244831,1.2188587148559,-0.118587756493302,2.94674845123557,2.68943497678657e-09,0.149937817225532,-0.149999965529915,0.148885805227053,0.149999997300038,-0.248388184656321,0.392699064880753,-0.0749997775256475,0.0749997760623847,-0.0749997070774895,0.0749999958035974,-0.230460156053016,0.165649076273425,3.88648648648649,1,0,0.11,0,0,41.8768666378545,2.03886473565797,5.5835822183806,0,2.5918936,2,-1,2.25
-10,15,0,2.8,-3.14159265358979,3.14159265358979,0,0.15,-0.15,0.15,0.15,-0.392699081698724,0.392699081698724,-0.075,0.075,-0.075,0.075,-0.392699081698724,0.392699081698724,3.82241379310345,1,0,0.11,0,0,53.340013434841,1.65759379743011,5,0,3.82241379310345,0.300000322187063,1.20110227035459,-0.126394740364218,2.9446404201147,2.98449600243751e-08,0.143527114499209,-0.149999516308737,0.14999959533574,0.14999959533576,-0.263050238065665,0.392698815927103,-0.0749995947213385,0.0749995947217869,-0.0749990048135408,0.0749999333952168,-0.200524838480284,0.18743770259438,3.82241379310345,1,0,0.11,0,0,45.9303941212734,2.02891439634251,5.35854598081523,0,4.7551124,2,-1.05,2.25
-10,15,0,2.8,-3.14159265358979,3.14159265358979,0,0.15,-0.15,0.15,0.15,-0.392699081698724,0.392699081698724,-0.075,0.075,-0.075,0.075,-0.392699081698724,0.392699081698724,3.76363636363636,1,0,0.11,0,0,52.3264462809917,1.65759379743011,5,0,3.76363636363636,0.300000014219282,1.1695376568309,-0.107708390827947,2.94122197758584,1.25960586586279e-09,0.149990171229361,-0.149999979587959,0.149999982420595,0.149999982420595,-0.27491286132498,0.392699073030842,-0.0749999791184356,0.0749999791184393,-0.0749999546633063,0.0749999970048901,-0.220839467203173,0.18688586534626,3.76363636363636,1,0,0.11,0,0,43.7740297282432,2.02462345744071,5.35015918900751,0,5.3157688,2,-1.1,2.25
-10,15,0,2.8,-3.14159265358979,3.14159265358979,0,0.15,-0.15,0.15,0.15,-0.392699081698724,0.392699081698724,-0.075,0.075,-0.075,0.075,-0.392699081698724,0.392699081698724,3.70952380952381,1,0,0.11,0,0,51.3955392433653,1.65759379743011,5,0,3.70952380952381,0.300000016214323,1.14159143825566,-0.103518477779423,2.93786281959844,1.30867285603899e-09,0.149122748739165,-0.149999978860005,0.149999980664608,0.149999980664608,-0.287910741797308,0.392699073475822,-0.0749999707100707,0.0749999707100042,-0.074999951645056,0.0749999967023731,-0.271446533704679,0.203712742835723,3.70952380952381,1,0,0.11,0,0,41.8402672037952,2.01916057649292,5.34625636492938,0,4.7191926,-2,-1.15,2.25
-10,15,0,2.8,-3.14159265358979,3.14159265358979,0,0.15,-0.15,0.15,0.15,-0.392699081698724,0.392699081698724,-0.075,0.075,-0.075,0.075,-0.392699081698724,0.392699081698724,3.65954198473282,1,0,0.11,0,0,50.537560721721,1.65759379743011,5,0,3.65954198473282,0.300000080965815,1.115327583739,-0.101478972232535,2.93438380099401,7.15406458856448e-09,0.149859724212806,-0.149999882304061,0.149999867472008,0.149999928896356,-0.29939186560259,0.392699039343468,-0.0749846432241483,0.0749843199620092,-0.0749998393203143,0.0749999822782998,-0.319374342255297,0.280701997229307,3.65954198473282,1,0,0.11,0,0,39.9948424871501,2.01652765289748,5.33264566495334,0,3.8265771,2,-1.2,2.25
-10,15,0,2.8,-3.14159265358979,3.14159265358979,0,0.15,-0.15,0.15,0.15,-0.392699081698724,0.392699081698724,-0.075,0.075,-0.075,0.075,-0.392699081698724,0.392699081698724,4.72394366197183,1,0,0.11,0,0,69.2256722151088,1.65759379743011,5,0,4.72394366197183,0.300000015572433,1.27337272932482,0,2.8273630342195,2.85819343096843e-09,0.148819160814937,-0.149999867192455,0.102584684277689,0.149999946497502,-0.223184282259393,0.238580134703136,-0.0429997352942013,0.0277973367797235,-0.0749994422762191,0.0749996968468448,-0.0494096814271837,0.0309693457482024,4.72394366197183,1,0,0.11,0,0,57.5841960478329,1.90037271783027,9.59736600797215,1,1.8408866,2,-0.6,2.5
-10,15,0,2.8,-3.14159265358979,3.14159265358979,0,0.15,-0.15,0.15,0.15,-0.392699081698724,0.392699081698724,-0.075,0.075,-0.075,0.075,-0.392699081698724,0.392699081698724,4.57105263157895,1,0,0.11,0,0,66.4838976812661,1.65759379743011,5,0,4.57105263157895,0.300000003395667,1.19904514902067,0,2.81820203418645,6.83810160857855e-10,0.144428000774346,-0.149999966264266,0.123967023468549,0.149999982311857,-0.223557822261548,0.255607187188015,-0.0513401451488235,0.0437661017291842,-0.0749999160153284,0.0749999424606816,-0.0553869562623833,0.040449259778216,4.57105263157895,1,0,0.11,0,0,62.0309270165346,1.90075118766781,9.79202490761011,1,3.5513893,2,-0.65,2.5
-10,15,0,2.8,-3.14159265358979,3.14159265358979,0,0.15,-0.15,0.15,0.15,-0.392699081698724,0.392699081698724,-0.075,0.075,-0.075,0.075,-0.392699081698724,0.392699081698724,4.43703703703704,1,0,0.11,0,0,64.0974025974026,1.65759379743011,5,0,4.43703703703704,0.300000091552065,1.20364919922424,0,2.85088604010312,1.95106615409701e-08,0.148622884980268,-0.1499989790724,0.123506086109378,0.149999772790826,-0.233752125254165,0.273724427629523,-0.0626260516727771,0.0616443330466871,-0.074996976141057,0.0749979960301835,-0.0635023547143886,0.0470641393586095,4.43703703703704,1,0,0.11,0,0,57.6900103302959,1.90104150032272,9.80730175615029,1,3.8751899,2,-0.7,2.5
-10,15,0,2.8,-3.14159265358979,3.14159265358979,0,0.15,-0.15,0.15,0.15,-0.392699081698724,0.392699081698724,-0.075,0.075,-0.075,0.075,-0.392699081698724,0.392699081698724,4.31860465116279,1,0,0.11,0,0,62.0010570824524,1.65759379743011,5,0,4.31860465116279,0.300000096856135,1.27625546340102,0,2.86247760494888,2.12954019202922e-08,0.149643946990714,-0.149998477150052,0.149896492877179,0.149999876839817,-0.236830380685061,0.291503079623555,-0.0690819865441585,0.0689210923150532,-0.074997628562878,0.0749986066797601,-0.0699805331309702,0.0551142821587997,4.31860465116279,1,0,0.11,0,0,53.9970303949845,1.90076597633213,9.83517339337218,1,3.8207927,2,-0.75,2.5
-10,15,0,2.8,-3.14159265358979,3.14159265358979,0,0.15,-0.15,0.15,0.15,-0.392699081698724,0.392699081698724,-0.075,0.075,-0.075,0.075,-0.392699081698724,0.392699081698724,4.21318681318681,1,0,0.11,0,0,60.1447927072927,1.65759379743011,5,0,4.21318681318681,0.30000002051756,1.21294352064115,0,2.86062846936668,4.60757994467133e-09,0.149821357895928,-0.149999669291871,0.149991318717325,0.149999981689073,-0.239696750230113,0.308879040374608,-0.0749491147541874,0.0749490893416985,-0.0749994527877715,0.0749996701690903,-0.0771183487452731,0.0622840560271965,4.21318681318681,1,0,0.11,0,0,50.7687541036276,1.90045174348964,9.86364365441909,1,3.3316296,2,-0.8,2.5
-10,15,0,2.8,-3.14159265358979,3.14159265358979,0,0.15,-0.15,0.15,0.15,-0.392699081698724,0.392699081698724,-0.075,0.075,-0.075,0.075,-0.392699081698724,0.392699081698724,4.11875,1,0,0.11,0,0,58.4894719251337,1.65759379743011,5,0,4.11875,0.300000021614415,1.22810540230056,0,2.85682132528808,4.97755803520804e-09,0.149803922102436,-0.149999645605452,0.149996249740341,0.149999984247088,-0.241070264561199,0.325909542731916,-0.074998249741849,0.0749982497712735,-0.0749993786222442,0.0749995793216335,-0.0851249667532673,0.069551575672858,4.11875,1,0,0.11,0,0,54.7545079937283,1.90022034104468,9.89003300636718,1,4.1692851,2,-0.85,2.5
-10,15,0,2.8,-3.14159265358979,3.14159265358979,0,0.15,-0.15,0.15,0.15,-0.392699081698724,0.392699081698724,-0.075,0.075,-0.075,0.075,-0.392699081698724,0.392699081698724,4.03366336633663,1,0,0.11,0,0,57.0040504050405,1.65759379743011,5,0,4.03366336633663,0.300000022715662,1.21993692879288,0,2.85382085367563,5.38122426125535e-09,0.149811831894127,-0.149999620136988,0.149997016839421,0.149999985400938,-0.245146631750347,0.341955370977287,-0.0749985630311681,0.0749985630486265,-0.0749992964771752,0.0749994865813052,-0.0950071596770439,0.0737429169857839,4.03366336633663,1,0,0.11,0,0,51.8356890179641,1.90008330951579,9.91357552468564,1,3.6426854,2,-0.9,2.5
-10,15,0,2.8,-3.14159265358979,3.14159265358979,0,0.15,-0.15,0.15,0.15,-0.392699081698724,0.392699081698724,-0.075,0.075,-0.075,0.075,-0.392699081698724,0.392699081698724,3.95660377358491,1,0,0.11,0,0,55.6635821973459,1.65759379743011,5,0,3.95660377358491,0.300000004764734,1.20354283764786,0,2.85134041838429,1.16307667111081e-09,0.14983243932821,-0.149999918632261,0.149999419988449,0.149999997180471,-0.248697346949163,0.356388876004903,-0.0749997034130598,0.0749997034136593,-0.0749998412736107,0.0749998802877582,-0.109204348882981,0.0754988991878145,3.95660377358491,1,0,0.11,0,0,49.2123981053865,1.90001577322905,9.9347528675249,1,3.7367327,2,-0.95,2.5
-10,15,0,2.8,-3.14159265358979,3.14159265358979,0,0.15,-0.15,0.15,0.15,-0.392699081698724,0.392699081698724,-0.075,0.075,-0.075,0.075,-0.392699081698724,0.392699081698724,3.88648648648649,1,0,0.11,0,0,54.4477886977887,1.65759379743011,5,0,3.88648648648649,0.300000024938978,1.18283653285536,0,2.84921992944805,6.27807699621614e-09,0.149858229931389,-0.14999956483903,0.149996839082802,0.149999986038099,-0.255991449072234,0.368438916265972,-0.0749983511342155,0.0749983511472828,-0.0749991081777897,0.0749993294357858,-0.130110105876289,0.0759158926355777,3.88648648648649,1,0,0.11,0,0,46.8420369494483,1.90000049482858,9.95393285175777,1,4.0242917,2,-1,2.5
-10,15,0,2.8,-3.14159265358979,3.14159265358979,0,0.15,-0.15,0.15,0.15,-0.392699081698724,0.392699081698724,-0.075,0.075,-0.075,0.075,-0.392699081698724,0.392699081698724,3.82241379310345,1,0,0.11,0,0,53.340013434841,1.65759379743011,5,0,3.82241379310345,0.300000651551359,1.18599461808423,0,2.84733162438588,1.69201657959763e-07,0.149884929584599,-0.14998837961445,0.149904703484199,0.149999647627622,-0.263951282412079,0.37759231873968,-0.0749529257060423,0.0749529155400727,-0.0749750612957907,0.0749818462471201,-0.165756468753598,0.106164034903675,3.82241379310345,1,0,0.11,0,0,50.2759824910955,1.90002457983926,9.97140319406728,1,4.8801771,2,-1.05,2.5
-10,15,0,2.8,-3.14159265358979,3.14159265358979,0,0.15,-0.15,0.15,0.15,-0.392699081698724,0.392699081698724,-0.075,0.075,-0.075,0.075,-0.392699081698724,0.392699081698724,3.76363636363636,1,0,0.11,0,0,52.3264462809917,1.65759379743011,5,0,3.76363636363636,0.300000026381432,1.16927789857173,0,2.84572512617638,7.2843030897106e-09,0.149910359787001,-0.149999504529322,0.149995074136077,0.149999985696549,-0.279223444215012,0.384038361358024,-0.0749978398806976,0.0749978398318829,-0.0749988868293578,0.0749992251390221,-0.226743442760804,0.146163855657091,3.76363636363636,1,0,0.11,0,0,48.0676750742068,1.90008067126748,9.98739470986296,1,6.0335519,2,-1.1,2.5
-10,15,0,2.8,-3.14159265358979,3.14159265358979,0,0.15,-0.15,0.15,0.15,-0.392699081698724,0.392699081698724,-0.075,0.075,-0.075,0.075,-0.392699081698724,0.392699081698724,3.70952380952381,1,0,0.11,0,0,51.3955392433653,1.65759379743011,5,0,3.70952380952381,0.300000005307049,1.15367131446191,0,2.84424983265813,1.56526599597153e-09,0.149933149985273,-0.14999989453091,0.149998526575257,0.149999997066723,-0.296961931602044,0.388919478493566,-0.0749995076366558,0.0749995076323608,-0.0749997526250084,0.0749998374941864,-0.289620782423595,0.224791802622176,3.70952380952381,1,0,0.11,0,0,46.0454517110247,1.90016001459676,10.0020953438948,1,5.6722918,2,-1.15,2.5
-10,15,0,2.8,-3.14159265358979,3.14159265358979,0,0.15,-0.15,0.15,0.15,-0.392699081698724,0.392699081698724,-0.075,0.075,-0.075,0.075,-0.392699081698724,0.392699081698724,3.65954198473282,1,0,0.11,0,0,50.537560721721,1.65759379743011,5,0,3.65954198473282,0.300000023262811,1.12618516267767,0,2.84224913129259,8.07124088309524e-09,0.149927475827612,-0.14999944960286,0.146432618553862,0.149999980449125,-0.309022667213536,0.392699069042875,-0.0749969158568642,0.0749969155950979,-0.0749986554697212,0.0749992033426138,-0.321764365998598,0.271654062577132,3.65954198473282,1,0,0.11,0,0,44.206579881089,1.90037108685443,10.0201581063802,1,5.7243846,2,-1.2,2.5
