-10,15,0,2,-3.14159265358979,3.14159265358979,0,0.17,-0.17,0.17,0.17,-0.392699081698724,0.392699081698724,-0.085,0.085,-0.085,0.085,-0.392699081698724,0.392699081698724,4.72394366197183,1,0,0.11,0,0,69.2256722151088,0.630186784388739,5,0,4.72394366197183,0.741355839774162,1.69999999983981,-3.09046120885877,0,1.44194212885897e-10,0.169511625046949,-0.16997782542909,0.169999997119653,0.169999999807573,-0.293901621950485,0.308629981202838,-0.0799239795874163,0.0752656336137357,-0.0849999960601167,0.0849999960192694,-0.14483412169745,0.164110112589352,4.72394366197183,1,0,0.11,0,0,52.0471142786627,1.20000000018956,15.0936631408122,1,6.2352523,0,-0.6,0.25
-10,15,0,2,-3.14159265358979,3.14159265358979,0,0.17,-0.17,0.17,0.17,-0.392699081698724,0.392699081698724,-0.085,0.085,-0.085,0.085,-0.392699081698724,0.392699081698724,4.57105263157895,1,0,0.11,0,0,66.4838976812661,0.630186784388739,5,0,4.57105263157895,0.300064071261088,1.69999999704631,-2.93570538066537,0.210829460207199,1.39730255216433e-09,0.168289356794885,-0.169999997080446,0.169999965386258,0.170000528358016,-0.379073015900594,0.391907845120459,-0.0849849836370548,0.0781793223804041,-0.084999972268324,0.0849999073414352,-0.381376377123808,0.392694346887691,4.57105263157895,1,0,0.11,0,0,56.7023753860374,1.20000000520696,12.9875440765162,1,7.844263,0,-0.65,0.25
-10,15,0,2,-3.14159265358979,3.14159265358979,0,0.17,-0.17,0.17,0.17,-0.392699081698724,0.392699081698724,-0.085,0.085,-0.085,0.085,-0.392699081698724,0.392699081698724,4.43703703703704,1,0,0.11,0,0,64.0974025974026,0.630186784388739,5,0,4.43703703703704,0.683735498265241,1.69999996776182,-3.06836513429148,0,1.55349072623373e-08,0.166291423788589,-0.169999737731755,0.169999373588961,0.169999966857775,-0.392671484108565,0.39267363833098,-0.0849995957948335,0.084999595597011,-0.0849994783416203,0.084999434270263,-0.392518633712084,0.340193039226123,4.43703703703704,1,0,0.11,0,0,52.9766095822566,1.20000004802177,15.3632167788544,1,7.4618245,0,-0.7,0.25
-10,15,0,2,-3.14159265358979,3.14159265358979,0,0.17,-0.17,0.17,0.17,-0.392699081698724,0.392699081698724,-0.085,0.085,-0.085,0.085,-0.392699081698724,0.392699081698724,4.31860465116279,1,0,0.11,0,0,62.0010570824524,0.630186784388739,5,0,4.31860465116279,0.303061708377314,1.69999995661905,-3.1393618084059,0,1.75921743311425e-08,0.167135916450926,-0.169999695136024,0.169999126178026,0.169999915378943,-0.382591538015515,0.306913844341913,-0.0849997073035652,0.084999707197442,-0.0849998309845181,0.0849993716074113,-0.222675208143641,0.364787758307424,4.31860465116279,1,0,0.11,0,0,49.7616168197066,1.20000007313362,15.1062051059824,1,7.2300086,0,-0.75,0.25
-10,15,0,2,-3.14159265358979,3.14159265358979,0,0.17,-0.17,0.17,0.17,-0.392699081698724,0.392699081698724,-0.085,0.085,-0.085,0.085,-0.392699081698724,0.392699081698724,4.21318681318681,1,0,0.11,0,0,60.1447927072927,0.630186784388739,5,0,4.21318681318681,0.621635354352976,1.69999983494878,-3.02951121331293,1.07073778546668,2.3410258120834e-08,0.169992162242224,-0.162157516128566,0.169998026333335,0.169999897964863,-0.392698183314151,0.392679682043937,-0.0849999205783684,0.0849985401071523,-0.0849986967972052,0.0849998933699257,-0.28586159101788,0.392030191798435,4.21318681318681,1,0,0.11,0,0,46.8947914629522,1.20000020802353,13.219865021937,1,6.6755025,0,-0.8,0.25
-10,15,0,2,-3.14159265358979,3.14159265358979,0,0.17,-0.17,0.17,0.17,-0.392699081698724,0.392699081698724,-0.085,0.085,-0.085,0.085,-0.392699081698724,0.392699081698724,4.11875,1,0,0.11,0,0,58.4894719251337,0.630186784388739,5,0,4.11875,0.79527006266191,1.69999627550505,-2.93804482730893,0,6.17567189506119e-07,0.16999998436282,-0.162305528087801,0.16996798999839,0.169999990187577,-0.392697802447504,0.39164529491478,-0.084993925163112,0.08499064144781,-0.084995605310328,0.0849872773020632,-0.332898779916232,0.392579092704513,4.11875,1,0,0.11,0,0,38.5665332029226,1.29770045581088,8.33197811071475,0,6.9832512,0,-0.85,0.25
-10,15,0,2,-3.14159265358979,3.14159265358979,0,0.17,-0.17,0.17,0.17,-0.392699081698724,0.392699081698724,-0.085,0.085,-0.085,0.085,-0.392699081698724,0.392699081698724,4.03366336633663,1,0,0.11,0,0,57.0040504050405,0.630186784388739,5,0,4.03366336633663,0.754583387381788,1.69999995446242,-2.94292870345466,0.550640424404783,2.23502250790816e-08,0.169727582442225,-0.169999611641415,0.164738132944403,0.169999977923665,-0.392698956617897,0.392556961860528,-0.0849999938141809,0.0849999772433614,-0.0849997643523566,0.084999940485621,-0.389722615320667,0.391081677741686,4.03366336633663,1,0,0.11,0,0,48.0882233548934,1.20000008131207,13.3444819809829,1,9.6567727,0,-0.9,0.25
-10,15,0,2,-3.14159265358979,3.14159265358979,0,0.17,-0.17,0.17,0.17,-0.392699081698724,0.392699081698724,-0.085,0.085,-0.085,0.085,-0.392699081698724,0.392699081698724,3.95660377358491,1,0,0.11,0,0,55.6635821973459,0.630186784388739,5,0,3.95660377358491,0.808628311997706,1.69999966616935,-3.14156373399224,0,1.01372880083236e-07,0.167314702957589,-0.169998661840334,0.16043885157465,0.169999799553541,-0.392698831149678,0.392658666331297,-0.0849987782856632,0.0849987780484344,-0.0849976655022469,0.0849972155161859,-0.392677846073654,0.39267784461351,3.95660377358491,1,0,0.11,0,0,45.6961795945111,1.20000539541533,15.3748604260699,1,8.1823198,0,-0.95,0.25
-10,15,0,2,-3.14159265358979,3.14159265358979,0,0.17,-0.17,0.17,0.17,-0.392699081698724,0.392699081698724,-0.085,0.085,-0.085,0.085,-0.392699081698724,0.392699081698724,3.88648648648649,1,0,0.11,0,0,54.4477886977887,0.630186784388739,5,0,3.88648648648649,0.827948450971224,1.69999972337278,-2.92437570333782,0.0351545647587229,1.38024389629388e-07,0.169749553441062,-0.169997901241552,0.160765553543042,0.169999641118348,-0.392698870593658,0.392611648089419,-0.0849988847194756,0.0849996500914819,-0.0849967922683923,0.0849974895074784,-0.392656284967935,0.392656464213248,3.88648648648649,1,0,0.11,0,0,43.5588844537138,1.20000058566406,13.6121513917856,1,9.2035363,0,-1,0.25
-10,15,0,2,-3.14159265358979,3.14159265358979,0,0.17,-0.17,0.17,0.17,-0.392699081698724,0.392699081698724,-0.085,0.085,-0.085,0.085,-0.392699081698724,0.392699081698724,3.82241379310345,1,0,0.11,0,0,53.340013434841,0.630186784388739,5,0,3.82241379310345,0.841012143472713,1.69999999521038,-1.79636280711906,0,2.27913682845729e-09,0.167714824850294,-0.0677206483084285,0.169999941579475,0.169999941579475,-0.392699074482126,0.392699022219311,-0.0756059737449109,0.0439961362327715,-0.0849999189787917,0.0849991057042847,-0.391941536928927,0.391895056998553,3.82241379310345,1,0,0.11,0,0,37.2865287538965,1.20000000590155,8.12017737307079,1,7.3527211,2,-1.05,0.25
-10,15,0,2,-3.14159265358979,3.14159265358979,0,0.17,-0.17,0.17,0.17,-0.392699081698724,0.392699081698724,-0.085,0.085,-0.085,0.085,-0.392699081698724,0.392699081698724,3.76363636363636,1,0,0.11,0,0,52.3264462809917,0.630186784388739,5,0,3.76363636363636,0.847781326597318,1.69999999867517,-1.73345905823224,0,6.24945351397052e-10,0.169072220449659,-0.0665450624229522,0.169999984375675,0.169999984375675,-0.392699079046245,0.380717408302927,-0.0796338117524755,0.0720244193556006,-0.084999953455246,0.0849999187939255,-0.392699065381893,0.392699065381371,3.76363636363636,1,0,0.11,0,0,35.4508018983647,1.20000000155128,7.9436056105595,1,6.3119737,2,-1.1,0.25
-10,15,0,2,-3.14159265358979,3.14159265358979,0,0.17,-0.17,0.17,0.17,-0.392699081698724,0.392699081698724,-0.085,0.085,-0.085,0.085,-0.392699081698724,0.392699081698724,3.70952380952381,1,0,0.11,0,0,51.3955392433653,0.630186784388739,5,0,3.70952380952381,0.395776252021616,1.69999870603673,-3.12748150640838,0.0508939132996505,2.94125118937178e-07,0.169477026413157,-0.169990448161218,0.169996539758034,0.169999236584017,-0.392697290153124,0.377861839831615,-0.0813023145192154,0.0795614797169354,-0.0849978685531565,0.0819492531769054,-0.388151106866909,0.391671276284903,3.70952380952381,1,0,0.11,0,0,42.0544621801059,1.30544748206658,8.0604385845203,0,9.3894457,0,-1.15,0.25
-10,15,0,2,-3.14159265358979,3.14159265358979,0,0.17,-0.17,0.17,0.17,-0.392699081698724,0.392699081698724,-0.085,0.085,-0.085,0.085,-0.392699081698724,0.392699081698724,3.65954198473282,1,0,0.11,0,0,50.537560721721,0.630186784388739,5,0,3.65954198473282,0.721310490836767,1.69997531030877,-2.97567184187313,0,5.29355684139501e-07,0.169999985082001,-0.16997632614933,0.169986244969318,0.169999995317712,-0.392695788781433,0.392689930834757,-0.0849414698975281,0.0849669755043254,-0.0849958821886291,0.0849579915859878,-0.343354281359351,0.39265924859423,3.65954198473282,1,0,0.11,0,0,40.5077521498398,1.28896552271482,8.28158488396725,0,7.9054326,0,-1.2,0.25
-10,15,0,2,-3.14159265358979,3.14159265358979,0,0.17,-0.17,0.17,0.17,-0.392699081698724,0.392699081698724,-0.085,0.085,-0.085,0.085,-0.392699081698724,0.392699081698724,4.72394366197183,1,0,0.11,0,0,69.2256722151088,0.630186784388739,5,0,4.72394366197183,0.668008489930095,1.69999999791676,-1.23731555490112,0,5.26958408659128e-10,0.16697887360608,-0.110008738180194,0.169632598540112,0.16999999839057,-0.145780908855237,0.0943291516838737,-0.0793622944363123,0.0791548214572792,-0.0849999845237413,0.084999984523747,-0.042080166962274,0.0821214792794947,4.72394366197183,1,0,0.11,0,0,50.504921964428,1.20000000229694,7.23903881490135,1,5.8550462,2,-0.6,0.5
-10,15,0,2,-3.14159265358979,3.14159265358979,0,0.17,-0.17,0.17,0.17,-0.392699081698724,0.392699081698724,-0.085,0.085,-0.085,0.085,-0.392699081698724,0.392699081698724,4.57105263157895,1,0,0.11,0,0,66.4838976812661,0.630186784388739,5,0,4.57105263157895,0.684751500895623,1.69999998905473,-1.08170555668075,0.0958301664270569,2.97270869276599e-09,0.16653212770388,-0.103872702475724,0.163297946781376,0.16999999133845,-0.132126502603789,0.116655482382888,-0.0849857305193854,0.0849857301610315,-0.084999912131542,0.0849999121314961,-0.0679915582196516,0.0476224458161567,4.57105263157895,1,0,0.11,0,0,54.8384677371483,1.20000001215996,7.12900080582928,1,3.4315969,2,-0.65,0.5
-10,15,0,2,-3.14159265358979,3.14159265358979,0,0.17,-0.17,0.17,0.17,-0.392699081698724,0.392699081698724,-0.085,0.085,-0.085,0.085,-0.392699081698724,0.392699081698724,4.43703703703704,1,0,0.11,0,0,64.0974025974026,0.630186784388739,5,0,4.43703703703704,0.712875441431935,1.69999999767511,-1.08262575903788,0.0205675227808945,6.25145396743272e-10,0.165570767622016,-0.115694141253257,0.169999792138924,0.169999998035096,-0.142780429757487,0.115666770966581,-0.0849999909106124,0.0849999909110782,-0.0849999795567529,0.0849999795455614,-0.0746393875934223,0.059838057439987,4.43703703703704,1,0,0.11,0,0,51.2476185789749,1.20000000259792,7.17466660105649,1,2.2899472,2,-0.7,0.5
-10,15,0,2,-3.14159265358979,3.14159265358979,0,0.17,-0.17,0.17,0.17,-0.392699081698724,0.392699081698724,-0.085,0.085,-0.085,0.085,-0.392699081698724,0.392699081698724,4.31860465116279,1,0,0.11,0,0,62.0010570824524,0.630186784388739,5,0,4.31860465116279,0.769470588066626,1.69999998759601,-1.12324764105772,0.0180573234381428,3.56442344273402e-09,0.166391056622045,-0.119310486599522,0.169999738979109,0.169999988931435,-0.158053898721684,0.109578533821788,-0.0849999490568771,0.0849999490562063,-0.0849998999724768,0.0849998999952736,-0.0838874543531273,0.0676770181005383,4.31860465116279,1,0,0.11,0,0,48.0654500677528,1.20000001411181,7.20981751016293,1,2.4551794,2,-0.75,0.5
-10,15,0,2,-3.14159265358979,3.14159265358979,0,0.17,-0.17,0.17,0.17,-0.392699081698724,0.392699081698724,-0.085,0.085,-0.085,0.085,-0.392699081698724,0.392699081698724,4.21318681318681,1,0,0.11,0,0,60.1447927072927,0.630186784388739,5,0,4.21318681318681,0.821264636239202,1.69999999669784,-1.12189025045186,0.0195380929895357,1.01713823383788e-09,0.167223875480995,-0.131631830240087,0.169999958763879,0.16999999685959,-0.168290689293171,0.111176924036126,-0.0849999852313581,0.0849999852385867,-0.084999974287974,0.0849999742111273,-0.0993961099756912,0.0730133541284566,4.21318681318681,1,0,0.11,0,0,45.2615079930953,1.2000000038213,7.24184127889525,1,2.0256748,2,-0.8,0.5
-10,15,0,2,-3.14159265358979,3.14159265358979,0,0.17,-0.17,0.17,0.17,-0.392699081698724,0.392699081698724,-0.085,0.085,-0.085,0.085,-0.392699081698724,0.392699081698724,4.11875,1,0,0.11,0,0,58.4894719251337,0.630186784388739,5,0,4.11875,0.746069978615168,1.69999999109763,-0.762285867381685,0,1.73108196991017e-09,0.169580332774345,-0.0857842054837973,0.169999958202563,0.16999998632832,-0.158378624343852,0.0896741290187376,-0.084999989793113,0.08499999018124,-0.0849999484423581,0.0849994119666159,-0.0710477603674271,0.0647106444920496,4.11875,1,0,0.11,0,0,41.2036312548468,1.20000001426065,6.56682873124121,1,4.3851049,2,-0.85,0.5
-10,15,0,2,-3.14159265358979,3.14159265358979,0,0.17,-0.17,0.17,0.17,-0.392699081698724,0.392699081698724,-0.085,0.085,-0.085,0.085,-0.392699081698724,0.392699081698724,4.03366336633663,1,0,0.11,0,0,57.0040504050405,0.630186784388739,5,0,4.03366336633663,0.910040431421362,1.69999999625891,-1.19164686658617,0.0115365312967673,1.28959052010474e-09,0.169056782325843,-0.151264765575304,0.169999971965025,0.169999996036336,-0.202237707493468,0.149373661765498,-0.084999980029842,0.084999980029842,-0.0849999713973477,0.0849999713972442,-0.110689075437491,0.111906777012206,4.03366336633663,1,0,0.11,0,0,46.3432615979284,1.20000000447534,7.29906370167373,1,5.0274812,2,-0.9,0.5
-10,15,0,2,-3.14159265358979,3.14159265358979,0,0.17,-0.17,0.17,0.17,-0.392699081698724,0.392699081698724,-0.085,0.085,-0.085,0.085,-0.392699081698724,0.392699081698724,3.95660377358491,1,0,0.11,0,0,55.6635821973459,0.630186784388739,5,0,3.95660377358491,0.948735611087316,1.69999999886881,-1.20064207997619,0.0129067985992062,3.94394486035455e-10,0.169730892246771,-0.15604599491508,0.169999992916808,0.169999998738248,-0.213778553519078,0.115995702506734,-0.0849999947446649,0.0849999947442865,-0.0849999940503389,0.0849999885113498,-0.137162839014421,0.105697229719315,3.95660377358491,1,0,0.11,0,0,44.0600606889883,1.20000000134214,7.32498508954431,1,7.5196,2,-0.95,0.5
-10,15,0,2,-3.14159265358979,3.14159265358979,0,0.17,-0.17,0.17,0.17,-0.392699081698724,0.392699081698724,-0.085,0.085,-0.085,0.085,-0.392699081698724,0.392699081698724,3.88648648648649,1,0,0.11,0,0,54.4477886977887,0.630186784388739,5,0,3.88648648648649,0.962262802335824,1.69999999638798,-1.22122067706915,0.0136280232066857,1.3105906338373e-09,0.169861899030998,-0.141218104521708,0.169999977539896,0.16999999592623,-0.229961870808112,0.134032003868692,-0.084999981739068,0.0849999817390666,-0.0849999806776606,0.0849999227113843,-0.146719118521642,0.123360323859332,3.88648648648649,1,0,0.11,0,0,41.9993706099754,1.20000000431944,7.3498898567457,1,7.9018236,2,-1,0.5
-10,15,0,2,-3.14159265358979,3.14159265358979,0,0.17,-0.17,0.17,0.17,-0.392699081698724,0.392699081698724,-0.085,0.085,-0.085,0.085,-0.392699081698724,0.392699081698724,3.82241379310345,1,0,0.11,0,0,53.340013434841,0.630186784388739,5,0,3.82241379310345,0.879901678801628,1.69999998920159,-0.83347107781255,0,2.25464585906247e-09,0.168738099774345,-0.0936021695999573,0.169999943559934,0.169999978269321,-0.2149493897906,0.110430611166214,-0.0849999872734304,0.0849999884387943,-0.0849999130807055,0.0849992106433358,-0.105481804147443,0.111886558978551,3.82241379310345,1,0,0.11,0,0,37.4583368754627,1.20000001366796,6.70088026327723,1,10.864909,0,-1.05,0.5
-10,15,0,2,-3.14159265358979,3.14159265358979,0,0.17,-0.17,0.17,0.17,-0.392699081698724,0.392699081698724,-0.085,0.085,-0.085,0.085,-0.392699081698724,0.392699081698724,3.76363636363636,1,0,0.11,0,0,52.3264462809917,0.630186784388739,5,0,3.76363636363636,0.905654001111645,1.69999998452693,-0.825196931731223,0,3.41093444628952e-09,0.168891481822485,-0.107888389812712,0.169999916564006,0.169999966757442,-0.224818932974013,0.0807751586016088,-0.0849999796634137,0.084999981516751,-0.0849998648229085,0.0849988225122309,-0.122145545693364,0.113220391859972,3.76363636363636,1,0,0.11,0,0,35.6787183969164,1.20000001991563,6.68645611438507,1,10.3130845,0,-1.1,0.5
-10,15,0,2,-3.14159265358979,3.14159265358979,0,0.17,-0.17,0.17,0.17,-0.392699081698724,0.392699081698724,-0.085,0.085,-0.085,0.085,-0.392699081698724,0.392699081698724,3.70952380952381,1,0,0.11,0,0,51.3955392433653,0.630186784388739,5,0,3.70952380952381,0.928064482115503,1.69999998374127,-0.898508878399909,0,3.78176901622198e-09,0.1690183518858,-0.0884623535644805,0.16999990961875,0.169999972910433,-0.246058446876637,0.07949112167172,-0.0849999758888579,0.0849999772617947,-0.0849998450181286,0.084998709503157,-0.118569855100789,0.127816185722381,3.70952380952381,1,0,0.11,0,0,34.1104400287602,1.20000002065391,6.82840475390552,1,10.878917,0,-1.15,0.5
-10,15,0,2,-3.14159265358979,3.14159265358979,0,0.17,-0.17,0.17,0.17,-0.392699081698724,0.392699081698724,-0.085,0.085,-0.085,0.085,-0.392699081698724,0.392699081698724,3.65954198473282,1,0,0.11,0,0,50.537560721721,0.630186784388739,5,0,3.65954198473282,0.983198982494074,1.69999999859889,-1.19742368589317,0.0220559154772624,5.81687221389229e-10,0.169977635684496,-0.0806733942894913,0.16999999047785,0.169999998264051,-0.281031102965305,0.226352330927767,-0.0849999901196707,0.0849999901195587,-0.084999988142245,0.0849999525675573,-0.227604287184756,0.197341696737699,3.65954198473282,1,0,0.11,0,0,39.8128197136325,1.20000000170861,7.25478048115081,1,4.8766059,2,-1.2,0.5
-10,15,0,2,-3.14159265358979,3.14159265358979,0,0.17,-0.17,0.17,0.17,-0.392699081698724,0.392699081698724,-0.085,0.085,-0.085,0.085,-0.392699081698724,0.392699081698724,4.72394366197183,1,0,0.11,0,0,69.2256722151088,0.630186784388739,5,0,4.72394366197183,0.791789371245185,1.69999999665984,-0.820995892996799,0.0160001454618439,5.3126949241865e-10,0.168760034095455,-0.104153288454523,0.16254625362387,0.169999998358244,-0.0965824206149375,0.0575721292763892,-0.0818938133997498,0.0818201669798479,-0.0849999749730812,0.0849999749730901,-0.0415897400063079,0.0311629108004124,4.72394366197183,1,0,0.11,0,0,49.4622860225737,1.20000000323426,6.92472004316032,1,2.262081,2,-0.6,0.75
-10,15,0,2,-3.14159265358979,3.14159265358979,0,0.17,-0.17,0.17,0.17,-0.392699081698724,0.392699081698724,-0.085,0.085,-0.085,0.085,-0.392699081698724,0.392699081698724,4.57105263157895,1,0,0.11,0,0,66.4838976812661,0.630186784388739,5,0,4.57105263157895,0.799374761153042,1.69999999899479,-0.80746861288142,0.0154286359405409,1.49897881064248e-10,0.168108596859508,-0.111537946938147,0.165877563731037,0.169999999625641,-0.101792926296526,0.0614051009331533,-0.0849999986383668,0.0849999986219114,-0.0849999950058852,0.0849999942988953,-0.0419547641232135,0.0358856266727105,4.57105263157895,1,0,0.11,0,0,53.7003291049693,1.20000000095367,6.981042783646,1,2.0091612,2,-0.65,0.75
-10,15,0,2,-3.14159265358979,3.14159265358979,0,0.17,-0.17,0.17,0.17,-0.392699081698724,0.392699081698724,-0.085,0.085,-0.085,0.085,-0.392699081698724,0.392699081698724,4.43703703703704,1,0,0.11,0,0,64.0974025974026,0.630186784388739,5,0,4.43703703703704,0.809198548580334,1.69999999602749,-0.8094371345954,0.014231191555471,6.56676394005828e-10,0.167917293424621,-0.118272589956092,0.169070789946324,0.169999997849735,-0.105853169683597,0.0649883998550522,-0.084999992235334,0.0849999922353293,-0.0849999632223919,0.0849999632223673,-0.0518117952318158,0.0431360606153248,4.43703703703704,1,0,0.11,0,0,50.2005874783889,1.20000000393017,7.02808224697445,1,3.9382747,2,-0.7,0.75
-10,15,0,2,-3.14159265358979,3.14159265358979,0,0.17,-0.17,0.17,0.17,-0.392699081698724,0.392699081698724,-0.085,0.085,-0.085,0.085,-0.392699081698724,0.392699081698724,4.31860465116279,1,0,0.11,0,0,62.0010570824524,0.630186784388739,5,0,4.31860465116279,0.816906709451307,1.69999999568401,-0.832189434129929,0.0162659676456742,7.56085382990401e-10,0.167773487596507,-0.122003316966499,0.167849574201661,0.16999999756851,-0.114637502937332,0.0680648617640187,-0.0849999908603574,0.0849999908599504,-0.0849999568610314,0.08499995685768,-0.0574593059242477,0.0453149612070954,4.31860465116279,1,0,0.11,0,0,47.1321009291932,1.20000000433069,7.06981513937897,1,4.6038731,2,-0.75,0.75
-10,15,0,2,-3.14159265358979,3.14159265358979,0,0.17,-0.17,0.17,0.17,-0.392699081698724,0.392699081698724,-0.085,0.085,-0.085,0.085,-0.392699081698724,0.392699081698724,4.21318681318681,1,0,0.11,0,0,60.1447927072927,0.630186784388739,5,0,4.21318681318681,0.834582563400324,1.69999999536455,-0.851531334877006,0.0178271332954895,8.61917631422174e-10,0.167874645151492,-0.136176327634872,0.16999968062846,0.169999997299003,-0.12380412894482,0.0598620017047811,-0.0849999891411445,0.0849999891407384,-0.0849999529902706,0.084999952919177,-0.0678819286259688,0.0458464084099977,4.21318681318681,1,0,0.11,0,0,44.4111314745439,1.20000000472784,6.93659577316685,1,2.0104968,2,-0.8,0.75
-10,15,0,2,-3.14159265358979,3.14159265358979,0,0.17,-0.17,0.17,0.17,-0.392699081698724,0.392699081698724,-0.085,0.085,-0.085,0.085,-0.392699081698724,0.392699081698724,4.11875,1,0,0.11,0,0,58.4894719251337,0.630186784388739,5,0,4.11875,0.746020034027696,1.6999999867752,-0.745693679862382,0.000393944483480822,1.34477463791998e-09,0.169989168407083,-0.0937249316441894,0.169999948862792,0.169999992300953,-0.162056901238622,0.0488386734131793,-0.084999993841233,0.0849999940940004,-0.0849997915672517,0.0849991352540479,-0.0704710288236406,0.0557384272232441,4.11875,1,0,0.11,0,0,41.3304635158993,1.20000001032067,6.7334213477986,1,6.5534754,2,-0.85,0.75
-10,15,0,2,-3.14159265358979,3.14159265358979,0,0.17,-0.17,0.17,0.17,-0.392699081698724,0.392699081698724,-0.085,0.085,-0.085,0.085,-0.392699081698724,0.392699081698724,4.03366336633663,1,0,0.11,0,0,57.0040504050405,0.630186784388739,5,0,4.03366336633663,0.921810019525026,1.69999999808181,-0.8196228999389,0.0405142856877133,4.09451776149483e-10,0.169215373173576,-0.153776659895907,0.169999982918443,0.169999998699403,-0.146381571981381,0.182016768634533,-0.0849999942034844,0.084999994203496,-0.0849999842663091,0.0849999842668418,-0.0843001961765881,0.111559193241326,4.03366336633663,1,0,0.11,0,0,45.4769258778994,1.20000000206522,6.99207735372703,1,3.5328997,2,-0.9,0.75
-10,15,0,2,-3.14159265358979,3.14159265358979,0,0.17,-0.17,0.17,0.17,-0.392699081698724,0.392699081698724,-0.085,0.085,-0.085,0.085,-0.392699081698724,0.392699081698724,3.95660377358491,1,0,0.11,0,0,55.6635821973459,0.630186784388739,5,0,3.95660377358491,0.960813422035635,1.69999999435964,-0.876052830105176,0.0138930037355857,1.23424344248126e-09,0.169823675214724,-0.153134860054092,0.169999964040647,0.169999996053302,-0.154185605800408,0.0857132071851046,-0.0849999834885046,0.0849999834885664,-0.0849999715801971,0.0849998857711293,-0.0952460813463576,0.075373645796948,3.95660377358491,1,0,0.11,0,0,43.2380757241451,1.20000000606842,7.01717937273105,1,3.1494013,2,-0.95,0.75
-10,15,0,2,-3.14159265358979,3.14159265358979,0,0.17,-0.17,0.17,0.17,-0.392699081698724,0.392699081698724,-0.085,0.085,-0.085,0.085,-0.392699081698724,0.392699081698724,3.88648648648649,1,0,0.11,0,0,54.4477886977887,0.630186784388739,5,0,3.88648648648649,0.997017341526187,1.69999999174039,-0.940880987038843,0.00755494279527416,1.91434514188201e-09,0.16999735466627,-0.145970006819181,0.1699999574336,0.169999993830209,-0.174213454922998,0.102135626436755,-0.0849999730480582,0.0849999730480563,-0.0849999597925336,0.0849998391723256,-0.0862018102620574,0.100321857155494,3.88648648648649,1,0,0.11,0,0,41.2151243770947,1.20000000909251,7.04091708108701,1,9.5611678,0,-1,0.75
-10,15,0,2,-3.14159265358979,3.14159265358979,0,0.17,-0.17,0.17,0.17,-0.392699081698724,0.392699081698724,-0.085,0.085,-0.085,0.085,-0.392699081698724,0.392699081698724,3.82241379310345,1,0,0.11,0,0,53.340013434841,0.630186784388739,5,0,3.82241379310345,0.875311313199876,1.69999987506009,-0.770781626017894,0,1.52482275706092e-08,0.169199123967823,-0.101049691055734,0.169999475136497,0.169999926494588,-0.216730290425442,0.097915690170008,-0.0849999149638897,0.0849999149677382,-0.0849962738444888,0.0849922596565394,-0.114171364584723,0.109948844417665,3.82241379310345,1,0,0.11,0,0,37.8362072533114,1.20000008006848,6.7684770753146,1,10.2248783,0,-1.05,0.75
-10,15,0,2,-3.14159265358979,3.14159265358979,0,0.17,-0.17,0.17,0.17,-0.392699081698724,0.392699081698724,-0.085,0.085,-0.085,0.085,-0.392699081698724,0.392699081698724,3.76363636363636,1,0,0.11,0,0,52.3264462809917,0.630186784388739,5,0,3.76363636363636,0.899299748810103,1.69999988052764,-0.817712947638995,0,1.47325836130985e-08,0.169193200823761,-0.111339644538825,0.169999505158439,0.169999907798815,-0.233999002898579,0.094313421795421,-0.0849999139998499,0.084999925555744,-0.0849943427364018,0.0849927069332242,-0.121317489991906,0.118465602354043,3.76363636363636,1,0,0.11,0,0,36.1635979960767,1.20000007204413,6.77732614296846,1,10.5936343,0,-1.1,0.75
-10,15,0,2,-3.14159265358979,3.14159265358979,0,0.17,-0.17,0.17,0.17,-0.392699081698724,0.392699081698724,-0.085,0.085,-0.085,0.085,-0.392699081698724,0.392699081698724,3.70952380952381,1,0,0.11,0,0,51.3955392433653,0.630186784388739,5,0,3.70952380952381,0.920303064549507,1.6999999821273,-0.883381726697397,0,2.18079465404182e-09,0.168975204927302,-0.106954855487603,0.169999912706661,0.169999988281205,-0.252849347455242,0.0831320458179339,-0.0849999841027602,0.0849999920192624,-0.0849998295689541,0.0849987685337026,-0.11436258288285,0.126918981918752,3.70952380952381,1,0,0.11,0,0,34.6556853084056,1.20000001171058,6.78994723264688,1,9.9684533,0,-1.15,0.75
-10,15,0,2,-3.14159265358979,3.14159265358979,0,0.17,-0.17,0.17,0.17,-0.392699081698724,0.392699081698724,-0.085,0.085,-0.085,0.085,-0.392699081698724,0.392699081698724,3.65954198473282,1,0,0.11,0,0,50.537560721721,0.630186784388739,5,0,3.65954198473282,1,1.6999999923731,-0.915828917448476,0.0158281730420101,2.04949428620343e-09,0.169991942167079,-0.0823367267595152,0.169999952373046,0.169999993598717,-0.215696575091089,0.128189039442651,-0.0849999648894114,0.0849999648897237,-0.0849999486122044,0.0849997944525264,-0.165418546066713,0.147460396196397,3.65954198473282,1,0,0.11,0,0,39.0726775075058,1.20000000883124,7.11991012358995,1,7.7552432,2,-1.2,0.75
-10,15,0,2,-3.14159265358979,3.14159265358979,0,0.17,-0.17,0.17,0.17,-0.392699081698724,0.392699081698724,-0.085,0.085,-0.085,0.085,-0.392699081698724,0.392699081698724,4.72394366197183,1,0,0.11,0,0,69.2256722151088,0.630186784388739,5,0,4.72394366197183,0.879485650562146,1.69999999539764,-0.578284598314487,0.0214034941642811,5.53387014557754e-10,0.169558810375233,-0.0839878958620654,0.128684563109808,0.169999998143208,-0.071374409410498,0.0451638029775179,-0.0830854082791398,0.0830440130435886,-0.0692229370463156,0.0528394150869394,-0.0307242245314686,0.0239229751181416,4.72394366197183,1,0,0.11,0,0,48.8203563573626,1.2000000035895,6.83484989003077,1,3.280459,2,-0.6,1
-10,15,0,2,-3.14159265358979,3.14159265358979,0,0.17,-0.17,0.17,0.17,-0.392699081698724,0.392699081698724,-0.085,0.085,-0.085,0.085,-0.392699081698724,0.392699081698724,4.57105263157895,1,0,0.11,0,0,66.4838976812661,0.630186784388739,5,0,4.57105263157895,0.300000001629238,1.10851347112195,-0.0203532680651233,0.542625848795352,1.61866277711041e-10,0.169340764711065,-0.133871539151388,0.130505403681772,0.169999999431858,-0.0510393069907164,0.0775318150091582,-0.0849999985573925,0.0849999985575845,-0.0849999913450393,0.0849999829887492,-0.0282516015075064,0.0324872064500865,4.57105263157895,1,0,0.11,0,0,52.9932805344402,1.20000000127238,6.88912646947722,1,2.621293,2,-0.65,1
-10,15,0,2,-3.14159265358979,3.14159265358979,0,0.17,-0.17,0.17,0.17,-0.392699081698724,0.392699081698724,-0.085,0.085,-0.085,0.085,-0.392699081698724,0.392699081698724,4.43703703703704,1,0,0.11,0,0,64.0974025974026,0.630186784388739,5,0,4.43703703703704,0.883417790703845,1.69999999419981,-0.552829469268727,0.0239945718024101,6.53846762342925e-10,0.169057883049188,-0.145143617428516,0.153634090634525,0.169999997552292,-0.0813053627922677,0.0511510575767437,-0.0849999947105375,0.0849999947105346,-0.0849998846488033,0.0849995366292046,-0.0416146170893502,0.0331713605627766,4.43703703703704,1,0,0.11,0,0,49.5482287703027,1.20000000461007,6.7715912652747,1,4.2343135,2,-0.7,1
-10,15,0,2,-3.14159265358979,3.14159265358979,0,0.17,-0.17,0.17,0.17,-0.392699081698724,0.392699081698724,-0.085,0.085,-0.085,0.085,-0.392699081698724,0.392699081698724,4.31860465116279,1,0,0.11,0,0,62.0010570824524,0.630186784388739,5,0,4.31860465116279,0.894529935854018,1.69999999547272,-0.636659755216342,0.0247690164594884,6.21596775522824e-10,0.168988379912758,-0.150621173434827,0.168282725679416,0.169999996410036,-0.0837145832872131,0.0508940660346237,-0.0849999970587511,0.0849999970587494,-0.0849999590611636,0.0849999297558441,-0.0468956748635073,0.0379496391482648,4.31860465116279,1,0,0.11,0,0,46.5152780555203,1.20000000328982,6.81116571527261,1,2.9850068,2,-0.75,1
-10,15,0,2,-3.14159265358979,3.14159265358979,0,0.17,-0.17,0.17,0.17,-0.392699081698724,0.392699081698724,-0.085,0.085,-0.085,0.085,-0.392699081698724,0.392699081698724,4.21318681318681,1,0,0.11,0,0,60.1447927072927,0.630186784388739,5,0,4.21318681318681,0.936300595435946,1.69999999453974,-0.566072019035408,0.0262011429245824,8.41978845390869e-10,0.169950831408639,-0.141826707262071,0.166374947640793,0.169999995209833,-0.0876450224296279,0.0551692742462214,-0.0849999957648673,0.0849999957648674,-0.0849999662723332,0.0849999474376273,-0.0587190731975622,0.0419181251839777,4.21318681318681,1,0,0.11,0,0,43.7993516548772,1.20000000423661,6.8410415918094,1,4.2679075,2,-0.8,1
-10,15,0,2,-3.14159265358979,3.14159265358979,0,0.17,-0.17,0.17,0.17,-0.392699081698724,0.392699081698724,-0.085,0.085,-0.085,0.085,-0.392699081698724,0.392699081698724,4.11875,1,0,0.11,0,0,58.4894719251337,0.630186784388739,5,0,4.11875,0.772787731419232,1.69999067264328,-0.646447237968715,0.0217888992105193,6.1959697514531e-07,0.169993427346748,-0.142443420892552,0.169960227638562,0.169996424390926,-0.148221257759699,0.0638311189190897,-0.0849972057904963,0.0849973484249465,-0.0787197789942434,0.0783089072487098,-0.0621883220692269,0.056611497282669,4.11875,1,0,0.11,0,0,41.7127914986454,1.20000430945812,6.64797614509661,1,7.3904997,0,-0.85,1
-10,15,0,2,-3.14159265358979,3.14159265358979,0,0.17,-0.17,0.17,0.17,-0.392699081698724,0.392699081698724,-0.085,0.085,-0.085,0.085,-0.392699081698724,0.392699081698724,4.03366336633663,1,0,0.11,0,0,57.0040504050405,0.630186784388739,5,0,4.03366336633663,0.775983176867858,1.69999242170691,-0.588407601316174,0.0227099436982128,5.54611121096166e-07,0.169993487581523,-0.131101228808565,0.169965992622448,0.169997084201142,-0.156723196070283,0.102179072614486,-0.0849973360021227,0.0849974796069284,-0.0816959213820299,0.0820211015388653,-0.0794610073078269,0.0742978753633249,4.03366336633663,1,0,0.11,0,0,39.4682454388413,1.20000349872471,6.80827233820012,1,7.9381894,0,-0.9,1
-10,15,0,2,-3.14159265358979,3.14159265358979,0,0.17,-0.17,0.17,0.17,-0.392699081698724,0.392699081698724,-0.085,0.085,-0.085,0.085,-0.392699081698724,0.392699081698724,3.95660377358491,1,0,0.11,0,0,55.6635821973459,0.630186784388739,5,0,3.95660377358491,0.977152850958403,1.69999998974509,-0.619922026865816,0.200288661793651,1.88194407141804e-09,0.169781373347003,-0.118978537846967,0.163915968528342,0.169999989822629,-0.119645775803714,0.137955976628972,-0.084999988788573,0.0849999887885697,-0.084999926805749,0.0849998898396599,-0.0591474700634817,0.0966521879048471,3.95660377358491,1,0,0.11,0,0,42.6570387214895,1.20000000838638,6.92288190917507,1,9.5526803,0,-0.95,1
-10,15,0,2,-3.14159265358979,3.14159265358979,0,0.17,-0.17,0.17,0.17,-0.392699081698724,0.392699081698724,-0.085,0.085,-0.085,0.085,-0.392699081698724,0.392699081698724,3.88648648648649,1,0,0.11,0,0,54.4477886977887,0.630186784388739,5,0,3.88648648648649,0.982347065563261,1.69999999336833,-0.601675781713326,0.0227218785481869,1.26916609323129e-09,0.169828320339103,-0.112568134577723,0.164038416247263,0.169999993221984,-0.12131531100496,0.0918865510038229,-0.0849999920429504,0.0849999920429499,-0.0849999475908322,0.0849999213993819,-0.0901472969536821,0.0740066232488136,3.88648648648649,1,0,0.11,0,0,40.6591512780487,1.20000000545686,6.77652521300812,1,6.6368786,2,-1,1
-10,15,0,2,-3.14159265358979,3.14159265358979,0,0.17,-0.17,0.17,0.17,-0.392699081698724,0.392699081698724,-0.085,0.085,-0.085,0.085,-0.392699081698724,0.392699081698724,3.82241379310345,1,0,0.11,0,0,53.340013434841,0.630186784388739,5,0,3.82241379310345,1,1.69999898251489,-0.624689830144987,0.037410665590778,7.89550781511046e-07,0.169999983547512,-0.0716619788907207,0.0977395910289225,0.170003285570795,-0.169889037420125,0.0747901227697201,-0.0849977640480627,0.0849977658544907,-0.041827607647327,0.0313540256806361,-0.0926149716056689,0.0750300061793525,3.82241379310345,1,0,0.11,0,0,38.1426405129216,1.18130055053954,6.67496208976129,1,6.943156,0,-1.05,1
-10,15,0,2,-3.14159265358979,3.14159265358979,0,0.17,-0.17,0.17,0.17,-0.392699081698724,0.392699081698724,-0.085,0.085,-0.085,0.085,-0.392699081698724,0.392699081698724,3.76363636363636,1,0,0.11,0,0,52.3264462809917,0.630186784388739,5,0,3.76363636363636,1,1.69999999994513,-0.494492225342074,0.00101346212832964,1.61861983385417e-11,0.169999999912615,-0.0757939712687879,0.0937749536736545,0.170007787930574,-0.118264282576239,0.0563655932710556,-0.0849999995529729,0.08499999940502,-0.0500389684003753,0.0356407148671709,-0.0606123117598902,0.0621798405241375,3.76363636363636,1,0,0.11,0,0,36.4422404754741,1.18070955776128,6.53260903338128,1,1.9908024,-2,-1.1,1
-10,15,0,2,-3.14159265358979,3.14159265358979,0,0.17,-0.17,0.17,0.17,-0.392699081698724,0.392699081698724,-0.085,0.085,-0.085,0.085,-0.392699081698724,0.392699081698724,3.70952380952381,1,0,0.11,0,0,51.3955392433653,0.630186784388739,5,0,3.70952380952381,1,1.69999999957754,-0.479850774830039,0,2.32416738941081e-11,0.169999999769992,-0.0972137210261963,0.093399907082598,0.170010732177795,-0.116508418560618,0.0559649900402881,-0.0849999990809691,0.0849999994414807,-0.0691525921209045,0.0629282293286551,-0.0603599718378993,0.0619933159903745,3.70952380952381,1,0,0.11,0,0,34.8932254393978,1.17684578501124,6.53924891567974,1,1.9240298,-2,-1.15,1
-10,15,0,2,-3.14159265358979,3.14159265358979,0,0.17,-0.17,0.17,0.17,-0.392699081698724,0.392699081698724,-0.085,0.085,-0.085,0.085,-0.392699081698724,0.392699081698724,3.65954198473282,1,0,0.11,0,0,50.537560721721,0.630186784388739,5,0,3.65954198473282,0.300000002671214,1.00885698355153,-0.214378416980928,0.6142636929819,5.95729999402362e-10,0.169937863490026,-0.167677172933799,0.0916464568759577,0.169999996910479,-0.158883114307987,0.156166276605221,-0.0849999955200338,0.0849999955200187,-0.0849999554617742,0.0849999699354893,-0.15445331881876,0.110536970210869,3.65954198473282,1,0,0.11,0,0,38.5370367520717,1.20000000225213,6.85102875592385,1,11.5454668,0,-1.2,1
-10,15,0,2,-3.14159265358979,3.14159265358979,0,0.17,-0.17,0.17,0.17,-0.392699081698724,0.392699081698724,-0.085,0.085,-0.085,0.085,-0.392699081698724,0.392699081698724,4.72394366197183,1,0,0.11,0,0,69.2256722151088,0.630186784388739,5,0,4.72394366197183,0.300000003347066,1.20821086369377,-0.0146271550386757,0.82765153690955,5.32205381491994e-10,0.168760029501881,-0.162546266834275,0.104153301508125,0.169999998355205,-0.057867928733693,0.0952500312240601,-0.0818781449644247,0.0818358314826672,-0.0849999749092206,0.0849999749576098,-0.029441328890293,0.0397039439377806,4.72394366197183,1,0,0.11,0,0,49.4622861852745,1.20000000324024,6.92472006593843,1,1.3829336,2,-0.6,1.25
-10,15,0,2,-3.14159265358979,3.14159265358979,0,0.17,-0.17,0.17,0.17,-0.392699081698724,0.392699081698724,-0.085,0.085,-0.085,0.085,-0.392699081698724,0.392699081698724,4.57105263157895,1,0,0.11,0,0,66.4838976812661,0.630186784388739,5,0,4.57105263157895,0.300000003631353,1.20062523588816,-0.0194190308222688,0.776159749607413,5.70000197749353e-10,0.168108587447279,-0.165877512705948,0.11153790678797,0.169999998108825,-0.0701698387413137,0.105954367550345,-0.0849999926290153,0.0849999926285822,-0.0849999690559802,0.0849999690564159,-0.0407025544851835,0.051387582162674,4.57105263157895,1,0,0.11,0,0,53.7003291144587,1.2000000035454,6.98104278487963,1,3.332228,2,-0.65,1.25
-10,15,0,2,-3.14159265358979,3.14159265358979,0,0.17,-0.17,0.17,0.17,-0.392699081698724,0.392699081698724,-0.085,0.085,-0.085,0.085,-0.392699081698724,0.392699081698724,4.43703703703704,1,0,0.11,0,0,64.0974025974026,0.630186784388739,5,0,4.43703703703704,0.300000003969089,1.19080165616122,-0.0175866739316553,0.794334174553259,6.59219219303652e-10,0.167917292977376,-0.169070792035033,0.118272591203239,0.169999997845993,-0.0696688891699685,0.109596533912594,-0.0849999920898659,0.0849999920897451,-0.0849999640058898,0.0849999640092632,-0.0429799005487041,0.0570731715179973,4.43703703703704,1,0,0.11,0,0,50.2005876285699,1.20000000394042,7.02808226799978,1,1.9824087,2,-0.7,1.25
-10,15,0,2,-3.14159265358979,3.14159265358979,0,0.17,-0.17,0.17,0.17,-0.392699081698724,0.392699081698724,-0.085,0.085,-0.085,0.085,-0.392699081698724,0.392699081698724,4.31860465116279,1,0,0.11,0,0,62.0010570824524,0.630186784388739,5,0,4.31860465116279,0.300000004352747,1.18309344840484,-0.0160722192209463,0.834158527544205,7.61549896495557e-10,0.167773482919114,-0.167849571247842,0.122003310175652,0.169999997549728,-0.0684764416285923,0.114898830622535,-0.0849999908257341,0.0849999908257343,-0.0849999561608807,0.0849999561609133,-0.0451424657978733,0.0575208776829815,4.31860465116279,1,0,0.11,0,0,47.132101056851,1.20000000436336,7.06981515852764,1,4.1209417,2,-0.75,1.25
-10,15,0,2,-3.14159265358979,3.14159265358979,0,0.17,-0.17,0.17,0.17,-0.392699081698724,0.392699081698724,-0.085,0.085,-0.085,0.085,-0.392699081698724,0.392699081698724,4.21318681318681,1,0,0.11,0,0,60.1447927072927,0.630186784388739,5,0,4.21318681318681,0.300000004712501,1.16541745226529,-0.0176526086648393,0.851537667006823,8.76031372171195e-10,0.167874643799093,-0.169999686410142,0.136176325629666,0.169999997216389,-0.060239454340518,0.123914527620799,-0.084999988964451,0.0849999889643863,-0.0849999521543418,0.0849999521433233,-0.0467778660229557,0.0652057605938126,4.21318681318681,1,0,0.11,0,0,44.411131489495,1.2000000048057,6.93659577550207,1,3.3261633,2,-0.8,1.25
-10,15,0,2,-3.14159265358979,3.14159265358979,0,0.17,-0.17,0.17,0.17,-0.392699081698724,0.392699081698724,-0.085,0.085,-0.085,0.085,-0.392699081698724,0.392699081698724,4.11875,1,0,0.11,0,0,58.4894719251337,0.630186784388739,5,0,4.11875,0.300000018259675,1.2539782156577,-0.00072688111977387,0.746016956372437,1.85673188470928e-09,0.169989121806125,-0.169999929394807,0.0927308277576522,0.169999989341811,-0.0697946678570103,0.163486344338375,-0.0849999914965881,0.0849999918455825,-0.0849988062091628,0.0849997122845641,-0.0684150363173354,0.0635394074256459,4.11875,1,0,0.11,0,0,41.330466646475,1.20000001425197,6.73342185782155,1,8.2514822,0,-0.85,1.25
-10,15,0,2,-3.14159265358979,3.14159265358979,0,0.17,-0.17,0.17,0.17,-0.392699081698724,0.392699081698724,-0.085,0.085,-0.085,0.085,-0.392699081698724,0.392699081698724,4.03366336633663,1,0,0.11,0,0,57.0040504050405,0.630186784388739,5,0,4.03366336633663,0.30000000655858,1.07818985563976,-0.0135068945871723,0.817484157801227,1.39995351382464e-09,0.16921537282623,-0.169999941600354,0.153776602479079,0.169999995547281,-0.139792317301388,0.140606530958679,-0.0849999801842212,0.0849999801842255,-0.0849999462027499,0.0849999462038013,-0.0792073543887253,0.0938586841507782,4.03366336633663,1,0,0.11,0,0,45.4769257986025,1.20000000706116,6.99207734153514,1,3.8619884,2,-0.9,1.25
-10,15,0,2,-3.14159265358979,3.14159265358979,0,0.17,-0.17,0.17,0.17,-0.392699081698724,0.392699081698724,-0.085,0.085,-0.085,0.085,-0.392699081698724,0.392699081698724,3.95660377358491,1,0,0.11,0,0,55.6635821973459,0.630186784388739,5,0,3.95660377358491,0.30000000112892,1.03918656904125,-0.0138152771064233,0.875949121959467,2.4659560572358e-10,0.169823679301038,-0.169999992766647,0.153134856110623,0.169999999220432,-0.0862237404404688,0.15423367484037,-0.0849999967053381,0.084999996706441,-0.0849999756198181,0.0849999945866098,-0.0768379614825528,0.0940804416179832,3.95660377358491,1,0,0.11,0,0,43.2380757758094,1.20000000121405,7.01717938111573,1,3.8181487,2,-0.95,1.25
-10,15,0,2,-3.14159265358979,3.14159265358979,0,0.17,-0.17,0.17,0.17,-0.392699081698724,0.392699081698724,-0.085,0.085,-0.085,0.085,-0.392699081698724,0.392699081698724,3.88648648648649,1,0,0.11,0,0,54.4477886977887,0.630186784388739,5,0,3.88648648648649,0.30000000738695,1.00298333261669,-0.0117119971036008,0.887499776212946,1.7121016755183e-09,0.169997357643844,-0.169999961934779,0.145970030047793,0.169999994484031,-0.0957558339535976,0.165805259579324,-0.0849999758954876,0.0849999758954536,-0.0849998561937343,0.0849999640403522,-0.0956403162959518,0.0999827085591005,3.88648648648649,1,0,0.11,0,0,41.2151241434331,1.20000000813173,7.04091704116983,1,3.4791957,2,-1,1.25
-10,15,0,2,-3.14159265358979,3.14159265358979,0,0.17,-0.17,0.17,0.17,-0.392699081698724,0.392699081698724,-0.085,0.085,-0.085,0.085,-0.392699081698724,0.392699081698724,3.82241379310345,1,0,0.11,0,0,53.340013434841,0.630186784388739,5,0,3.82241379310345,0.300000026780727,1.1247114660065,0,0.79988715734059,3.26841741092742e-09,0.169199613346554,-0.169999887496797,0.0991649518137948,0.169999984225028,-0.114218940537936,0.218931054821978,-0.0849999817725716,0.0849999817741828,-0.0849983399437543,0.0849992015361963,-0.110794972766847,0.109886435858091,3.82241379310345,1,0,0.11,0,0,37.8362015388038,1.20000001716323,6.76847605305267,1,10.4110672,0,-1.05,1.25
-10,15,0,2,-3.14159265358979,3.14159265358979,0,0.17,-0.17,0.17,0.17,-0.392699081698724,0.392699081698724,-0.085,0.085,-0.085,0.085,-0.392699081698724,0.392699081698724,3.76363636363636,1,0,0.11,0,0,52.3264462809917,0.630186784388739,5,0,3.76363636363636,0.300000000218151,1.10072017613439,0,0.788420881162837,2.68041546191788e-11,0.16919423246312,-0.169999999102162,0.111516702033308,0.169999999831139,-0.101418334034399,0.229550055133995,-0.0849999998438376,0.0849999998661723,-0.0849999880771818,0.0849999921269921,-0.123138594974509,0.121382373319687,3.76363636363636,1,0,0.11,0,0,36.1635877130331,1.20000000013109,6.77732421584992,1,7.839497,2,-1.1,1.25
-10,15,0,2,-3.14159265358979,3.14159265358979,0,0.17,-0.17,0.17,0.17,-0.392699081698724,0.392699081698724,-0.085,0.085,-0.085,0.085,-0.392699081698724,0.392699081698724,3.70952380952381,1,0,0.11,0,0,51.3955392433653,0.630186784388739,5,0,3.70952380952381,0.300000019853175,1.07969641540165,0,0.873738753498439,2.42245923890026e-09,0.16897521227552,-0.169999903032454,0.106927166331018,0.169999986982241,-0.106057583171267,0.251620027798206,-0.0849999823412239,0.0849999911348339,-0.0849986317192675,0.0849998106911364,-0.109761467337417,0.131017926026705,3.70952380952381,1,0,0.11,0,0,34.6556852451879,1.20000001300826,6.78994722026088,1,8.10344,2,-1.15,1.25
-10,15,0,2,-3.14159265358979,3.14159265358979,0,0.17,-0.17,0.17,0.17,-0.392699081698724,0.392699081698724,-0.085,0.085,-0.085,0.085,-0.392699081698724,0.392699081698724,3.65954198473282,1,0,0.11,0,0,50.537560721721,0.630186784388739,5,0,3.65954198473282,0.300000038590887,1,-0.0151155924708428,0.924954645418164,1.03701360959164e-08,0.169991925210669,-0.169999758927617,0.0823363808721012,0.169999967369239,-0.126664103015058,0.217406824074961,-0.0849998223549238,0.0849998223530195,-0.084998960027343,0.0849997400101481,-0.149367309260171,0.16134543545829,3.65954198473282,1,0,0.11,0,0,39.0726771466793,1.20000004468489,7.11991005783935,1,12.5000264,0,-1.2,1.25
-10,15,0,2,-3.14159265358979,3.14159265358979,0,0.17,-0.17,0.17,0.17,-0.392699081698724,0.392699081698724,-0.085,0.085,-0.085,0.085,-0.392699081698724,0.392699081698724,4.72394366197183,1,0,0.11,0,0,69.2256722151088,0.630186784388739,5,0,4.72394366197183,0.300000002472849,1.33199156994652,-0.0116086161365377,1.19857934279793,6.2518645436163e-10,0.16697897420645,-0.169632416035963,0.110008556604624,0.169999998089366,-0.0994739246224517,0.131930449474635,-0.0790905628168215,0.0794265978793625,-0.0849999815369331,0.0849999815375543,-0.0379908988517059,0.0481597803726776,4.72394366197183,1,0,0.11,0,0,50.5049221662263,1.20000000272467,7.23903884382578,1,2.527462,2,-0.6,1.5
-10,15,0,2,-3.14159265358979,3.14159265358979,0,0.17,-0.17,0.17,0.17,-0.392699081698724,0.392699081698724,-0.085,0.085,-0.085,0.085,-0.392699081698724,0.392699081698724,4.57105263157895,1,0,0.11,0,0,66.4838976812661,0.630186784388739,5,0,4.57105263157895,0.300000002314873,1.31524455464236,-0.011350641854948,1.17819050289171,6.28588328975521e-10,0.166540200923587,-0.163298602189922,0.103859722290242,0.169999998168038,-0.0995872216331955,0.143426181849567,-0.0849881874283735,0.0849881869578811,-0.0849999814150615,0.0849999814150683,-0.0628736092964007,0.0487642096231278,4.57105263157895,1,0,0.11,0,0,54.8384692987893,1.20000000257247,7.12900100884261,1,7.5432333,0,-0.65,1.5
-10,15,0,2,-3.14159265358979,3.14159265358979,0,0.17,-0.17,0.17,0.17,-0.392699081698724,0.392699081698724,-0.085,0.085,-0.085,0.085,-0.392699081698724,0.392699081698724,4.43703703703704,1,0,0.11,0,0,64.0974025974026,0.630186784388739,5,0,4.43703703703704,0.300000002918042,1.28712433398288,-0.000822268730358575,1.11969211930065,7.8602394373157e-10,0.165570776570103,-0.169999736391406,0.115694141812692,0.169999997558709,-0.122052889308363,0.156100194205036,-0.0849999884617118,0.0849999884617286,-0.0849999748041476,0.0849999748052482,-0.0842525929715929,0.07729232428819,4.43703703703704,1,0,0.11,0,0,51.247618281582,1.20000000326416,7.17466655942148,1,6.9529013,2,-0.7,1.5
-10,15,0,2,-3.14159265358979,3.14159265358979,0,0.17,-0.17,0.17,0.17,-0.392699081698724,0.392699081698724,-0.085,0.085,-0.085,0.085,-0.392699081698724,0.392699081698724,4.31860465116279,1,0,0.11,0,0,62.0010570824524,0.630186784388739,5,0,4.31860465116279,0.300000000634355,1.23053066294274,-0.0182342671298383,1.12289977031526,1.77502192648839e-10,0.166391077835991,-0.169999988668768,0.119310620568592,0.169999999438582,-0.109335588755592,0.157925606357671,-0.084999997965961,0.0849999979746506,-0.08499999430465,0.0849999943148097,-0.0675373056667545,0.0837558495791455,4.31860465116279,1,0,0.11,0,0,48.0654512717965,1.20000000071028,7.20981769076948,1,2.0454794,2,-0.75,1.5
-10,15,0,2,-3.14159265358979,3.14159265358979,0,0.17,-0.17,0.17,0.17,-0.392699081698724,0.392699081698724,-0.085,0.085,-0.085,0.085,-0.392699081698724,0.392699081698724,4.21318681318681,1,0,0.11,0,0,60.1447927072927,0.630186784388739,5,0,4.21318681318681,0.300000002647945,1.17873538345701,-0.0191866617870766,1.12324192669037,8.08843627250534e-10,0.16722387437794,-0.169999967168154,0.131631832034337,0.169999997489162,-0.111678064687885,0.168612626090968,-0.084999988329886,0.0849999883325862,-0.0849999789814918,0.0849999790050979,-0.0745902404547871,0.0982382498661334,4.21318681318681,1,0,0.11,0,0,45.2615080220582,1.20000000305801,7.24184128352931,1,2.446128,2,-0.8,1.5
-10,15,0,2,-3.14159265358979,3.14159265358979,0,0.17,-0.17,0.17,0.17,-0.392699081698724,0.392699081698724,-0.085,0.085,-0.085,0.085,-0.392699081698724,0.392699081698724,4.11875,1,0,0.11,0,0,58.4894719251337,0.630186784388739,5,0,4.11875,0.30000000891307,1.25393003784333,0,0.746708541756339,1.73297154953175e-09,0.169580316745618,-0.169999958157688,0.0857842115273089,0.169999986321817,-0.0900606370679278,0.155636078307251,-0.0849999897816154,0.0849999901706168,-0.0849994137443806,0.0849999483929325,-0.0704790094691586,0.0723344832732511,4.11875,1,0,0.11,0,0,41.2036312513023,1.20000001427687,6.56682873067631,1,3.0634033,2,-0.85,1.5
-10,15,0,2,-3.14159265358979,3.14159265358979,0,0.17,-0.17,0.17,0.17,-0.392699081698724,0.392699081698724,-0.085,0.085,-0.085,0.085,-0.392699081698724,0.392699081698724,4.03366336633663,1,0,0.11,0,0,57.0040504050405,0.630186784388739,5,0,4.03366336633663,0.300000003742549,1.08995957709517,-0.0153216840993064,1.2040935109257,1.28971232284603e-09,0.169056781771788,-0.169999971979665,0.15126476599648,0.169999996029152,-0.13731806746444,0.20069848798296,-0.0849999800574659,0.0849999800574979,-0.0849999713078423,0.0849999713709172,-0.0867115269574556,0.120605696725017,4.03366336633663,1,0,0.11,0,0,46.3432615941472,1.20000000447611,7.29906370107818,1,6.3633671,2,-0.9,1.5
-10,15,0,2,-3.14159265358979,3.14159265358979,0,0.17,-0.17,0.17,0.17,-0.392699081698724,0.392699081698724,-0.085,0.085,-0.085,0.085,-0.392699081698724,0.392699081698724,3.95660377358491,1,0,0.11,0,0,55.6635821973459,0.630186784388739,5,0,3.95660377358491,0.300000016196601,1.05126629558035,-0.0144042478311292,1.20047236560963,5.62832078906463e-09,0.169730843535355,-0.169999898529889,0.156045511877491,0.16999998225958,-0.115986437037499,0.212675984000452,-0.0849999257258906,0.084999925725269,-0.08499967810649,0.0849999187348281,-0.104271602280496,0.133917752824833,3.95660377358491,1,0,0.11,0,0,44.0600607721947,1.20000001917675,7.32498510337737,1,2.6499786,2,-0.95,1.5
-10,15,0,2,-3.14159265358979,3.14159265358979,0,0.17,-0.17,0.17,0.17,-0.392699081698724,0.392699081698724,-0.085,0.085,-0.085,0.085,-0.392699081698724,0.392699081698724,3.88648648648649,1,0,0.11,0,0,54.4477886977887,0.630186784388739,5,0,3.88648648648649,0.300000003813013,1.03773696018637,-0.0130840416762777,1.21822317965207,1.38351919587504e-09,0.169861901641605,-0.169999976290081,0.141218169285435,0.16999999569945,-0.137406017493727,0.230090715692638,-0.0849999807229291,0.0849999807229273,-0.0849999184106897,0.0849999796024368,-0.12864994909878,0.144628684848279,3.88648648648649,1,0,0.11,0,0,41.9993705838342,1.2000000045598,7.34988985217099,1,10.4036619,2,-1,1.5
-10,15,0,2,-3.14159265358979,3.14159265358979,0,0.17,-0.17,0.17,0.17,-0.392699081698724,0.392699081698724,-0.085,0.085,-0.085,0.085,-0.392699081698724,0.392699081698724,3.82241379310345,1,0,0.11,0,0,53.340013434841,0.630186784388739,5,0,3.82241379310345,0.300000010836442,1.12009832388218,0,0.79002672792319,2.26256191053002e-09,0.16873809966645,-0.169999943363502,0.0939744684973513,0.169999978186736,-0.110982857672816,0.20987783053537,-0.0849999872289002,0.0849999883992577,-0.0849992086037156,0.0849999127661327,-0.110136313588294,0.114154288701329,3.82241379310345,1,0,0.11,0,0,37.4583375555832,1.20000001371519,6.55520907222706,1,7.4436696,2,-1.05,1.5
-10,15,0,2,-3.14159265358979,3.14159265358979,0,0.17,-0.17,0.17,0.17,-0.392699081698724,0.392699081698724,-0.085,0.085,-0.085,0.085,-0.392699081698724,0.392699081698724,3.76363636363636,1,0,0.11,0,0,52.3264462809917,0.630186784388739,5,0,3.76363636363636,0.300000014120543,1.09434637716951,0,0.86725708795547,3.11354502128332e-09,0.168891483702567,-0.169999923846827,0.107852850605381,0.169999969794245,-0.0799956504754749,0.229219921352,-0.0849999814334398,0.0849999831035556,-0.084998922414466,0.084999876643962,-0.114117062211949,0.112537029020806,3.76363636363636,1,0,0.11,0,0,35.6787177247165,1.20000001816143,6.68645598840984,1,6.5344983,2,-1.1,1.5
-10,15,0,2,-3.14159265358979,3.14159265358979,0,0.17,-0.17,0.17,0.17,-0.392699081698724,0.392699081698724,-0.085,0.085,-0.085,0.085,-0.392699081698724,0.392699081698724,3.70952380952381,1,0,0.11,0,0,51.3955392433653,0.630186784388739,5,0,3.70952380952381,0.300000070642522,1.07192046181859,0,0.887197400586835,1.6431994848674e-08,0.169018316599525,-0.169999607240399,0.0883730799539881,0.169999882277583,-0.0866309476669801,0.243054396255391,-0.08499989523698,0.0849999012009668,-0.0849943747640229,0.0849993269972698,-0.119734941760824,0.12743908308058,3.70952380952381,1,0,0.11,0,0,34.1104765097242,1.2000000897396,6.82841205685405,1,10.1184745,0,-1.15,1.5
-10,15,0,2,-3.14159265358979,3.14159265358979,0,0.17,-0.17,0.17,0.17,-0.392699081698724,0.392699081698724,-0.085,0.085,-0.085,0.085,-0.392699081698724,0.392699081698724,3.65954198473282,1,0,0.11,0,0,50.537560721721,0.630186784388739,5,0,3.65954198473282,0.300000007008612,1.01680224452254,-0.0224875089306037,1.19188516105172,2.91121646875676e-09,0.169977609526666,-0.169999952435468,0.0806737265750689,0.169999991215029,-0.227224826327217,0.280014496726956,-0.0849999504434041,0.0849999504415622,-0.0849997628885498,0.0849999406441214,-0.197346562549371,0.228876847727032,3.65954198473282,1,0,0.11,0,0,39.8128188236963,1.20000000854846,7.25478031898465,1,2.3250275,2,-1.2,1.5
-10,15,0,2,-3.14159265358979,3.14159265358979,0,0.17,-0.17,0.17,0.17,-0.392699081698724,0.392699081698724,-0.085,0.085,-0.085,0.085,-0.392699081698724,0.392699081698724,4.72394366197183,1,0,0.11,0,0,69.2256722151088,0.630186784388739,5,0,4.72394366197183,0.300000000797702,1.25864561220334,0,3.09055927282533,7.17986460690258e-10,0.16951175261942,-0.16999998569547,0.16997775613125,0.169999999041908,-0.311843177429189,0.294157056455789,-0.0799481534074161,0.0752413930286207,-0.0849999801469216,0.0849999800127132,-0.166886123994678,0.136552251550431,4.72394366197183,1,0,0.11,0,0,52.0471145585594,1.20000000094395,15.0936632219822,1,3.2836144,2,-0.6,1.75
-10,15,0,2,-3.14159265358979,3.14159265358979,0,0.17,-0.17,0.17,0.17,-0.392699081698724,0.392699081698724,-0.085,0.085,-0.085,0.085,-0.392699081698724,0.392699081698724,4.57105263157895,1,0,0.11,0,0,66.4838976812661,0.630186784388739,5,0,4.57105263157895,0.300000003373634,1.69999898023349,-1.87352067869684,2.93220544985325,3.43156434105267e-10,0.169503237694593,-0.169999953645792,0.169999875018623,0.169999996856234,-0.392650201260467,0.390993369505156,-0.0849815742602756,0.0849996330252944,-0.0849999516359018,0.0849999990710728,-0.392577793149489,0.392583710136976,4.57105263157895,1,0,0.11,0,0,56.5066943439386,1.20000000562705,12.9427237997307,1,6.8660895,0,-0.65,1.75
-10,15,0,2,-3.14159265358979,3.14159265358979,0,0.17,-0.17,0.17,0.17,-0.392699081698724,0.392699081698724,-0.085,0.085,-0.085,0.085,-0.392699081698724,0.392699081698724,4.43703703703704,1,0,0.11,0,0,64.0974025974026,0.630186784388739,5,0,4.43703703703704,0.300000033504314,1.69999880372571,0,3.07539017222553,1.52065590732151e-08,0.165616962292389,-0.169999595889186,0.169999750987007,0.170000064661005,-0.38143138300365,0.328031988649034,-0.0849997755097904,0.0849997750125349,-0.0849999593544588,0.0849999444839802,-0.377213125946949,0.303699082141037,4.43703703703704,1,0,0.11,0,0,52.9496081072876,1.20000005115459,15.3553863511134,1,7.1519555,0,-0.7,1.75
-10,15,0,2,-3.14159265358979,3.14159265358979,0,0.17,-0.17,0.17,0.17,-0.392699081698724,0.392699081698724,-0.085,0.085,-0.085,0.085,-0.392699081698724,0.392699081698724,4.31860465116279,1,0,0.11,0,0,62.0010570824524,0.630186784388739,5,0,4.31860465116279,0.300000006488123,1.69999991464004,-0.321084075430076,3.04860358543401,1.68987010171092e-08,0.168865015908216,-0.169999970801047,0.130677320054123,0.169999995481312,-0.389671515711951,0.392695318218439,-0.0849995534640789,0.0849999559904185,-0.0849997847840599,0.084999422446302,-0.28001763187305,0.392596070983884,4.31860465116279,1,0,0.11,0,0,49.7203480124943,1.20000003313705,12.9628050175432,1,7.5270772,0,-0.75,1.75
-10,15,0,2,-3.14159265358979,3.14159265358979,0,0.17,-0.17,0.17,0.17,-0.392699081698724,0.392699081698724,-0.085,0.085,-0.085,0.085,-0.392699081698724,0.392699081698724,4.21318681318681,1,0,0.11,0,0,60.1447927072927,0.630186784388739,5,0,4.21318681318681,0.300001331045601,1.28032351901806,-0.0664291310468047,3.07416319090749,5.05243344903075e-07,0.167182686554741,-0.168846130942134,0.169989935338992,0.169998712697808,-0.365279056427587,0.376076355744857,-0.0849906932171918,0.0849906919209125,-0.0849881955020183,0.0849906650721331,-0.359954694737033,0.306808476487491,4.21318681318681,1,0,0.11,0,0,46.888988720379,1.2000027165636,15.1831011094561,1,7.1600629,0,-0.8,1.75
-10,15,0,2,-3.14159265358979,3.14159265358979,0,0.17,-0.17,0.17,0.17,-0.392699081698724,0.392699081698724,-0.085,0.085,-0.085,0.085,-0.392699081698724,0.392699081698724,4.11875,1,0,0.11,0,0,58.4894719251337,0.630186784388739,5,0,4.11875,0.300017147542322,1.05667628287521,0,3.14066470151658,7.10232321058926e-06,0.169992540681697,-0.16987319263317,0.164638799696628,0.169993967295119,-0.391632429783527,0.392693454787083,-0.0848200730126705,0.0848883639452602,-0.0849513681539727,0.0849697419318306,-0.39250711685648,0.392435549749641,4.11875,1,0,0.11,0,0,37.7547104793451,1.22671465676681,14.7086059575782,1,6.6945981,0,-0.85,1.75
-10,15,0,2,-3.14159265358979,3.14159265358979,0,0.17,-0.17,0.17,0.17,-0.392699081698724,0.392699081698724,-0.085,0.085,-0.085,0.085,-0.392699081698724,0.392699081698724,4.03366336633663,1,0,0.11,0,0,57.0040504050405,0.630186784388739,5,0,4.03366336633663,0.300000400199654,1.57332165827783,-0.0520052493448696,3.10953781626606,1.28064224036657e-07,0.167912698241993,-0.163534441939082,0.169998039574813,0.169999733863797,-0.387877469906443,0.392698382975724,-0.0849982808898822,0.0849982816755478,-0.0849963629983004,0.0849957886442206,-0.392259255633394,0.391211102894257,4.03366336633663,1,0,0.11,0,0,48.0558468010087,1.20000169760239,15.3178011678215,1,9.0991696,0,-0.9,1.75
-10,15,0,2,-3.14159265358979,3.14159265358979,0,0.17,-0.17,0.17,0.17,-0.392699081698724,0.392699081698724,-0.085,0.085,-0.085,0.085,-0.392699081698724,0.392699081698724,3.95660377358491,1,0,0.11,0,0,55.6635821973459,0.630186784388739,5,0,3.95660377358491,0.300000125466859,1.23555267535985,0,3.14158178688413,3.80873150414209e-08,0.167313517935741,-0.160418695780374,0.169999497306486,0.169999924763701,-0.392683893275477,0.392698987548742,-0.0849995409870117,0.0849995408762684,-0.0849989538341783,0.0849991230806254,-0.392691103399752,0.392691103786838,3.95660377358491,1,0,0.11,0,0,45.6960728332938,1.20000204000131,15.3748245053686,1,11.7276921,0,-0.95,1.75
-10,15,0,2,-3.14159265358979,3.14159265358979,0,0.17,-0.17,0.17,0.17,-0.392699081698724,0.392699081698724,-0.085,0.085,-0.085,0.085,-0.392699081698724,0.392699081698724,3.88648648648649,1,0,0.11,0,0,54.4477886977887,0.630186784388739,5,0,3.88648648648649,0.30000001101289,1.17198009009341,-0.0352307027920943,2.924358326316,5.48805471381133e-09,0.168327848403927,-0.160753323188185,0.169999909159558,0.169999985076917,-0.392695622148583,0.392699073205409,-0.0849999555259604,0.0849999555212329,-0.084999880451563,0.08499986569214,-0.392697385794877,0.392697410703584,3.88648648648649,1,0,0.11,0,0,43.5588401825807,1.20000002304622,13.6121375570565,1,11.1582529,2,-1,1.75
-10,15,0,2,-3.14159265358979,3.14159265358979,0,0.17,-0.17,0.17,0.17,-0.392699081698724,0.392699081698724,-0.085,0.085,-0.085,0.085,-0.392699081698724,0.392699081698724,3.82241379310345,1,0,0.11,0,0,53.340013434841,0.630186784388739,5,0,3.82241379310345,0.300000000957211,1.15899006935219,0,1.79636305319839,4.55489276498907e-10,0.16771490777246,-0.169999988324665,0.0677217992640964,0.169999988324665,-0.392699069811579,0.392699080256476,-0.0758035430977879,0.0440945985700202,-0.0849998213220381,0.0849999838078767,-0.392535551694931,0.392538711460145,3.82241379310345,1,0,0.11,0,0,37.28653159069,1.20000000117943,8.12017799086137,1,7.6357355,2,-1.05,1.75
-10,15,0,2,-3.14159265358979,3.14159265358979,0,0.17,-0.17,0.17,0.17,-0.392699081698724,0.392699081698724,-0.085,0.085,-0.085,0.085,-0.392699081698724,0.392699081698724,3.76363636363636,1,0,0.11,0,0,52.3264462809917,0.630186784388739,5,0,3.76363636363636,0.300000006619336,1.15221456641214,0,1.73345888461953,3.12239782114381e-09,0.169072106521689,-0.169999921928414,0.0665430751828129,0.169999921928414,-0.380717239968594,0.392699068446178,-0.0795090747500611,0.072132773278654,-0.0849995938871758,0.0849997673975277,-0.392699000170452,0.392699000174523,3.76363636363636,1,0,0.11,0,0,35.4507995857243,1.20000000775078,7.94360509235675,1,6.2796631,2,-1.1,1.75
-10,15,0,2,-3.14159265358979,3.14159265358979,0,0.17,-0.17,0.17,0.17,-0.392699081698724,0.392699081698724,-0.085,0.085,-0.085,0.085,-0.392699081698724,0.392699081698724,3.70952380952381,1,0,0.11,0,0,51.3955392433653,0.630186784388739,5,0,3.70952380952381,0.30000128469632,1.60672900105815,-0.334092772596524,3.09011837229494,2.91792783402805e-07,0.169487439746291,-0.169996567435491,0.169990525425388,0.169999242215787,-0.376282079124316,0.392697300198069,-0.0784347921322124,0.0662111733511361,-0.0819449992006773,0.0849978876638752,-0.370726644224879,0.368388898699629,3.70952380952381,1,0,0.11,0,0,42.0544063213739,1.30542621398945,8.06042787826333,0,9.8822044,0,-1.15,1.75
-10,15,0,2,-3.14159265358979,3.14159265358979,0,0.17,-0.17,0.17,0.17,-0.392699081698724,0.392699081698724,-0.085,0.085,-0.085,0.085,-0.392699081698724,0.392699081698724,3.65954198473282,1,0,0.11,0,0,50.537560721721,0.630186784388739,5,0,3.65954198473282,0.300007643038695,1.59456549914987,-0.0301627122694968,3.08130291254978,1.5865751638389e-06,0.16959438286908,-0.169979526444861,0.169948311167211,0.169995582495012,-0.349278895694853,0.392680687340736,-0.0800128384656687,0.0713490186877312,-0.0848589533735177,0.0849905234114508,-0.34615546592034,0.333511247842933,3.65954198473282,1,0,0.11,0,0,40.3114082005706,1.31949216203169,8.06228164011412,0,9.9982096,0,-1.2,1.75
